Measurement Name :,20230625_SDR641_Run02_Plate03_PR_F1F2,,Generated On :,"25/06/2023, 19:11:20",,,Calibration details for Oxygen,,,Report :,"@m01:IDENTIFICATION
Serial number     : SEBX0007000641      
MUX channel       : ON - 01

PARAMETERS
Sig LED current   : 045
Ref LED current   : 095
Frequency         : 060
Sending interval  : 0000
Pulse lenght      : 06
Red REF comp.     : ON
Temperature comp. : ON

FIRMWARE
ver.4.039.A3.ST   : 04/30/07, 09:14:36
@m01:RDY

",,Other Report :,"Start Temperature : 
End Temperature        : 
Start Humidity         : 
End Humidity           : 
Ref.phase Corre        : 1
Dig. Ampl.Factor       : 
Mod. Coarse Freq.      : 
Mod. Fine Freq.        : 
Mod. Shape             : 
Mono or Stero          : 
Phase Shift            : 
Sampling Rate          : 
Temp. Corr Slop Coef   : 
",,,,,,,,,,,,,,,,,
Start Date/Time:,"25/06/2023, 17:44:35",,,,,,Batch No.:  ,PSt5-1624-01_25°C,,,,,,,,,,,,,,,,,,,,,,,
End Date/Time:,"25/06/2023, 19:11:04",,,,,,O2_cal0 [°],54.76,,Adjustment at ,100, % air saturation,,,,,,,,,,,,,,,,,,,
User Comment :,0,,Meas. Created By :,admin,,,O2_cal2nd [°],47.47,,Adjustment at ,33, °C,,,,,,,,,,,,,,,,,,,
SDR Serial No. :,S-641,,,,,,O2_T0 [°C],24.8,,Adjustment at ,965, mbar,,,,,,,,,,,,,,,,,,,
Parameter :,Oxygen [cO2 [µmol/L]],,,,,,O2_T2nd [°C],24.8,,,,,,,,,,,,,,,,,,,,,,,
,,,,,,,O2_patm [mbar],965,,,,,,,,,,,,,,,,,,,,,,,
,,,,,,,O2_2nd [% a.s.],100,,,,,,,,,,,,,,,,,,,,,,,
,,,,,,,,,,,,,,,,,,,,,,,,,,,,,,,
,,,,,,,,,,,,,,,,,,,,,,,,,,,,,,,
OPA Phase values  ,,45.55,45.42,45.34,45.37,45.42,45.41,45.27,45.06,45.54,45.55,45.31,45.29,45.54,45.58,45.45,45.2,45.38,45.52,45.29,46.05,45.27,45.42,45.21,45.13,,,,,,
,,,,,,,,,,,,,,,,,,,,,,,,,,,,,,,
Date/Time,Time/Min.,A1,B1,C1,D1,A2,B2,C2,D2,A3,B3,C3,D3,A4,B4,C4,D4,A5,B5,C5,D5,A6,B6,C6,D6,,Tm [°C],p [mbar],Salinity [g/1000g],T_internal [°C],Error
25.06.23 17:44:37,0.03,166.82,163.51,162.38,166.18,166.64,165.92,164.57,167.26,169.77,170.26,165.26,166.94,164.88,163.88,164.21,157.14,170.52,162.23,168.85,173.31,167.18,171.73,168.15,171.49,,33,965,33,29.58,
25.06.23 17:44:52,0.28,169.03,166.16,165,169.07,167.36,167.61,166.23,170.08,174.2,170.26,167.65,169.57,166.1,166.81,165.9,160.86,172.7,164.41,169.81,175.39,167.42,174.66,171.01,173.86,,33,965,33,29.26,
25.06.23 17:45:07,0.53,170.75,168.33,167.39,170.76,169.06,169.3,168.61,171.25,176.19,173.22,169.32,170.77,167.56,166.08,168.32,163.21,176.61,166.35,173.17,177.48,171.01,178.6,174.36,175.77,,33,965,33,29.11,
25.06.23 17:45:22,0.78,173.22,171.49,169.08,172.94,171,172.46,169.57,173.38,178.18,174.46,171.01,173.42,170.5,168.53,170.27,164.85,177.34,167.57,174.87,180.37,173.65,179.84,173.88,179.38,,33,965,33,29.04,
25.06.23 17:45:37,1.03,173.96,173.68,171,174.4,172.71,174.17,171.01,175.99,178.93,175.95,171.73,174.14,170.26,169.27,171,165.79,179.07,169.03,175.35,182.22,174.14,180.33,176.53,180.1,,33,965,33,29.01,
25.06.23 17:45:52,1.28,175.2,173.68,171.49,177.09,173.68,174.66,172.45,176.46,180.93,176.94,173.18,174.63,170.75,169.27,172.47,166.74,178.82,170.75,175.35,183.01,177.04,183.31,177.5,181.55,,33,965,33,28.97,
25.06.23 17:46:07,1.53,176.19,175.15,172.46,177.34,174.42,175.4,173.9,177.18,181.19,177.94,172.94,176.08,171.73,170.75,173.2,168.4,181.04,170.26,177.54,183.54,178.26,184.56,178.71,182.28,,33,965,33,28.97,
25.06.23 17:46:22,1.78,175.95,175.89,173.18,177.83,176.14,175.64,174.62,177.65,181.44,178.94,173.9,176.08,172.47,171.24,172.71,167.92,179.81,171.49,178.51,183.28,175.1,184.81,179.19,183.73,,33,965,33,28.97,
25.06.23 17:46:37,2.03,177.19,176.38,174.4,178.81,176.87,177.11,175.1,178.13,181.69,179.69,174.39,177.54,175.2,171.24,174.67,169.11,182.28,171.98,179.25,184.6,179.23,186.06,179.68,182.76,,33,965,33,28.99,
25.06.23 17:46:52,2.28,178.44,178.11,175.13,179.3,178.6,177.61,176.31,179.33,182.44,180.69,175.36,177.3,173.71,172.73,174.43,171.25,182.77,173.21,180.96,183.81,177.77,185.56,180.89,184.71,,33,965,33,29.01,
25.06.23 17:47:08,2.55,178.69,179.59,174.88,179.8,179.09,178.1,176.31,179.81,183.2,181.45,175.6,178.27,171.98,172.23,176.64,171.73,182.77,172.47,179.98,183.81,176.8,183.31,179.92,182.03,,33,965,33,29.01,
25.06.23 17:47:23,2.8,179.44,180.33,175.37,181.28,179.84,178.59,176.31,180.29,185.22,181.7,176.58,178.51,172.47,171.24,177.88,173.88,182.28,172.23,181.7,184.87,175.83,183.31,181.38,182.76,,33,965,33,29.05,
25.06.23 17:47:38,3.05,180.44,181.32,175.37,181.28,179.84,178.1,176.8,181.97,184.96,183.21,176.09,179.25,173.96,171.49,178.87,176.52,184.02,172.23,181.94,184.6,178.99,186.06,182.11,185.44,,33,965,33,29.08,
25.06.23 17:47:53,3.3,179.69,181.32,176.1,181.53,180.08,179.58,177.29,182.21,184.46,184.22,177.06,179.25,174.7,172.48,179.86,176.04,183.02,172.97,183.42,185.4,180.45,186.06,183.58,184.95,,33,965,33,29.11,
25.06.23 17:48:08,3.55,180.94,180.33,176.59,182.02,179.59,179.33,178.26,181.97,184.21,182.45,177.31,179.49,172.97,171.74,181.35,175.32,183.52,173.46,181.94,187,180.7,186.06,181.87,185.44,,33,965,33,29.15,
25.06.23 17:48:23,3.8,181.19,181.57,177.08,182.52,179.59,180.57,179.23,182.93,185.22,184.98,178.28,178.76,172.47,172.23,180.36,177.97,182.53,173.95,182.93,186.46,180.21,186.56,182.6,186.9,,33,965,33,29.18,
25.06.23 17:48:38,4.05,180.94,181.82,176.83,182.76,179.84,180.82,178.75,183.17,185.22,184.47,177.31,180.23,171.49,171.49,182.1,177.25,182.03,173.95,182.93,186.2,179.97,185.31,181.62,185.68,,33,965,33,29.18,
25.06.23 17:48:53,4.3,180.44,181.57,177.08,182.52,180.08,180.32,180.21,183.9,183.95,183.97,177.31,179.25,172.72,172.23,181.85,177.01,182.28,175.44,183.67,186.2,178.75,183.81,182.11,185.19,,33,965,33,29.21,
25.06.23 17:49:08,4.55,180.94,180.58,177.08,183.01,180.58,179.83,179.97,183.42,185.22,186.5,177.55,181.45,172.97,172.97,181.35,176.52,178.08,174.45,184.65,186.46,178.99,181.57,183.33,187.39,,33,965,33,29.22,
25.06.23 17:49:23,4.8,180.69,181.08,176.59,182.76,180.08,179.83,179.97,183.66,184.21,185.74,178.04,179.98,172.72,173.22,181.6,177.97,180.05,173.71,183.91,186.2,178.99,183.56,183.33,186.17,,33,965,33,29.26,
25.06.23 17:49:38,5.05,180.69,181.08,176.59,183.76,179.34,179.09,180.45,184.38,184.46,186.24,177.79,180.96,172.47,174.46,182.85,177.01,180.79,173.71,183.42,185.4,179.72,179.34,182.11,187.39,,33,965,33,29.28,
25.06.23 17:49:53,5.3,179.44,181.57,176.35,182.52,182.07,180.08,180.45,183.9,184.21,186.24,177.31,181.45,171.98,174.71,183.35,178.22,179.31,172.23,183.17,185.93,179.48,182.32,185.54,188.13,,33,965,33,29.3,
25.06.23 17:50:08,5.55,178.94,181.82,176.1,184,181.82,182.81,180.94,184.14,184.96,187.01,177.55,181.94,171.49,174.71,183.6,180.4,180.05,171.98,185.15,188.33,181.68,181.08,184.56,187.64,,33,965,33,29.35,
25.06.23 17:50:23,5.8,179.69,181.08,176.83,183.76,182.07,182.81,181.19,185.84,185.22,186.5,177.06,181.21,170.5,174.71,182.6,178.94,182.53,173.71,185.64,187.26,180.21,178.85,183.82,185.93,,33,965,33,29.36,
25.06.23 17:50:38,6.05,180.19,181.08,176.59,184.5,181.08,181.07,180.7,185.59,184.96,188.79,176.58,181.45,170.26,173.47,181.6,178.46,177.84,172.97,186.14,188.33,179.72,181.82,184.56,187.15,,33,965,33,29.4,
25.06.23 17:50:53,6.3,179.94,180.33,176.35,183.51,180.83,180.08,181.19,185.84,184.21,187.77,176.58,181.45,168.3,174.22,182.1,177.25,178.33,173.46,187.13,185.67,177.29,183.56,182.11,185.19,,33,965,33,29.41,
25.06.23 17:51:08,6.55,179.69,180.58,175.61,183.01,179.59,179.58,181.68,185.59,184.46,188.02,178.04,180.23,168.54,173.47,181.6,176.04,177.1,173.21,185.15,187.8,177.77,183.31,181.62,187.64,,33,965,33,29.43,
25.06.23 17:51:23,6.8,179.19,181.08,175.37,183.26,179.34,181.07,181.19,185.35,183.45,189.04,177.31,180.96,167.81,173.72,181.85,177.01,178.08,173.21,183.67,187.26,178.99,183.81,182.35,186.66,,33,965,33,29.43,
25.06.23 17:51:38,7.05,179.69,180.33,175.37,183.76,178.35,179.58,182.17,185.59,183.95,187.01,177.31,180.47,168.3,173.47,181.85,176.28,179.81,172.47,185.15,187,176.56,181.82,182.84,186.41,,33,965,33,29.47,
25.06.23 17:51:53,7.3,179.19,178.85,175.61,183.51,179.84,180.32,181.92,186.32,182.44,188.53,178.77,181.45,169.03,171.24,182.1,177.73,178.57,171,184.9,186.46,178.26,179.59,180.65,186.9,,33,965,33,29.49,
25.06.23 17:52:08,7.55,179.69,179.09,174.88,183.01,180.08,180.57,182.17,186.32,183.2,187.77,177.31,181.7,167.56,169.51,182.85,178.22,177.84,171,184.9,188.33,177.29,183.06,181.87,188.86,,33,965,33,29.51,
25.06.23 17:52:23,7.8,179.19,179.34,174.88,184,179.84,179.58,182.41,186.08,182.69,189.55,176.33,181.21,165.61,170.25,181.35,176.28,180.55,170.51,185.89,187.53,178.99,179.09,181.14,187.88,,33,965,33,29.57,
25.06.23 17:52:38,8.05,179.19,179.84,174.4,183.51,180.83,180.32,182.17,185.35,183.2,188.79,176.09,181.7,165.61,169.51,181.6,176.77,179.81,171.49,187.38,186.73,177.77,180.58,184.8,186.17,,33,965,33,29.58,
25.06.23 17:52:53,8.3,179.19,179.09,175.61,182.76,181.57,181.56,182.17,187.29,182.69,189.81,175.6,181.94,165.12,170.99,183.1,177.49,177.1,170.51,187.13,186.2,178.75,180.33,181.14,188.13,,33,965,33,29.61,
25.06.23 17:53:08,8.55,178.44,177.61,174.64,183.01,181.57,181.81,182.17,186.81,181.69,189.04,174.63,181.21,166.34,169.76,181.6,175.08,177.1,171.73,186.14,185.13,178.26,177.37,181.87,188.62,,33,965,33,29.61,
25.06.23 17:53:23,8.8,178.19,177.61,173.91,183.76,181.82,182.81,181.68,186.81,182.95,189.3,174.63,181.94,166.83,169.51,182.85,176.52,175.38,170.51,187.13,185.93,178.99,176.38,180.41,185.19,,33,965,33,29.63,
25.06.23 17:53:38,9.05,178.19,177.12,173.18,183.01,182.57,182.56,182.91,187.54,182.69,189.55,174.39,181.94,166.58,170.25,182.35,176.52,177.1,170.01,186.63,186.46,178.01,176.87,181.87,187.64,,33,965,33,29.65,
25.06.23 17:53:53,9.3,177.69,177.37,173.18,182.52,180.33,181.56,181.68,187.29,182.44,190.06,175.85,180.96,163.91,168.04,181.35,175.08,175.14,170.26,186.63,186.73,179.23,175.64,180.65,187.39,,33,965,33,29.65,
25.06.23 17:54:08,9.55,177.69,176.63,173.91,183.26,179.34,179.33,182.17,187.05,182.69,189.55,174.63,180.47,165.12,168.04,182.35,176.28,179.56,168.79,186.38,187.26,177.53,175.64,180.16,186.17,,33,965,33,29.68,
25.06.23 17:54:23,9.8,176.94,176.63,172.7,182.52,179.59,178.59,182.17,187.54,181.94,190.57,175.85,180.72,166.1,168.28,183.35,175.8,177.84,168.55,187.87,187.8,179.97,174.66,183.09,187.88,,33,965,33,29.71,
25.06.23 17:54:38,10.05,177.44,176.63,171.97,183.26,177.86,178.1,181.92,187.29,181.69,190.83,175.6,181.45,163.66,168.28,184.6,176.04,176.61,167.81,186.88,186.2,177.53,172.46,181.38,187.64,,33,965,33,29.75,
25.06.23 17:54:53,10.3,176.69,176.63,172.46,182.27,178.85,178.59,182.91,187.54,182.95,190.06,176.33,180.47,164.39,168.04,183.6,175.32,175.87,168.79,187.13,184.87,178.75,171.24,179.19,188.62,,33,965,33,29.76,
25.06.23 17:55:08,10.55,176.94,176.63,172.7,181.77,179.59,178.35,183.15,188.76,182.95,192.11,177.06,181.21,166.34,168.28,185.1,174.36,174.65,168.06,187.63,185.13,177.77,172.22,181.14,188.37,,33,965,33,29.79,
25.06.23 17:55:23,10.8,176.69,176.38,172.94,182.27,179.59,179.83,182.91,188.03,182.95,190.06,179.51,180.23,164.64,167.55,184.85,176.77,175.63,167.08,187.38,185.4,178.26,170.51,182.35,187.64,,33,965,33,29.8,
25.06.23 17:55:38,11.05,176.44,177.12,171.97,182.02,178.6,178.1,182.17,187.78,182.69,190.83,179.02,180.72,164.39,167.3,184.6,176.04,175.14,167.57,187.38,183.01,178.75,168.33,179.68,186.9,,33,965,33,29.83,
25.06.23 17:55:53,11.3,176.94,176.38,171.25,180.04,176.63,178.35,183.15,188.27,182.19,190.83,178.53,180.72,165.85,165.34,184.6,175.08,175.63,167.81,187.13,182.48,179.23,169.54,181.62,185.19,,33,965,33,29.83,
25.06.23 17:56:08,11.55,176.69,176.63,170.76,181.77,176.14,179.83,181.92,188.03,181.94,189.55,178.04,180.47,164.88,165.59,185.1,175.08,175.38,166.35,187.63,180.37,177.29,168.57,179.92,186.17,,33,965,33,29.86,
25.06.23 17:56:23,11.8,177.69,176.63,171.25,182.52,176.63,179.58,182.41,188.27,180.68,191.09,178.77,180.47,164.64,163.88,183.85,174.12,173.68,167.08,187.63,182.48,175.59,169.79,178.22,184.95,,33,965,33,29.88,
25.06.23 17:56:38,12.05,177.19,176.63,171.97,181.77,176.87,179.83,182.41,188.03,181.44,191.09,178.77,180.96,161.73,163.63,184.1,174.36,173.68,166.59,187.13,184.34,178.75,167.12,182.35,184.95,,33,965,33,29.9,
25.06.23 17:56:53,12.3,176.94,176.87,171.25,181.28,175.4,179.83,183.15,187.54,181.19,190.57,180,179.25,161,162.17,184.85,173.16,176.85,165.62,188.87,184.6,176.31,171,180.16,185.68,,33,965,33,29.91,
25.06.23 17:57:08,12.55,176.44,177.12,171.49,181.28,175.89,179.09,182.17,189,180.93,190.83,179.26,181.21,159.56,161.93,184.85,171.97,176.12,165.38,188.12,183.54,175.35,168.57,177.5,187.15,,33,965,33,29.96,
25.06.23 17:57:23,12.8,176.44,177.37,170.28,179.55,176.38,179.58,183.15,188.76,181.19,191.09,178.28,180.72,158.35,161.69,185.85,172.2,176.12,163.68,187.87,183.81,177.77,170.76,178.46,188.13,,33,965,33,29.97,
25.06.23 17:57:38,13.05,176.19,176.87,169.32,178.57,175.15,180.57,182.17,189.25,180.68,190.57,177.31,179.49,157.39,161.69,184.35,171.49,172.95,163.92,189.12,184.87,177.04,167.85,179.68,187.15,,33,965,33,30,
25.06.23 17:57:53,13.3,176.44,176.87,169.08,178.57,174.66,179.58,182.91,189,181.19,189.81,177.55,180.96,155.96,160.48,186.36,172.44,173.19,165.38,188.87,183.28,177.77,168.09,177.74,187.88,,33,965,33,30.01,
25.06.23 17:58:08,13.55,175.7,176.87,168.35,177.58,176.14,178.84,182.91,189,179.68,191.6,176.82,179,156.68,159.75,184.35,171.01,172.7,165.38,189.12,183.01,176.07,168.09,180.41,185.19,,33,965,33,30.03,
25.06.23 17:58:23,13.8,175.2,176.38,168.11,177.83,175.64,179.09,182.91,188.51,180.18,190.57,175.85,179.98,155.24,161.69,186.36,172.68,173.92,163.92,187.63,184.07,177.04,167.36,178.46,186.17,,33,965,33,30.04,
25.06.23 17:58:38,14.05,174.46,176.63,167.63,178.57,176.38,177.61,181.92,188.51,179.18,191.34,175.36,179.74,154.29,161.2,186.86,171.73,171.73,163.44,186.88,185.4,175.1,166.4,177.5,186.66,,33,965,33,30.04,
25.06.23 17:58:53,14.3,174.95,176.63,168.35,177.83,177.12,178.1,182.41,188.51,177.43,192.11,175.85,178.76,154.53,160.24,185.1,170.53,173.19,164.16,187.87,185.67,177.29,167.61,176.05,187.64,,33,965,33,30.05,
25.06.23 17:59:08,14.55,174.21,175.4,168.11,177.83,177.12,177.36,182.91,189,178.18,191.09,175.36,179.25,154.29,159.51,185.35,170.77,174.16,162.95,188.12,184.6,177.29,168.57,178.22,186.17,,33,965,33,30.08,
25.06.23 18:01:06,16.52,17.8,185.81,< 0 µmol,224.58,< 0 µmol,< 0 µmol,93.87,290.8,< 0 µmol,< 0 µmol,63.45,391.02,< 0 µmol,489.44,601.88,< 0 µmol,538.72,< 0 µmol,263.57,0,210.95,> 707.6 µmol,< 0 µmol,401.96,,33,965,33,30.21,965D6-(E1);
25.06.23 18:01:21,16.77,85.66,689.5,521.44,673.05,526.91,48.91,635.38,> 707.6 µmol,660.75,592.46,183.19,> 707.6 µmol,538.36,567.45,< 0 µmol,< 0 µmol,< 0 µmol,1.01,447.58,< 0 µmol,< 0 µmol,< 0 µmol,135.57,> 707.6 µmol,,33,965,33,30.22,965D6-(E1);
25.06.23 18:01:36,17.02,71.29,326.29,151.58,< 0 µmol,< 0 µmol,< 0 µmol,< 0 µmol,244.52,< 0 µmol,275.28,< 0 µmol,222.6,< 0 µmol,593.49,144.38,565.79,< 0 µmol,< 0 µmol,375.23,554.09,< 0 µmol,< 0 µmol,< 0 µmol,< 0 µmol,,33,965,33,30.26,965D6-(E1);
25.06.23 18:01:51,17.27,3.3,194.66,151.35,82.68,238.78,< 0 µmol,339.97,166.1,613.87,> 707.6 µmol,> 707.6 µmol,< 0 µmol,< 0 µmol,< 0 µmol,< 0 µmol,385.06,139.75,> 707.6 µmol,233.9,387.53,< 0 µmol,< 0 µmol,< 0 µmol,< 0 µmol,,33,965,33,30.28,965D6-(E1);
25.06.23 18:02:29,17.9,25.13,131.92,< 0 µmol,10.49,31.96,< 0 µmol,< 0 µmol,362.41,128.96,> 707.6 µmol,< 0 µmol,< 0 µmol,77.49,> 707.6 µmol,531.94,< 0 µmol,22.19,> 707.6 µmol,> 707.6 µmol,121.94,392.11,43.68,< 0 µmol,358.72,,33,965,33,30.29,965D6-(E1);
25.06.23 18:02:44,18.15,345.53,< 0 µmol,148.57,354.29,> 707.6 µmol,> 707.6 µmol,261.4,< 0 µmol,17.42,98.74,532.5,> 707.6 µmol,< 0 µmol,> 707.6 µmol,644.54,17.98,218.47,134.27,> 707.6 µmol,396.61,< 0 µmol,< 0 µmol,< 0 µmol,608.39,,33,965,33,30.29,965D6-(E1);
25.06.23 18:03:06,18.52,80.07,155.43,241.06,115.36,252.55,0,297.86,104.71,67.16,282.22,427.88,46.97,21.6,146.15,45.95,439.61,563.51,94.5,> 707.6 µmol,233.09,377.01,> 707.6 µmol,151.82,< 0 µmol,,33,965,33,30.29,965D6-(E1);
25.06.23 18:03:42,19.12,379.16,353.71,244.39,222.7,371.82,427.31,165.28,188.03,150.96,38.78,231.83,160.31,130.55,235.03,277.91,162.74,185.01,303.54,194.38,164.28,156.82,178.85,169.58,129.48,,33,965,33,30.26,965D6-(E1);
25.06.23 18:03:57,19.37,146.7,2.2,338.66,119.49,307.69,467.18,157.05,< 0 µmol,23.44,94.7,84.8,400.19,293.15,69.16,160.14,< 0 µmol,< 0 µmol,156.47,57.9,4.12,122.8,17.12,110.9,65.66,,33,965,33,30.22,965D6-(E1);
25.06.23 18:04:35,20,< 0 µmol,30.86,68.79,79.24,167.12,178.1,51.13,85.63,< 0 µmol,< 0 µmol,24.64,66.17,< 0 µmol,101.32,72.67,146.59,76.94,150.06,55.24,< 0 µmol,94.28,71.97,< 0 µmol,87.06,,33,965,33,30.19,965D6-(E1);
25.06.23 18:04:50,20.25,136.69,< 0 µmol,11.49,198.88,0,< 0 µmol,369.61,26.91,232.02,0,113.1,51.08,227.06,65.74,176.4,217.72,< 0 µmol,12.51,207.39,95.58,< 0 µmol,< 0 µmol,123.73,81.32,,33,965,33,30.16,965D6-(E1);
25.06.23 18:05:05,20.5,369.85,220.52,155.08,10.49,3.41,< 0 µmol,545.82,248.63,138.57,554.82,92.34,109.17,63.36,71.39,266.07,112.43,< 0 µmol,107.56,211.8,342.64,324.92,0,201.26,167.71,,33,965,33,30.15,965D6-(E1);
25.06.23 18:05:26,20.85,134.85,235.47,137.61,391.78,115.75,99.73,37.99,228.13,658.49,415.63,28.22,3.52,65.36,< 0 µmol,70.67,114.55,156.19,636.17,197.92,< 0 µmol,269.48,117.93,> 707.6 µmol,124.29,,33,965,33,30.14,965D6-(E1);
25.06.23 18:05:41,21.1,110.86,18.73,< 0 µmol,51.47,< 0 µmol,< 0 µmol,< 0 µmol,27.08,189.28,184.98,15.8,16.98,229.54,80.83,11.32,210.18,451.26,< 0 µmol,< 0 µmol,< 0 µmol,482.64,67,22.89,51.43,,33,965,33,30.14,965D6-(E1);
25.06.23 18:05:56,21.35,0,78.19,206.26,112.34,54.72,16.21,< 0 µmol,65.79,434.52,542.43,84.4,171.49,94.56,< 0 µmol,20.43,79.74,144.56,< 0 µmol,217.56,89.75,7.09,507.03,174.84,111.35,,33,965,33,30.15,965D6-(E1);
25.06.23 18:06:11,21.6,< 0 µmol,287.26,70.96,< 0 µmol,< 0 µmol,< 0 µmol,121.72,< 0 µmol,210.08,< 0 µmol,240.32,123.15,251.16,19.34,413.52,454.4,390.51,73.61,372.76,480.06,> 707.6 µmol,171.49,< 0 µmol,102.01,,33,965,33,30.14,965D6-(E1);
25.06.23 18:06:26,21.85,346.55,5.32,252.53,172.94,< 0 µmol,< 0 µmol,145.06,< 0 µmol,421.2,> 707.6 µmol,17.56,600.14,112.67,< 0 µmol,548.84,< 0 µmol,213.18,27.41,429.79,< 0 µmol,256.27,9.34,< 0 µmol,35.83,,33,965,33,30.15,965D6-(E1);
25.06.23 18:06:42,22.12,274.68,301.73,47.3,275.66,338.5,194.63,> 707.6 µmol,69.77,1.71,27.34,16.33,> 707.6 µmol,208.49,226.45,< 0 µmol,37.63,119.23,205.27,85.98,511.69,73.4,527.83,655.31,< 0 µmol,,33,965,33,30.15,965D6-(E1);
25.06.23 18:07:31,22.93,68.46,< 0 µmol,109.72,0,< 0 µmol,297.26,< 0 µmol,< 0 µmol,441.69,< 0 µmol,36.01,132.18,< 0 µmol,299.22,234.81,255.74,452.88,69.97,68.7,479.63,59.45,122.11,< 0 µmol,58.68,,33,965,33,30.15,965D6-(E1);
25.06.23 18:08:35,24,166.34,179.84,171.25,171.73,174.91,175.64,190.83,181.01,182.95,196.49,170.04,181.21,139.49,147.57,177.14,168.16,164.74,165.13,181.21,180.9,176.8,151.2,176.05,188.37,,33,965,33,30.1,965D6-(E1);
25.06.23 18:08:51,24.27,175.2,183.31,174.64,181.03,177.37,168.82,173.9,192.93,175.69,169.52,170.28,184.9,139.73,153.74,193.7,170.53,164.02,152.66,176.32,181.96,160.8,164.47,169.1,183.98,,33,965,33,30.11,965D6-(E1);
25.06.23 18:09:06,24.52,169.52,182.07,177.08,183.51,178.85,180.08,185.62,186.08,175.69,172.47,172.94,179.49,135.8,148.75,187.36,172.2,167.86,149.59,187.63,184.07,167.42,172.71,171.97,182.03,,33,965,33,30.13,965D6-(E1);
25.06.23 18:09:21,24.77,174.7,175.89,169.08,170.52,174.42,164.96,183.64,182.21,171.73,190.32,165.26,175.35,133.74,147.1,169.54,169.11,160.21,148.65,191.37,181.96,171.49,155.9,171.01,186.41,,33,965,33,30.15,965D6-(E1);
25.06.23 18:09:36,25.02,164.87,181.32,170.52,178.57,169.3,179.58,181.43,186.08,189.53,185.99,165.26,174.14,139.49,152.31,182.85,172.68,160.69,158.14,185.89,179.06,161.03,159.93,172.68,177.45,,33,965,33,30.16,965D6-(E1);
25.06.23 18:09:51,25.27,162.69,170.51,171.25,176.11,171.24,171.73,179.72,185.11,189.28,191.09,164.55,167.41,141.35,139.14,171.98,166.74,156.9,152.66,180.23,177.22,161.74,159.69,171.25,182.52,,33,965,33,30.19,965D6-(E1);
25.06.23 18:10:06,25.52,168.05,180.83,165.48,174.89,170.27,173.93,179.72,187.29,175.2,176.44,162.88,176.57,144.85,158.3,180.61,172.92,164.26,151.95,183.67,185.4,174.62,172.22,172.44,187.39,,33,965,33,30.19,965D6-(E1);
25.06.23 18:10:21,25.77,166.09,180.58,160.73,174.89,171,172.71,188.09,184.62,180.93,181.19,172.45,176.32,140.65,150.17,165.42,167.92,160.92,156.94,190.12,180.9,165.28,161.36,171.73,189.11,,33,965,33,30.22,965D6-(E1);
25.06.23 18:10:36,26.02,166.09,178.11,170.04,172.94,177.61,186.3,180.45,187.05,186.23,191.09,167.41,173.42,140.19,148.99,175.41,164.14,160.92,152.9,182.93,188.87,166.95,162.32,162.49,176.97,,33,965,33,30.22,965D6-(E1);
25.06.23 18:10:51,26.27,168.29,174.91,177.57,174.4,183.81,181.07,178.01,187.78,175.94,194.43,168.6,180.47,141.12,144.74,180.36,167.68,166.42,155.99,181.7,178.53,167.42,158.03,160.62,177.21,,33,965,33,30.24,965D6-(E1);
25.06.23 18:11:06,26.52,167.56,174.91,174.88,180.78,179.84,176.87,180.45,190.22,183.2,176.69,168.84,180.23,140.19,144.51,175.9,168.4,174.41,162.95,188.62,184.07,180.7,153.07,171.01,183,,33,965,33,30.26,965D6-(E1);
25.06.23 18:11:21,26.77,174.21,176.87,169.08,181.77,184.56,190.58,185.37,192.19,180.93,175.45,168.84,174.38,152.62,157.1,189.13,174.84,171.73,168.79,193.37,188.87,166.71,168.09,179.19,178.17,,33,965,33,30.28,965D6-(E1);
25.06.23 18:11:36,27.02,171.98,187.82,172.7,176.11,171.98,174.42,183.15,184.62,177.93,181.95,172.21,183.67,139.26,150.65,183.1,168.4,164.5,160.3,191.37,185.93,164.1,166.64,173.4,179.86,,33,965,33,30.28,965D6-(E1);
25.06.23 18:11:51,27.27,172.47,173.68,174.15,173.92,170.27,176.62,181.92,187.05,175.69,194.68,164.07,180.96,136.95,150.65,173.94,166.5,164.02,165.13,184.65,184.87,147.8,176.14,177.25,182.76,,33,965,33,30.3,965D6-(E1);
25.06.23 18:12:06,27.52,171.49,184.06,179.53,172.22,174.66,187.55,192.08,188.27,181.19,194.94,171.25,182.68,139.03,150.17,177.38,181.61,174.41,156.23,172.21,185.93,167.42,164.95,171.49,181.79,,33,965,33,30.32,965D6-(E1);
25.06.23 18:12:21,27.77,173.22,186.06,176.35,180.29,173.93,171.97,184.87,182.69,183.2,192.37,166.69,178.76,143.68,147.1,178.37,171.49,170.76,158.62,198.68,187.26,174.86,152.6,175.08,186.9,,33,965,33,30.3,965D6-(E1);
25.06.23 18:12:36,28.02,177.44,173.44,166.92,176.6,173.68,178.84,182.91,191.2,173.96,184.98,158.87,177.78,127.6,151.12,168.81,170.3,173.19,161.99,187.38,179.32,158.68,163.75,154.12,184.22,,33,965,33,30.33,965D6-(E1);
25.06.23 18:12:51,28.27,170.5,180.83,174.88,181.28,181.82,181.07,180.21,186.56,180.43,181.19,162.17,181.21,131.91,148.28,183.1,169.34,164.26,163.68,176.57,184.87,165.99,171.73,166.73,179.38,,33,965,33,30.33,965D6-(E1);
25.06.23 18:13:06,28.52,171.98,187.57,172.7,176.36,173.68,179.09,178.75,193.17,182.95,182.45,155.36,181.7,134.66,149.22,185.35,164.62,160.21,155.27,196.9,177.48,162.68,157.08,164.61,187.88,,33,965,33,30.35,965D6-(E1);
25.06.23 18:13:21,28.77,169.52,168.33,164.53,175.38,176.38,163.52,190.08,184.87,178.93,173.71,162.17,175.11,135.12,145.21,182.6,168.4,156.19,149.59,177.78,171.49,158.22,157.55,168.15,180.1,,33,965,33,30.36,965D6-(E1);
25.06.23 18:13:36,29.02,169.52,179.09,169.8,174.4,172.95,174.91,187.84,186.81,188.77,172.97,153.73,179.74,132.83,139.37,180.36,173.4,161.16,156.7,172.45,175.65,157.05,157.32,159.45,178.65,,33,965,33,30.38,965D6-(E1);
25.06.23 18:13:51,29.27,171.98,172.46,168.11,172.46,169.79,173.19,176.31,185.11,179.68,165.6,162.88,165.51,134.89,141.23,179.61,173.64,153.38,161.75,175.84,181.43,153.1,154.72,172.44,183.49,,33,965,33,30.38,965D6-(E1);
25.06.23 18:14:06,29.52,171.49,180.08,170.76,174.65,176.14,180.32,179.97,187.29,179.18,179.44,158.87,180.47,139.26,144.04,185.85,175.8,160.69,156.47,192.12,180.9,169.33,162.56,168.63,184.71,,33,965,33,30.36,965D6-(E1);
25.06.23 18:14:21,29.77,172.72,184.31,175.61,175.14,179.09,181.31,181.68,190.22,187.75,176.44,162.65,185.64,140.88,137.05,175.41,178.22,159.26,172.23,178.76,187,176.07,170.76,165.32,178.65,,33,965,33,30.39,965D6-(E1);
25.06.23 18:14:36,30.02,174.21,175.15,170.76,175.14,164.23,189.82,183.15,185.35,176.69,200.13,161.94,183.17,137.88,150.65,187.36,174.6,160.21,159.1,184.41,185.67,157.75,163.99,165.79,181.79,,33,965,33,30.4,965D6-(E1);
25.06.23 18:14:51,30.27,176.94,186.31,178.3,179.06,178.85,185.55,190.83,190.47,176.94,185.99,166.21,189.62,144.61,152.55,187.11,186.02,170.03,165.62,194.13,191.28,165.76,168.82,178.22,194.3,,33,965,33,30.4,965D6-(E1);
25.06.23 18:15:06,30.52,174.95,176.87,171,182.27,162.56,175.4,183.64,178.61,177.93,163.66,152.8,171.01,135.8,150.65,179.61,178.46,167.14,160.78,185.15,181.96,163.39,161.36,171.97,185.44,,33,965,33,30.41,965D6-(E1);
25.06.23 18:15:21,30.77,167.56,171,160.73,170.76,168.09,179.83,174.62,181.25,173.46,161.23,152.8,166.7,119.52,141.46,180.85,165.56,158.79,142.8,191.62,180.11,176.07,154.01,173.64,181.07,,33,965,33,30.43,965D6-(E1);
25.06.23 18:15:36,31.02,171.73,179.09,168.11,176.36,180.08,180.57,190.08,184.87,181.19,179.44,149.56,176.08,130.55,141.46,175.9,171.01,166.9,156.94,183.42,176.7,165.04,173.93,168.39,182.28,,33,965,33,30.44,965D6-(E1);
25.06.23 18:15:51,31.27,174.7,171,169.32,181.53,168.82,171,182.17,187.54,187.24,174.46,156.06,182.68,132.6,144.74,186.86,178.46,163.3,158.38,180.23,182.22,157.98,162.32,178.46,186.41,,33,965,33,30.43,965D6-(E1);
25.06.23 18:16:06,31.52,166.58,174.91,163.1,177.83,176.38,178.84,186.6,186.56,182.44,180.94,161.23,181.7,126.24,143.1,188.12,171.97,164.5,150.77,181.21,175.39,169.09,165.44,169.82,185.93,,33,965,33,30.43,965D6-(E1);
25.06.23 18:16:21,31.77,169.03,174.42,165.48,177.83,168.82,178.35,182.41,185.59,183.7,179.94,156.06,174.38,139.26,151.83,186.36,173.16,171.49,155.51,188.12,175.65,163.86,159.69,169.58,182.52,,33,965,33,30.46,965D6-(E1);
25.06.23 18:16:36,32.02,178.19,185.56,177.81,180.04,178.85,181.31,189.33,189,187.75,184.22,164.31,173.9,140.65,156.38,178.87,181.13,188.76,159.34,195.89,188.87,160.56,165.19,176.29,190.09,,33,965,33,30.47,965D6-(E1);
25.06.23 18:16:51,32.27,179.94,184.81,173.91,186,175.64,178.84,191.58,184.38,188.26,180.94,160.52,176.81,128.28,141,178.12,176.52,168.83,157.42,176.08,184.34,179.97,172.95,160.62,173.39,,33,965,33,30.49,965D6-(E1);
25.06.23 18:17:06,32.52,168.29,184.06,170.76,176.36,168.09,184.3,177.77,183.66,180.43,189.55,163.6,173.42,130.32,153.03,186.86,174.84,163.3,161.75,190.12,177.74,165.76,172.46,164.84,175.77,,33,965,33,30.51,965D6-(E1);
25.06.23 18:17:21,32.77,173.22,181.32,172.7,186.99,176.14,171,177.04,185.11,180.68,192.11,162.88,178.76,128.73,144.51,171.24,171.49,169.55,156.7,196.14,181.96,158.92,167.12,174.36,180.1,,33,965,33,30.55,965D6-(E1);
25.06.23 18:17:36,33.02,170.99,194.66,172.21,182.76,170.76,182.56,185.12,188.27,182.69,182.96,158.17,170.29,126.92,150.88,173.2,177.49,170.76,163.92,188.37,181.43,159.39,162.79,176.77,182.76,,33,965,33,30.58,965D6-(E1);
25.06.23 18:17:51,33.27,176.94,178.11,172.7,181.77,171,180.08,184.14,183.17,183.95,184.98,159.34,179.98,125.57,139.83,182.35,175.8,167.62,163.68,203.27,182.22,155.42,171.24,180.41,178.41,,33,965,33,30.61,965D6-(E1);
25.06.23 18:18:06,33.52,174.46,177.12,174.64,184.25,181.32,185.05,181.68,193.17,187.5,175.2,153.49,173.42,131.46,139.37,175.9,174.12,173.43,171,191.62,183.01,169.81,162.08,174.6,180.58,,33,965,33,30.65,965D6-(E1);
25.06.23 18:18:21,33.77,172.72,178.35,169.56,178.81,179.34,174.91,181.43,185.84,196.98,181.19,166.93,176.08,127.82,139.37,181.6,177.49,162.83,154.56,183.91,183.28,168.14,170.51,179.92,176.97,,33,965,33,30.68,965D6-(E1);
25.06.23 18:18:36,34.02,171.49,180.33,172.94,177.58,165.19,167.37,185.86,187.05,183.45,169.27,157.23,171.49,120.86,134.28,179.61,168.4,158.55,159.82,187.87,180.64,162.68,164.47,166.5,176.73,,33,965,33,30.68,965D6-(E1);
25.06.23 18:18:51,34.27,176.94,172.95,174.88,177.58,175.15,179.09,193.08,188.51,177.43,175.95,161.46,176.81,125.12,139.6,184.1,176.77,171.49,160.3,188.87,178.27,165.99,160.41,170.77,181.55,,33,965,33,30.68,965D6-(E1);
25.06.23 18:19:06,34.52,170.01,175.89,166.68,181.28,169.3,185.55,183.64,183.17,181.44,186.24,157.93,174.63,131.46,141.46,186.61,169.58,169.79,160.78,186.14,176.7,163.86,163.03,169.1,173.63,,33,965,33,30.72,965D6-(E1);
25.06.23 18:19:21,34.77,173.22,174.42,174.88,178.32,181.32,168.09,183.64,182.45,185.98,185.23,157,168.37,126.69,138.44,185.1,166.97,168.34,149.35,179.49,169.93,162.68,160.17,160.85,186.17,,33,965,33,30.74,965D6-(E1);
25.06.23 18:19:36,35.02,173.96,176.14,169.8,182.76,174.91,181.31,186.6,179.09,183.45,188.79,168.12,187.63,126.02,142.4,180.61,179.18,173.19,153.13,196.9,182.48,167.9,169.54,170.77,183.49,,33,965,33,30.76,965D6-(E1);
25.06.23 18:19:51,35.27,178.69,185.81,181.5,186.49,174.91,184.8,178.01,193.66,190.56,180.44,161.94,164.8,135.12,141.93,189.63,171.49,172.95,154.8,190.87,180.9,178.26,162.32,170.29,180.1,,33,965,33,30.76,965D6-(E1);
25.06.23 18:20:06,35.52,170.26,182.07,174.15,174.89,176.14,186.05,193.58,183.42,188.01,185.48,165.02,164.8,131.91,148.75,177.38,174.12,169.55,157.42,189.37,185.4,164.33,163.75,172.2,179.86,,33,965,33,30.78,965D6-(E1);
25.06.23 18:20:21,35.77,175.95,180.83,169.56,180.29,178.6,176.87,176.8,188.27,177.43,178.19,159.58,169.57,126.02,147.33,189.63,174.36,174.65,153.13,190.37,185.67,161.97,175.89,166.97,178.41,,33,965,33,30.78,965C6-(E1);
25.06.23 18:20:36,36.02,175.2,183.06,168.84,174.4,164.23,179.83,181.92,181.49,176.69,173.71,158.64,164.08,131.23,142.17,180.61,174.84,169.31,158.38,182.43,178.53,163.62,165.68,162.26,178.41,,33,965,33,30.79,965D6-(E1);
25.06.23 18:20:51,36.27,172.72,175.89,173.67,180.54,170.76,181.56,186.11,180.77,182.95,184.47,165.74,171.97,130.77,144.27,165.66,169.58,168.1,149.35,189.62,180.9,164.1,162.32,165.79,183.73,,33,965,33,30.79,965D6-(E1);
25.06.23 18:21:06,36.52,173.22,169.54,168.6,182.02,171.49,166.4,178.5,188.27,179.68,175.7,152.57,172.69,129.86,142.87,185.85,169.11,170.28,158.14,192.87,176.7,168.85,169.79,176.77,184.46,,33,965,33,30.79,965D6-(E1);
25.06.23 18:21:21,36.77,174.95,171.73,168.11,176.85,173.68,181.81,198.63,184.62,187.75,189.3,162.17,179.49,132.37,143.8,195.23,176.52,178.08,161.5,191.37,191.01,160.09,171.24,166.97,171.49,,33,965,33,30.82,965D6-(E1);
25.06.23 18:21:36,37.02,175.2,176.38,180.27,175.38,172.22,176.62,181.68,181.25,183.45,178.19,160.28,171.97,132.37,137.75,172.47,168.87,166.9,162.47,194.88,183.01,169.57,173.93,172.2,173.63,,33,965,33,30.82,965D6-(E1);
25.06.23 18:21:51,37.27,178.19,176.14,170.04,170.76,165.68,174.91,183.89,181.73,173.46,174.21,151.87,168.13,129.18,134.74,186.86,170.53,162.35,144.43,185.89,181.43,156.12,161.36,164.61,176.25,,33,965,33,30.83,965C6-(E1);
25.06.23 18:22:06,37.52,180.19,184.81,173.18,176.11,178.11,185.3,193.58,191.45,181.44,171.73,161.46,180.23,128.5,144.74,175.16,173.64,172.95,154.32,200.46,189.67,163.86,173.68,175.81,174.34,,33,965,33,30.85,965D6-(E1);
25.06.23 18:22:22,37.78,177.94,173.2,175.37,175.87,180.08,181.07,198.12,184.62,183.2,196.23,160.05,175.84,129.86,146.39,184.35,181.86,173.19,159.58,201.22,189.67,162.92,171.98,174.36,176.49,,33,965,33,30.86,965D6-(E1);
25.06.23 18:22:38,38.05,185.99,182.32,181.74,181.77,191.35,193.62,185.86,190.22,185.22,183.21,166.93,177.78,132.37,149.7,174.43,179.43,178.57,154.32,192.87,190.74,172.45,177.61,165.55,187.15,,33,965,33,30.9,965D6-(E1);
25.06.23 18:22:54,38.32,166.34,194.4,227.12,207.13,163.51,201.81,242,193.66,172.23,208.26,172.45,188.37,126.69,129.7,208.71,202.76,187.51,170.51,189.37,191.28,162.21,139.18,197.22,199.29,,33,965,33,30.93,
25.06.23 18:23:09,38.57,194.43,210.96,164.76,192.52,167.85,196.42,221.71,191.2,163.42,195.2,196.44,193.12,105.91,127.2,183.1,184.05,177.59,165.86,203.27,191.82,149.87,186.56,171.49,218.99,,33,965,33,31.01,
25.06.23 18:23:24,38.82,181.45,181.08,169.08,167.86,185.06,173.68,195.34,178.37,188.01,172.23,153.26,134.85,118.63,129.93,174.67,168.4,157.84,121.4,173.66,179.06,157.75,170.76,146.8,181.07,,33,965,33,31.13,
25.06.23 18:23:39,39.07,179.19,171.73,173.91,186.99,172.46,178.84,186.36,176.7,173.71,168.54,162.65,173.17,128.96,153.03,180.11,179.43,174.16,163.2,194.38,180.11,158.68,167.85,164.37,185.93,,33,965,33,31.19,
25.06.23 18:23:54,39.32,176.94,181.32,176.1,182.27,182.57,189.82,177.77,181.25,183.7,182.45,157.23,168.61,132.14,146.62,176.4,176.28,173.92,155.03,185.39,180.64,168.14,172.71,173.64,181.55,,33,965,33,31.24,
25.06.23 18:24:18,39.72,172.47,185.56,174.88,183.26,178.35,175.89,182.41,189.25,182.44,175.95,153.03,179.74,129.41,138.21,184.6,175.56,173.92,151,195.64,188.87,165.99,173.44,179.19,184.22,,33,965,33,31.28,
25.06.23 18:24:25,39.83,174.7,184.31,173.43,186.74,177.61,179.09,186.36,190.71,182.69,176.94,165.74,171.25,131.68,144.27,179.61,177.73,177.1,158.62,190.37,175.91,165.76,173.68,171.01,178.89,,33,965,33,31.3,
25.06.23 18:24:41,40.1,174.46,185.06,177.08,181.03,178.11,179.33,182.91,188.03,189.53,190.32,149.56,178.03,127.6,147.57,182.1,173.4,175.87,158.14,187.63,179.32,167.42,176.14,177.5,180.58,,33,965,33,31.33,
25.06.23 18:24:56,40.35,176.69,181.57,181.99,188.75,189.08,189.31,180.45,189,190.05,183.21,151.87,172.93,128.73,139.83,179.12,174.6,175.63,158.62,187.13,189.67,168.38,174.66,183.82,191.08,,33,965,33,31.33,
25.06.23 18:25:11,40.6,179.19,191.1,177.08,185,187.07,189.82,188.84,191.45,184.96,180.94,153.73,176.81,128.96,148.04,175.9,182.34,175.87,158.86,198.93,184.87,167.18,175.89,174.12,184.46,,33,965,33,31.36,
25.06.23 18:25:26,40.85,176.44,179.09,175.37,184.5,185.06,181.31,178.01,189.25,183.2,190.83,157.7,172.21,127.15,152.55,175.66,176.77,176.36,159.1,187.63,184.07,160.8,179.59,170.77,188.37,,33,965,33,31.39,
25.06.23 18:25:41,41.1,178.44,185.06,184.22,189.5,177.37,179.58,188.09,190.22,188.01,188.53,158.4,184.65,131,156.86,181.85,182.59,173.19,149.59,193.37,190.21,165.99,175.4,174.12,185.44,,33,965,33,31.4,
25.06.23 18:25:56,41.35,176.69,179.59,179.04,184.5,181.82,187.3,188.09,182.69,184.46,185.48,155.13,167.41,128.5,147.33,175.16,180.88,174.65,152.19,199.69,186.73,166.47,180.08,171.73,181.07,,33,965,33,31.41,
25.06.23 18:26:11,41.6,181.95,188.58,179.04,185.25,182.07,186.8,186.11,191.7,188.77,183.46,154.19,171.97,126.92,149.93,179.36,183.32,175.14,155.51,188.62,181.69,170.53,174.42,163.67,182.76,,33,965,33,31.41,
25.06.23 18:26:26,41.85,180.69,180.08,176.35,193.28,178.85,177.85,184.87,190.71,183.95,181.7,156.53,171.97,129.18,141.93,180.36,187,174.65,149.59,186.88,186.46,169.81,181.32,175.81,185.19,,33,965,33,31.44,
25.06.23 18:26:41,42.1,177.44,179.84,175.86,186.74,184.56,190.32,182.17,186.56,192.35,178.19,153.03,170.53,126.92,145.21,179.12,184.3,172.95,153.61,201.48,185.67,164.81,176.87,173.16,185.68,,33,965,33,31.47,
25.06.23 18:26:56,42.35,175.7,185.06,187.95,190.51,181.82,189.06,192.08,188.03,186.48,190.32,164.07,178.27,131,140.3,184.1,179.67,171.25,159.82,195.13,181.43,172.21,194.4,173.64,187.15,,33,965,33,31.47,
25.06.23 18:27:11,42.6,183.97,184.56,179.28,186.49,182.07,186.55,184.38,188.51,187.24,189.81,158.87,176.08,130.09,138.67,182.1,183.32,174.41,161.02,185.39,184.07,165.99,181.32,171.97,183.49,,33,965,33,31.49,
25.06.23 18:27:26,42.85,175.7,184.06,175.37,186,177.12,186.3,180.21,181.73,185.22,185.99,149.56,170.29,129.18,143.33,174.67,177.01,174.41,150.77,188.37,187.26,164.1,184.81,166.73,181.07,,33,965,33,31.5,
25.06.23 18:27:41,43.1,176.19,182.57,181.74,180.29,175.64,192.35,180.7,180.53,179.68,189.55,157.46,173.66,117.75,136.82,184.85,178.22,169.31,141.41,199.44,177.48,163.86,174.42,162.73,180.34,,33,965,33,31.5,
25.06.23 18:27:56,43.35,181.45,182.32,176.59,188.25,180.08,192.85,176.8,188.51,186.48,192.37,153.96,178.27,127.6,136.59,184.35,180.15,173.68,152.42,190.37,179.32,169.81,176.38,165.55,179.62,,33,965,33,31.53,
25.06.23 18:28:11,43.6,178.44,182.82,181.74,189.75,182.32,187.55,190.33,184.62,189.28,189.3,158.87,169.09,124.67,139.6,183.6,186.51,173.92,157.66,186.63,182.22,165.76,168.82,171.73,175.06,,33,965,33,31.54,
25.06.23 18:28:27,43.87,180.19,188.58,178.55,193.79,187.82,189.57,186.6,188.03,189.28,177.44,152.8,174.38,125.34,145.92,181.1,190.21,178.33,151,193.37,187.53,169.33,174.91,172.68,174.82,,33,965,33,31.55,
25.06.23 18:28:42,44.12,175.95,180.83,176.35,189.25,181.57,179.83,183.15,181.25,182.95,177.94,152.33,175.35,124.22,135.43,172.96,183.08,173.92,150.77,189.37,179.06,166.47,184.06,168.39,174.82,,33,965,33,31.57,
25.06.23 18:28:57,44.37,177.94,187.07,178.3,194.04,178.11,190.07,189.58,191.7,188.26,175.95,152.57,171.73,128.73,134.28,187.61,182.1,172.46,150.77,194.63,180.9,168.14,176.63,166.97,171.49,,33,965,33,31.57,
25.06.23 18:29:12,44.62,181.7,181.32,185.46,194.55,180.58,185.3,196.6,196.14,184.21,184.47,156.29,180.72,125.12,146.39,181.85,187.49,174.65,153.13,190.87,182.75,172.93,181.82,174.12,180.1,,33,965,33,31.58,
25.06.23 18:29:27,44.87,182.7,183.31,183.72,193.28,182.07,191.08,185.37,195.15,186.74,182.45,156.29,173.17,122.42,142.4,174.92,183.32,176.12,151.71,193.88,179.58,164.57,179.59,179.92,181.07,,33,965,33,31.61,
25.06.23 18:29:42,45.12,171.73,183.31,180.76,189.75,179.84,190.07,179.97,184.38,185.22,181.45,152.57,180.23,122.87,148.04,179.12,187.74,172.95,151,197.66,182.48,165.99,179.34,170.53,176.49,,33,965,33,31.64,
25.06.23 18:29:57,45.37,176.19,181.82,186.95,196.07,183.31,193.87,191.83,184.38,192.35,176.19,153.96,177.54,128.73,144.74,178.37,187.49,179.31,153.61,194.13,186.46,165.52,174.42,174.84,175.77,,33,965,33,31.65,
25.06.23 18:30:12,45.62,174.95,178.35,180.76,191.51,177.86,180.32,189.83,179.81,182.69,179.94,148.18,170.53,117.3,148.51,181.6,185.53,173.19,154.8,196.9,177.74,159.15,180.08,169.34,180.1,,33,965,33,31.68,
25.06.23 18:30:27,45.87,175.95,175.4,178.3,185.75,174.42,188.31,188.59,180.77,180.68,178.69,147.95,162.9,116.64,144.27,181.35,184.79,174.16,148.88,197.92,183.81,157.75,165.19,172.68,169.12,,33,965,33,31.68,
25.06.23 18:30:42,46.12,180.94,178.35,182.48,186.99,173.44,189.57,182.17,181.25,178.43,174.7,154.43,169.81,113.55,134.28,185.1,181.86,170.28,151.24,186.38,187.53,160.33,176.63,171.25,181.07,,33,965,33,31.69,
25.06.23 18:30:57,46.37,177.44,182.57,188.95,191.77,181.32,193.62,188.84,187.78,183.45,178.19,157.23,181.21,123.1,150.41,185.85,180.15,177.1,158.14,192.87,190.74,163.15,184.56,172.2,170.78,,33,965,33,31.69,
25.06.23 18:31:12,46.62,182.45,188.32,189.2,199.65,176.63,189.57,189.09,193.17,183.95,189.3,152.1,176.32,121.98,149.22,188.62,187.49,176.61,154.8,198.42,191.82,161.27,184.06,178.71,180.58,,33,965,33,31.74,
25.06.23 18:31:27,46.87,179.19,186.82,187.95,196.07,181.57,195.65,182.66,182.93,185.72,183.21,154.89,176.81,123.99,139.83,183.35,185.53,179.81,157.9,194.38,189.94,164.57,182.82,171.97,177.93,,33,965,33,31.74,
25.06.23 18:31:43,47.13,176.69,182.57,187.45,193.53,174.91,186.8,192.08,184.14,182.44,176.44,147.95,173.66,126.69,140.53,178.87,184.54,179.56,157.42,192.87,186.73,164.33,178.6,173.64,181.79,,33,965,33,31.76,
25.06.23 18:31:58,47.38,177.44,185.81,191.46,194.04,186.82,180.82,190.83,185.59,194.15,174.95,158.17,177.3,123.77,139.83,180.61,187.99,179.07,158.14,193.12,192.89,164.1,185.81,172.92,174.82,,33,965,33,31.76,
25.06.23 18:32:13,47.63,178.94,184.06,185.96,198.11,177.86,183.3,194.34,186.56,176.94,173.46,159.81,169.33,121.08,144.27,181.1,185.77,168.83,152.42,188.87,181.16,159.39,184.06,171.73,176.49,,33,965,33,31.79,
25.06.23 18:32:28,47.88,177.44,187.57,185.96,198.62,183.81,184.8,189.83,189.73,186.48,180.19,149.33,177.05,122.42,148.28,174.92,183.08,178.08,149.82,199.69,178.27,159.86,174.91,174.84,171.96,,33,965,33,31.8,
25.06.23 18:32:43,48.13,183.46,183.06,187.2,203.5,184.06,191.59,192.33,183.42,191.32,182.96,158.87,176.81,124.22,150.41,182.1,189.22,179.07,158.62,192.37,188.06,161.5,169.06,173.88,175.54,,33,965,33,31.83,
25.06.23 18:32:58,48.38,179.19,182.07,188.95,191.77,183.56,190.58,193.58,188.27,183.95,178.44,155.36,170.53,119.97,138.44,184.6,187.25,172.95,156.94,191.37,180.11,158.45,176.63,175.08,171.01,,33,965,33,31.83,
25.06.23 18:33:13,48.63,184.47,181.57,185.71,197.86,184.56,191.59,192.58,184.14,183.45,183.97,154.89,170.05,118.63,142.17,176.89,186.26,178.57,157.66,193.12,185.93,158.68,169.06,174.6,176.01,,33,965,33,31.85,
25.06.23 18:33:28,48.88,184.22,185.06,189.95,199.13,188.32,192.35,202.19,187.54,184.71,174.21,157.93,178.76,125.34,146.86,181.6,193.44,177.84,159.1,199.19,183.54,167.42,184.31,178.46,186.66,,33,965,33,31.86,
25.06.23 18:33:43,49.13,179.19,176.14,183.72,191.51,181.57,189.06,187.84,184.38,185.98,167.07,152.1,171.97,123.1,139.14,171.49,181.86,176.61,146.77,183.91,181.69,159.15,173.93,172.44,173.39,,33,965,33,31.88,
25.06.23 18:33:58,49.38,182.2,187.07,190.95,196.58,185.81,192.35,197.11,186.32,186.23,174.46,159.11,170.05,121.08,146.39,180.85,184.05,176.36,156.94,195.89,184.07,160.8,171,173.64,167.71,,33,965,33,31.9,
25.06.23 18:34:13,49.63,183.21,178.85,181.25,193.79,177.12,184.05,189.58,187.05,185.22,172.72,156.06,178.51,113.99,138.67,182.1,186.75,175.63,153.61,196.14,180.11,152.4,173.68,171.97,168.18,,33,965,33,31.9,
25.06.23 18:34:28,49.88,190.83,181.08,179.53,194.8,182.57,188.31,190.58,184.38,188.52,175.45,155.83,180.72,120.41,144.51,188.37,186.51,178.33,154.8,190.87,186.73,160.09,174.66,166.26,174.82,,33,965,33,31.91,
25.06.23 18:34:43,50.13,179.44,190.59,185.46,200.67,183.06,197.19,195.6,188.27,179.43,177.44,160.76,180.23,123.1,140.3,183.85,194.69,183.77,159.1,195.13,193.7,167.66,171.49,175.32,177.93,,33,965,33,31.94,
25.06.23 18:34:58,50.38,184.22,187.32,186.7,196.33,182.82,183.05,192.58,185.59,184.71,179.44,155.36,167.65,117.52,140.77,186.61,192.45,176.85,153.37,200.46,187,157.75,175.64,176.53,172.44,,33,965,33,31.96,
25.06.23 18:35:13,50.63,182.7,182.57,183.23,196.07,190.34,191.59,193.83,190.96,190.56,185.23,153.49,173.66,114.87,136.36,189.63,191.7,172.22,152.66,195.64,190.47,167.9,170.03,178.95,172.44,,33,965,33,31.97,
25.06.23 18:35:28,50.88,180.94,183.81,184.71,199.13,179.59,193.36,190.58,187.78,184.96,177.94,165.02,169.81,113.99,139.6,190.39,187.25,174.9,157.9,191.62,180.9,162.68,179.84,169.82,167,,33,965,33,32,
25.06.23 18:35:43,51.13,182.45,176.87,186.95,192.52,177.86,189.06,189.83,184.87,190.3,171.98,158.87,170.53,117.3,131.07,185.85,187.25,171.49,156.47,190.87,181.43,157.28,178.35,158.52,177.45,,33,965,33,32,
25.06.23 18:35:58,51.38,182.7,188.58,194.23,197.6,189.58,199.24,201.17,190.71,195.95,183.46,164.07,175.11,111.58,141.23,192.43,187.25,181.29,160.06,194.38,192.62,161.03,174.42,173.88,182.03,,33,965,33,32.01,
25.06.23 18:36:13,51.63,181.95,184.56,188.2,191.77,182.57,191.59,191.83,185.84,181.94,185.48,157.93,166.94,113.11,137.05,188.62,187.49,180.3,152.66,195.89,184.6,153.1,178.6,166.73,178.17,,33,965,33,32.01,
25.06.23 18:36:28,51.88,183.21,184.31,186.45,205.83,179.09,185.05,195.34,184.14,189.79,187.51,158.4,173.66,112.67,137.51,188.88,192.7,179.56,155.03,193.12,190.74,162.92,178.85,167.44,173.63,,33,965,33,32.03,
25.06.23 18:36:43,52.13,182.2,186.06,187.45,192.27,184.31,197.7,195.09,188.76,184.96,181.7,161.94,172.69,112.67,138.44,190.65,191.95,181.29,155.03,189.37,178.27,159.15,173.93,172.2,173.39,,33,965,33,32.04,
25.06.23 18:36:58,52.38,186.24,179.09,185.96,195.56,188.83,184.8,195.85,184.38,179.43,181.19,157.46,170.05,116.86,136.36,193.19,188.23,178.08,156.94,194.63,182.48,155.42,170.51,172.68,168.18,,33,965,33,32.05,
25.06.23 18:37:13,52.63,183.21,182.82,185.96,200.93,185.31,198.21,202.45,184.38,182.19,177.94,158.87,165.98,119.52,139.6,181.35,196.95,174.9,157.42,192.12,178.27,160.33,178.35,159.92,176.01,,33,965,33,32.08,
25.06.23 18:37:28,52.88,175.2,182.07,184.96,198.88,182.82,196.16,193.33,181.97,181.19,177.44,157.46,159.83,114.65,141,177.38,187,177.59,156.7,186.14,180.64,154.26,170.27,171.25,176.01,,33,965,33,32.1,
25.06.23 18:37:43,53.13,183.46,191.1,185.46,198.88,189.08,195.14,197.36,187.29,189.28,178.94,161.46,171.73,117.08,138.67,185.85,193.19,181.04,164.16,190.87,189.13,165.99,180.33,176.29,173.15,,33,965,33,32.11,
25.06.23 18:37:58,53.38,179.94,183.56,186.2,198.62,182.82,188.81,193.33,181.73,183.95,175.2,159.11,164.32,116.64,144.27,192.17,189.47,176.12,160.3,187.63,185.93,159.39,172.46,166.97,163.72,,33,965,33,32.11,
25.06.23 18:38:13,53.63,188.28,200.29,190.45,196.58,183.06,198.98,195.34,181.25,183.95,177.44,154.66,172.69,114.21,144.04,187.61,192.2,179.31,156.7,198.17,194.24,165.76,177.37,175.32,176.73,,33,965,33,32.14,
25.06.23 18:38:28,53.88,178.44,185.81,185.46,199.65,186.82,198.47,185.86,182.45,176.69,180.69,154.19,169.57,107,137.51,188.88,189.22,177.34,161.5,187.63,180.11,158.22,177.12,164.84,169.83,,33,965,33,32.15,
25.06.23 18:38:43,54.13,180.69,187.32,190.95,200.16,185.81,195.14,192.33,183.66,183.7,176.94,162.41,171.49,114.65,128.56,188.12,194.69,178.82,160.78,188.62,181.96,164.57,171.24,172.68,172.44,,33,965,33,32.15,
25.06.23 18:38:58,54.38,178.44,186.31,191.96,194.8,178.35,186.05,193.33,178.61,182.19,179.69,156.53,171.73,110.26,139.83,181.6,187.99,176.61,147,188.37,185.93,154.26,167.61,168.63,171.96,,33,965,33,32.16,
25.06.23 18:39:13,54.63,179.69,189.33,188.2,201.44,188.32,197.95,196.35,179.57,186.23,171.98,155.59,171.49,109.39,141.23,184.1,188.73,176.36,162.47,194.88,181.69,157.75,171.49,168.63,175.54,,33,965,33,32.16,
25.06.23 18:39:28,54.88,188.53,190.59,191.46,198.11,192.37,199.49,190.08,184.87,195.69,185.23,160.05,168.61,117.08,137.28,187.87,194.19,181.53,160.06,191.62,190.47,165.52,171,176.77,173.63,,33,965,33,32.19,
25.06.23 18:39:43,55.13,179.69,188.32,188.2,200.42,180.83,198.98,194.09,182.93,182.69,164.39,161.7,168.85,108.08,134.05,187.36,192.2,180.3,157.42,183.42,187.8,161.74,161.36,166.26,165.13,,33,965,33,32.19,
25.06.23 18:39:58,55.38,176.94,180.33,188.95,200.16,175.89,196.67,189.09,180.05,185.72,165.12,154.43,163.61,113.99,137.98,179.36,188.97,178.33,155.27,189.87,183.54,157.28,174.91,165.08,167.71,,33,965,33,32.22,
25.06.23 18:42:04,57.48,176.94,189.84,200.85,195.56,176.14,197.19,201.42,186.08,182.95,169.52,151.87,155.62,121.08,142.63,201.15,211.99,179.81,155.75,179.98,190.21,162.21,145.38,175.81,170.07,,33,965,33,32.46,
25.06.23 18:42:19,57.73,198.82,195.17,191.71,199.9,189.58,218.87,204.49,186.56,179.93,170.26,142.91,187.38,110.92,118.2,188.12,188.23,182.53,153.61,207.65,190.47,155.88,198.75,157.36,177.21,,33,965,33,32.51,
25.06.23 18:42:34,57.98,189.81,219.45,214.87,225.39,201.07,239.55,225.97,201.12,199.06,177.44,171.25,187.13,118.63,152.07,201.93,205.82,202.76,160.3,199.44,197.76,179.23,179.84,196.47,175.77,,33,965,33,32.55,
25.06.23 18:42:49,58.23,204.84,209.91,229.83,233.26,192.87,209.88,242.83,203.13,216.76,203.26,179.02,205.58,121.53,137.98,199.6,221.66,194.06,175.93,213.89,229.06,184.38,196.95,198.48,196.79,,33,965,33,32.61,
25.06.23 18:43:04,58.48,187.26,191.1,193.98,207.91,177.61,189.57,200.41,192.93,191.58,164.87,160.05,165.98,113.55,133.59,190.9,203.52,179.81,145.83,183.91,202.68,161.5,185.56,181.14,165.36,,33,965,33,32.66,
25.06.23 18:43:19,58.73,189.04,189.08,214.34,225.39,190.34,208.83,241.45,213.03,200.88,194.94,164.31,194.63,128.28,158.3,230.14,208.38,191.03,175.68,221.27,214.03,182.17,193.38,188.5,176.73,,33,965,33,32.71,
25.06.23 18:43:34,58.98,182.45,187.07,228.47,221.36,208.6,204.4,202.19,192.93,186.99,166.09,158.4,180.96,104.61,134.51,211.07,198.21,175.87,145.83,193.12,208.19,152.87,177.61,147.93,164.66,,33,965,33,32.76,
25.06.23 18:43:49,59.23,204.57,192.62,209.11,233.26,196.95,208.05,223.04,183.42,195.18,208.26,171.97,152.83,110.04,137.28,201.15,209.92,205.09,152.66,226.34,198.58,171.97,209.39,212.29,175.54,,33,965,33,32.8,
25.06.23 18:44:04,59.48,189.55,182.32,193.73,200.67,187.57,189.82,197.11,176.94,179.93,157.62,163.6,166.7,79.54,123.81,173.69,192.2,170.52,152.42,181.21,180.64,163.15,157.32,155.28,168.65,,33,965,33,32.86,
25.06.23 18:44:19,59.73,177.19,179.09,204.96,211.57,195.17,221.55,188.09,181.97,178.93,158.82,150.02,169.09,106.56,130.39,176.4,178.94,178.08,160.54,187.38,204.05,160.8,163.75,190.48,159.31,,33,965,33,32.9,
25.06.23 18:44:34,59.98,203.79,205.99,236.1,228.9,195.17,219.14,206.55,205.14,194.4,182.2,183.44,171.49,115.98,136.82,216.91,201.74,183.02,159.82,191.62,205.43,182.91,197.72,163.2,172.67,,33,965,33,32.96,
25.06.23 18:44:49,60.23,201.17,172.22,198.8,222.97,179.34,209.35,213.81,186.32,197.5,206.94,164.07,173.9,113.77,135.9,205.83,197.2,186.51,157.42,184.9,195.86,161.74,175.64,156.43,162.79,,33,965,33,33.01,
25.06.23 18:45:04,60.48,179.19,192.11,206.51,226.74,179.34,190.83,210.17,184.87,189.53,165.85,162.65,144.79,105.69,122.91,203.74,198.46,186.01,165.13,189.12,198.31,170.29,196.7,177.98,176.97,,33,965,33,33.04,
25.06.23 18:45:19,60.73,201.43,188.83,210.15,224.31,199.78,216.21,230,194.16,199.84,186.24,161.7,183.42,111.36,125.16,205.83,207.61,184.51,167.57,210.5,205.98,168.61,192.62,192.22,167.71,,33,965,33,33.08,
25.06.23 18:45:34,60.98,202.48,201.84,219.36,249.08,217.05,220.21,224.1,209.71,207.7,172.72,187.65,179.25,128.5,137.28,223.62,222.45,204.05,171.24,234.99,211.24,201.93,209.13,205.08,184.46,,33,965,33,33.15,
25.06.23 18:45:49,61.23,184.22,182.07,198.04,188.25,173.44,198.47,209.39,175.27,204.28,180.19,166.21,148.91,112.89,131.3,188.37,191.7,200.7,143.96,201.48,179.32,163.86,188.07,177.5,163.02,,33,965,33,33.18,
25.06.23 18:46:04,61.48,177.69,175.15,204.96,226.74,183.31,202.85,194.84,177.89,171.24,165.6,155.13,166.94,107,122.91,187.36,180.64,178.08,156.47,200.2,196.14,165.99,190.09,178.95,162.56,,33,965,33,33.22,
25.06.23 18:46:19,61.73,182.2,184.81,214.87,226.74,194.4,194.63,219.06,183.17,194.15,182.45,171.97,183.67,116.2,150.17,202.96,197.45,199.16,171.98,200.46,212.91,169.57,189.33,170.29,154.02,,33,965,33,33.28,
25.06.23 18:46:34,61.98,192.62,216.52,232.27,242.91,221.86,249.64,244.49,201.12,194.15,203,171.25,176.57,127.37,147.8,217.18,231.24,210.56,195.39,226.07,200.76,172.45,199.01,210.22,181.79,,33,965,33,33.32,
25.06.23 18:46:49,62.23,195.72,191.1,224.97,236.55,217.32,216.21,242.27,196.88,201.92,195.72,174.39,201.22,115.09,160.96,228.23,218.76,212.66,173.46,210.76,215.15,182.41,214.13,166.97,185.93,,33,965,33,33.36,
25.06.23 18:47:04,62.48,202.48,205.47,242.72,239.31,210.44,231.84,235.69,219.48,221.34,204.05,188.4,193.62,135.57,136.82,234.26,212.25,203.27,170.26,205.07,192.09,181.68,207.82,188.74,177.93,,33,965,33,33.4,
25.06.23 18:47:19,62.73,196.75,192.62,203.93,216.31,186.82,226.67,203.72,178.37,195.18,157.86,174.87,168.61,107.21,124.94,181.6,188.73,192.79,160.78,217.3,203.23,159.86,165.68,171.73,157.92,,33,965,33,33.43,
25.06.23 18:47:34,62.98,209.85,200.81,243.28,241.8,217.58,220.47,210.43,214.57,206.91,187.51,174.87,194.63,125.12,134.05,195.49,226.43,205.34,167.57,232.81,215.43,184.38,185.31,192.22,179.38,,33,965,33,33.47,
25.06.23 18:47:49,63.23,180.44,176.87,224.7,224.58,199.01,215.94,229.73,184.62,189.28,183.71,163.6,168.61,105.26,116.64,192.43,215.89,203.27,153.85,202.5,196.95,182.66,178.85,188.74,168.41,,33,965,33,33.51,
25.06.23 18:48:04,63.48,197.53,200.81,218.57,226.74,215.45,223.16,207.06,196.38,219.72,189.81,186.91,181.45,125.57,140.3,201.15,227.23,215.03,162.95,219.94,194.78,186.85,206.77,187.26,195.04,,33,965,33,33.54,
25.06.23 18:48:20,63.75,198.82,207.3,214.08,234.35,204.95,228.29,210.43,186.56,196.21,187.77,169.56,174.38,107.65,131.99,208.71,207.87,190.77,164.41,192.62,207.36,174.14,181.08,187.75,183.98,,33,965,33,33.58,
25.06.23 18:48:35,64,203,189.84,206.77,230.26,192.62,201.3,227.31,186.81,194.15,169.03,175.36,190.87,121.31,133.36,226.6,215.37,196.6,181.92,193.88,207.63,170.53,196.95,192.47,172.67,,33,965,33,33.61,
25.06.23 18:48:50,64.25,198.3,176.63,208.59,206.35,180.33,217.81,199.39,159.85,161.97,177.44,149.56,165.51,114.87,112.88,176.15,188.97,177.59,160.78,204.81,182.48,172.69,192.62,183.58,156.31,,33,965,33,33.65,
25.06.23 18:49:05,64.5,179.69,189.33,214.61,229.99,178.6,205.96,211.2,176.22,195.95,160.99,167.88,173.66,114.65,117.53,204.52,210.96,201.21,155.75,196.9,182.75,172.21,177.86,190.73,155.16,,33,965,33,33.65,
25.06.23 18:49:20,64.75,186.75,187.32,203.67,217.64,189.33,219.41,211.46,169.61,193.63,164.87,162.65,165.27,100.74,108.49,208.97,219.03,186.76,158.14,194.13,201.86,176.31,185.31,184.31,143.38,,33,965,33,33.69,
25.06.23 18:49:35,65,193.91,195.93,202.13,213.41,180.83,196.42,226.77,180.77,192.35,162.2,154.89,169.33,94.77,107.18,178.12,191.7,177.34,181.17,192.87,184.34,164.1,181.82,157.82,155.16,,33,965,33,33.71,
25.06.23 18:49:50,65.25,183.21,200.81,208.59,237.37,203.65,211.45,213.81,188.76,189.53,163.41,167.65,172.21,110.7,108.93,195.49,211.47,191.78,171.24,189.37,191.55,169.57,197.72,173.4,158.15,,33,965,33,33.75,
25.06.23 18:50:05,65.5,212.78,225.91,237.47,240.97,219.98,227.21,229.46,215.34,221.89,201.17,172.94,194.63,117.75,127.43,194.98,207.1,203.53,194.36,233.9,220.5,205.26,207.82,177.25,184.95,,33,965,33,33.76,
25.06.23 18:50:20,65.75,205.62,196.7,220.43,236.82,214.39,224.24,223.83,202.87,224.06,210.38,159.34,201.73,123.99,139.14,221.19,226.96,197.37,178.17,186.38,204.05,169.09,201.58,190.97,180.58,,33,965,33,33.78,
25.06.23 18:50:35,66,206.94,175.15,220.43,232.16,185.56,208.05,221.44,188.27,197.5,184.47,162.41,177.54,105.91,126.97,196.51,210.7,191.28,161.02,191.62,191.55,177.29,178.6,183.33,156.54,,33,965,33,33.79,
25.06.23 18:50:50,66.25,203,202.1,216.45,226.47,202.87,190.32,234.06,190.47,190.81,166.09,160.99,196.9,113.33,135.66,222.54,222.18,193.81,165.38,203.53,207.63,180.45,166.16,188.25,170.07,,33,965,33,33.8,
25.06.23 18:51:05,66.5,202.21,198.24,224.7,241.25,204.95,221.81,211.99,183.17,194.92,197.53,165.26,178.51,115.09,106.31,206.87,207.1,206.9,163.44,191.62,204.05,151.71,181.08,174.36,174.1,,33,965,33,33.82,
25.06.23 18:51:20,66.75,215.72,180.33,203.67,223.24,200.03,240.39,220.91,181.01,211.41,157.14,159.34,169.57,112.67,118.87,203.48,222.71,214.5,179.67,205.84,189.67,173.9,187.07,218.28,184.22,,33,965,33,33.83,
25.06.23 18:51:35,67,195.2,202.1,198.04,223.51,199.52,227.21,210.69,193.42,203.49,164.39,166.21,180.96,116.2,125.61,191.41,202.5,208.47,157.18,184.65,220.79,162.92,197.72,192.47,183.49,,33,965,33,33.83,
25.06.23 18:51:50,67.25,193.91,204.95,230.64,234.35,184.81,227.21,219.59,198.37,213.01,179.44,177.06,176.32,119.3,126.97,212.13,221.92,223.55,165.38,190.37,194.24,193.33,190.59,183.09,172.67,,33,965,33,33.86,
25.06.23 18:52:05,67.5,191.09,183.06,189.45,217.1,189.33,204.4,226.77,180.53,185.98,132.1,148.18,162.66,103.1,113.98,183.85,194.94,188.26,158.38,191.37,215.71,180.94,193.89,180.16,165.59,,33,965,33,33.86,
25.06.23 18:52:20,67.75,202.74,187.82,222.29,244.87,198.75,236.51,223.83,203.38,192.35,176.19,187.41,160.31,124.67,131.76,199.08,218.5,208.73,167.81,199.44,192.35,151.71,183.31,191.97,177.45,,33,965,33,33.88,
25.06.23 18:52:35,68,206.42,196.95,212.77,236.55,193.13,225.04,210.69,190.22,199.58,214.65,183.69,189.62,114.21,118.87,192.17,225.36,223.02,169.28,194.38,193.7,175.83,190.85,192.72,174.58,,33,965,33,33.88,
25.06.23 18:52:50,68.25,209.06,206.25,226.58,235.17,206.51,235.96,230.81,203.88,218.64,177.19,188.9,183.67,131,132.22,211.34,238.83,225.71,165.86,228.48,233.09,183.4,202.36,181.87,180.82,,33,965,33,33.88,
25.06.23 18:53:05,68.5,198.82,191.61,198.04,236,201.07,217.01,218.8,191.7,215.68,192.37,166.93,188.62,117.75,124.48,187.61,196.7,211.61,172.23,204.3,225.62,168.38,190.85,210.47,178.41,,33,965,33,33.88,
25.06.23 18:53:20,68.75,172.23,182.07,208.85,216.05,188.07,202.59,201.42,176.7,184.46,161.23,161.46,179,100.31,98.53,179.12,195.44,196.86,158.86,170.77,187.53,156.82,139.86,177.74,183.25,,33,965,33,33.9,
25.06.23 18:53:35,69,215.19,203.65,208.07,247.95,222.67,241.5,217.74,199.87,208.49,192.37,190.65,177.54,118.19,121.33,201.67,232.59,209.51,171.24,228.22,225.62,165.04,202.62,218.54,193.55,,33,965,33,33.9,
25.06.23 18:53:50,69.25,189.3,185.56,216.98,207.13,196.44,218.07,217.74,168.9,195.69,156.9,150.02,165.75,99.88,119.99,196.51,215.37,204.05,150.53,204.3,193.7,163.39,171,174.12,149.92,,33,965,33,33.91,
25.06.23 18:54:05,69.5,162.69,192.87,209.11,227.01,194.4,194.63,192.83,168.67,191.84,160.03,175.36,151.21,102.67,110.02,181.35,202.76,197.88,133.59,176.57,182.22,145.06,180.33,177.98,152.42,,33,965,33,33.93,
25.06.23 18:54:20,69.75,215.19,216.52,228.2,234.08,180.08,228.84,207.32,185.84,202.45,177.94,175.85,200.97,110.04,113.98,173.69,199.72,201.47,158.38,192.62,206.53,161.27,203.91,197.47,167.71,,33,965,33,33.96,
25.06.23 18:54:35,70,205.36,215.45,241.33,221.63,203.39,225.86,230,182.69,209.55,176.44,176.33,180.96,105.26,112.88,209.76,206.84,213.97,174.94,189.87,200.76,168.14,190.85,199.74,152.65,,33,965,33,33.97,
25.06.23 18:54:50,70.25,202.74,214.39,200.85,235.17,219.72,230.2,205.01,197.63,226.24,154.51,187.9,175.11,122.42,132.44,210.02,214.32,210.56,170.01,203.78,200.76,184.14,210.44,185.78,167.94,,33,965,33,34,
25.06.23 18:55:05,70.5,203.52,204.43,221.76,236.82,217.58,234.86,216.17,184.87,194.66,152.37,167.65,186.63,111.79,123.58,182.85,232.59,224.09,161.75,210.24,210.41,171.73,205.99,174.6,173.63,,33,965,33,34.03,
25.06.23 18:55:20,70.75,205.89,185.56,202.64,212.88,195.42,200.01,196.6,171.02,203.49,172.47,171.25,168.13,98.6,90.86,185.6,204.29,205.34,146.53,167.18,210.41,160.09,196.19,194.21,177.69,,33,965,33,34.04,
25.06.23 18:55:35,71,187.01,197.47,206.26,221.9,196.44,247.95,211.72,193.91,195.43,187.51,160.05,166.7,107.43,111.34,195.23,228.83,215.82,179.92,199.69,213.19,164.33,161.84,174.12,175.77,,33,965,33,34.07,
25.06.23 18:55:50,71.25,214.12,204.95,208.59,234.9,216.78,237.34,221.18,191.7,192.09,161.23,168.12,167.65,100.74,115.53,195.23,202,208.21,149.59,203.27,194.78,160.33,201.58,198.23,167.24,,33,965,33,34.08,
25.06.23 18:56:05,71.5,192.88,213.07,227.12,236.82,202.1,240.94,215.64,174.32,215.41,140.16,162.41,163.61,108.74,125.61,206.09,231.24,216.88,180.17,209.2,232.22,182.41,206.51,194.71,174.82,,33,965,33,34.11,
25.06.23 18:56:20,71.75,210.12,176.63,199.82,208.69,190.85,203.36,208.1,188.76,193.89,150.94,157.23,170.53,97.96,109.58,169.05,220.87,195.59,156.94,185.89,176.7,150.79,210.96,164.61,156.31,,33,965,33,34.13,
25.06.23 18:56:35,72,229.59,222.94,221.76,233.8,214.13,237.89,219.59,201.12,209.82,155.7,169.32,187.87,114.21,112.44,185.6,215.1,236.61,173.95,208.16,193.7,154.03,192.87,198.99,194.05,,33,965,33,34.15,
25.06.23 18:56:50,72.25,200.39,191.61,220.16,216.84,218.65,226.13,201.93,188.76,201.4,181.95,178.77,168.85,101.17,109.14,177.14,233.4,212.66,179.67,185.64,215.99,161.5,166.16,198.99,186.9,,33,965,33,34.18,
25.06.23 18:57:05,72.5,209.06,196.7,210.15,239.31,204.43,237.34,216.43,175.75,193.37,158.1,187.41,148.68,106.56,120.89,206.09,220.08,199.93,161.99,176.81,188.6,164.81,178.6,186.52,144.95,,33,965,33,34.22,
25.06.23 18:59:06,74.52,202.48,199.26,207.29,221.63,206.51,224.5,208.87,183.17,191.58,173.71,167.41,169.33,92.87,118.65,189.89,213.8,201.47,164.65,192.37,200.49,160.33,190.34,177.5,167.47,,33,965,33,34.01,
25.06.23 18:59:21,74.77,201.69,199.01,206.51,219.5,206.25,223.97,207.58,183.17,190.05,173.71,165.97,169.09,91.81,117.53,188.88,213.29,201.21,163.2,192.37,198.58,160.09,189.33,176.29,167.71,,33,965,33,34.01,
25.06.23 18:59:36,75.02,201.95,198.24,206,218.7,205.21,223.7,207.32,182.45,188.26,173.22,164.07,168.61,90.97,117.76,189.63,211.99,201.47,162.23,192.12,198.04,159.39,188.07,177.25,167.47,,33,965,33,34,
25.06.23 18:59:51,75.27,200.91,195.93,205.74,217.37,204.17,222.08,207.06,182.21,188.01,172.72,163.36,168.37,88.87,115.98,188.62,211.21,200.19,161.02,192.12,196.95,158.68,186.56,175.81,167.71,,33,965,33,34,
25.06.23 19:00:06,75.52,200.13,195.68,205.22,215.25,203.39,221.81,206.03,182.45,186.48,171.73,162.65,167.18,87.83,113.98,188.12,210.44,199.67,158.62,191.87,196.41,157.98,185.56,175.56,167.94,,33,965,33,34,
25.06.23 19:00:21,75.77,199.86,194.4,204.45,214.46,202.87,222.35,205.26,181.49,184.71,171.98,161.7,166.7,89.08,111.78,187.87,208.89,199.67,157.9,191.62,195.32,157.05,184.56,174.36,166.53,,33,965,33,34,
25.06.23 19:00:36,76.02,199.34,194.15,202.9,213.67,201.84,222.62,205.26,181.73,183.2,171.49,161.94,167.18,86.37,111.56,186.86,207.87,198.65,157.42,190.37,195.32,156.58,184.06,175.08,167.47,,33,965,33,33.99,
25.06.23 19:00:51,76.27,199.34,194.4,202.39,212.88,200.55,222.62,204.49,181.73,180.93,171.98,160.99,166.94,85.95,110.46,187.61,207.1,198.39,156.47,191.37,194.24,155.19,182.57,174.84,167.47,,33,965,33,33.96,
25.06.23 19:01:06,76.52,198.82,192.87,201.62,212.09,200.81,221.55,204.24,181.01,179.93,171.24,159.81,166.46,84.7,110.24,187.87,206.84,197.88,155.27,190.62,194.24,154.72,182.07,174.6,166.3,,33,965,33,33.96,
25.06.23 19:01:21,76.77,197.79,192.87,201.62,211.31,200.55,221.01,204.24,181.49,178.18,170.99,160.76,165.75,82.84,109.58,187.87,206.07,197.37,154.32,191.62,194.51,154.95,180.83,173.64,166.53,,33,965,33,33.94,
25.06.23 19:01:36,77.02,197.01,191.1,200.59,212.09,199.01,217.81,203.21,181.25,176.69,170.26,160.52,165.98,81.19,108.27,186.36,205.31,195.84,153.13,190.62,192.89,155.19,180.33,173.4,165.59,,33,965,33,33.93,
25.06.23 19:01:44,77.15,196.75,191.1,200.08,210.26,199.01,217.54,203.21,180.29,176.44,170.75,158.87,165.03,83.25,109.8,186.61,204.54,196.09,151.95,189.87,193.16,154.49,179.34,172.92,166.06,,33,965,33,33.93,
25.06.23 19:01:59,77.4,196.23,189.58,199.82,208.95,197.47,215.41,202.45,179.81,174.7,170.26,157.46,163.85,79.54,108.93,185.85,203.27,195.08,152.19,190.37,192.35,151.94,178.85,172.92,166.53,,33,965,33,33.93,
25.06.23 19:02:14,77.65,195.97,188.83,199.06,208.17,197.47,214.09,201.93,180.29,174.45,169.52,157,163.85,80.36,109.14,184.85,203.52,193.3,151,189.87,191.55,151.25,177.37,171.49,165.83,,33,965,33,33.91,
25.06.23 19:02:29,77.9,195.46,189.08,198.8,207.39,196.19,213.3,201.17,179.81,172.72,169.52,156.29,164.08,78.51,108.49,183.6,202.76,192.54,150.06,189.12,190.74,151.02,177.12,170.29,166.3,,33,965,33,33.91,
25.06.23 19:02:43,78.13,194.68,188.58,198.29,207.13,196.44,212.77,201.42,179.57,172.72,169.52,156.53,163.37,77.49,105.87,183.85,201.24,191.53,148.65,189.62,191.28,151.48,176.38,170.77,164.89,,33,965,33,33.9,
25.06.23 19:02:58,78.38,193.91,187.07,197.78,206.09,194.91,211.98,200.15,179.33,171.73,169.27,156.06,163.61,75.85,105.43,182.85,199.21,190.77,148.41,189.12,191.01,150.1,175.15,170.53,165.36,,33,965,33,33.89,
25.06.23 19:03:13,78.63,193.65,186.56,196.51,204.54,194.91,210.93,199.39,179.33,170.5,167.8,154.66,161.95,75.85,106.96,182.35,197.7,190.02,146.53,189.37,190.47,150.56,173.44,169.1,164.42,,33,965,33,33.88,
25.06.23 19:03:28,78.88,192.62,184.56,196.26,204.8,193.89,210.4,198.88,178.61,169.03,168.78,154.43,162.43,73.62,105.43,181.6,196.7,189.01,146.77,188.62,189.67,150.33,173.2,168.15,163.96,,33,965,33,33.86,
25.06.23 19:03:43,79.13,191.85,184.31,195.75,205.57,193.38,210.4,198.88,178.85,168.05,168.54,154.66,161.95,74.23,105.22,181.85,195.69,189.01,146.53,188.37,189.67,149.18,172.22,168.87,165.13,,33,965,33,33.85,
25.06.23 19:03:58,79.38,190.83,184.56,195.24,202.73,193.13,209.62,198.12,178.13,166.34,167.31,154.66,161.95,72.2,106.09,181.6,195.44,187.51,146.07,188.87,189.94,150.1,171.98,167.44,165.13,,33,965,33,33.83,
25.06.23 19:04:13,79.63,189.55,183.31,194.23,202.21,192.37,208.31,198.12,178.13,164.64,167.31,153.49,161.25,71.39,105.87,180.85,194.19,186.76,144.2,188.12,188.6,149.64,170.76,165.79,164.89,,33,965,33,33.83,
25.06.23 19:04:28,79.88,188.02,182.82,193.47,201.44,190.85,208.05,197.11,177.65,163.18,165.85,153.49,161.01,70.38,103.05,180.85,192.95,186.51,144.2,188.12,188.06,148.26,169.79,165.08,163.96,,33,965,33,33.8,
25.06.23 19:04:43,80.13,188.28,182.82,193.22,199.65,190.85,207.78,197.11,177.89,163.18,167.07,153.26,159.6,69.77,102.83,180.61,193.19,187.01,143.27,188.37,188.06,148.49,169.54,164.37,163.96,,33,965,33,33.79,
25.06.23 19:04:58,80.38,188.02,181.57,192.72,199.9,189.84,207.52,196.35,177.18,162.45,166.09,153.49,160.31,70.18,101.11,180.61,191.95,184.51,143.27,188.12,187.26,146.89,168.09,164.14,164.19,,33,965,33,33.79,
25.06.23 19:05:13,80.63,187.01,180.08,192.21,200.42,189.84,206.74,196.1,177.18,161.97,166.34,152.57,160.07,67.56,102.18,179.86,191.2,184.76,143.5,187.63,186.46,146.2,168.57,162.26,163.49,,33,965,33,33.76,
25.06.23 19:05:28,80.88,187.01,178.6,191.46,199.13,189.84,205.96,194.84,176.7,161.49,165.6,153.73,159.13,66.76,100.46,179.61,190.21,183.52,141.41,187.38,185.93,145.52,167.36,160.85,163.72,,33,965,33,33.76,
25.06.23 19:05:43,81.13,186.75,176.87,190.2,196.84,189.58,203.88,194.84,175.99,160.52,165.85,151.17,158.43,65.76,98.53,179.36,189.47,182.77,139.79,186.38,185.67,144.38,165.44,159.92,163.72,,33,965,33,33.75,
25.06.23 19:05:58,81.38,185.74,176.87,189.45,195.31,189.33,202.85,193.58,176.22,159.32,165.12,151.64,158.43,66.36,99.17,180.36,188.97,182.03,138.86,186.14,184.87,144.15,165.68,162.49,163.26,,33,965,33,33.74,
25.06.23 19:06:13,81.63,184.98,177.12,188.95,192.27,188.07,203.1,193.58,175.99,158.35,164.87,150.71,158.19,64.16,99.17,179.61,188.48,181.53,139.56,186.63,183.54,143.47,164.23,159.45,163.26,,33,965,33,33.72,
25.06.23 19:06:28,81.88,184.72,177.61,188.95,191.77,187.32,202.85,193.08,175.75,159.56,164.63,151.17,157.96,63.56,99.81,180.11,186.02,181.04,138.86,186.38,182.22,142.79,163.75,162.02,163.02,,33,965,33,33.72,
25.06.23 19:06:43,82.13,184.22,175.64,188.2,190.76,185.81,201.3,192.83,175.99,157.87,164.14,150.94,157.49,62.17,96.81,179.61,186.02,180.79,138.86,186.38,180.37,141.89,162.56,158.75,162.56,,33,965,33,33.69,
25.06.23 19:06:58,82.38,183.46,174.91,187.45,189,184.56,201.04,192.58,174.8,158.59,164.14,152.33,156.79,61.78,95.75,178.12,184.54,180.55,137.02,185.64,180.64,140.98,162.08,157.36,162.33,,33,965,33,33.68,
25.06.23 19:07:13,82.63,182.7,175.89,187.2,188.25,184.06,198.72,191.58,175.27,158.11,163.17,148.64,156.32,60.98,96.17,177.14,183.32,180.05,138.4,185.15,179.06,140.08,161.84,158.06,161.86,,33,965,33,33.65,
25.06.23 19:07:28,82.88,182.7,176.14,186.45,186.24,183.81,198.98,191.58,174.8,156.2,163.17,148.41,155.85,59.99,95.53,176.64,183.57,178.08,135.87,185.39,178.79,140.3,161.12,155.97,161.63,,33,965,33,33.64,
25.06.23 19:07:43,83.13,182.2,173.93,186.45,185,184.06,197.95,191.33,174.32,155.96,163.41,148.41,155.85,59.4,94.47,176.15,183.32,177.1,136.33,184.65,178.27,138.73,159.69,155.97,161.63,,33,965,33,33.61,
25.06.23 19:07:58,83.38,181.95,172.95,185.96,184.75,182.07,197.7,189.83,174.09,154.76,162.69,147.95,155.39,58.81,95.53,175.9,183.08,175.87,136.33,184.16,177.48,139.18,158.27,156.43,161.63,,33,965,33,33.58,
25.06.23 19:08:13,83.63,181.45,173.2,185.46,185.75,181.57,196.93,190.08,174.32,155.48,162.2,147.03,154.69,58.81,93.83,176.89,181.37,176.36,136.56,185.15,178.27,140.08,158.03,155.51,161.63,,33,965,33,33.58,
25.06.23 19:08:28,83.88,181.19,172.22,185.21,182.76,180.83,196.16,189.58,174.09,153.34,162.2,147.26,154.23,59.4,94.04,175.9,180.64,175.63,134.5,184.16,176.7,139.63,158.5,156.43,160.47,,33,965,33,33.55,
25.06.23 19:08:43,84.13,181.7,171.73,184.22,182.27,180.58,195.65,188.09,173.38,152.86,161.48,146.11,153.99,57.23,92.98,174.92,180.64,174.65,133.81,184.41,176.44,139.85,157.55,156.66,160.7,,33,965,33,33.54,
25.06.23 19:08:58,84.38,182.45,171.24,183.97,183.76,180.83,195.14,188.84,173.61,151.67,161.72,147.03,153.76,58.81,92.77,174.67,180.88,174.41,132.67,183.67,176.7,138.28,156.37,157.13,161.63,,33,965,33,33.51,
25.06.23 19:09:13,84.63,182.96,170.51,183.47,181.53,179.59,194.63,188.59,172.9,150.96,161.48,146.34,152.83,56.25,92.34,174.18,179.91,173.19,132.44,183.42,176.44,138.28,155.43,155.74,160.47,,33,965,33,33.51,
25.06.23 19:09:28,84.88,182.7,169.54,182.73,182.02,179.84,194.12,187.6,172.9,150.73,160.51,146.11,152.37,55.27,91.5,172.47,178.94,172.46,129.95,183.17,175.39,137.38,154.72,152.74,160.47,,33,965,33,33.49,
25.06.23 19:09:43,85.13,181.95,169.54,182.73,180.78,180.08,193.36,186.85,172.43,150.25,160.75,146.57,152.83,54.49,92.13,172.96,179.43,172.46,129.27,183.42,174.87,138.28,154.48,152.51,159.77,,33,965,33,33.49,
25.06.23 19:09:58,85.38,180.44,169.06,181.74,180.04,178.85,191.59,186.36,171.72,150.49,160.27,145.42,151.91,53.32,90.65,172.47,178.7,170.76,128.14,181.94,174.87,137.38,153.54,153.2,160.47,,33,965,33,33.47,
25.06.23 19:10:13,85.63,178.94,169.06,181,180.29,179.34,191.59,185.62,172.43,150.96,160.03,145.65,151.68,53.32,90.86,172.71,177.49,169.79,127.91,181.94,176.17,137.83,153.54,151.36,160.24,,33,965,33,33.46,
25.06.23 19:10:28,85.88,177.69,168.09,180.76,179.8,177.37,191.08,185.62,171.96,150.02,159.3,144.51,150.75,52.35,89.39,171.98,177.73,171.49,128.59,181.94,176.44,137.83,153.07,152.05,160.93,,33,965,33,33.46,
25.06.23 19:10:43,86.13,177.19,167.85,180.51,179.06,176.63,190.83,185.37,171.96,150.02,160.03,144.51,150.52,50.4,89.6,171.73,175.8,170.03,125.88,182.43,174.87,136.71,151.9,150.22,159.31,,33,965,33,33.43,
25.06.23 19:10:58,86.38,176.19,168.09,180.27,179.06,176.14,189.82,185.37,171.96,150.02,159.54,144.05,150.52,50.99,88.76,171.49,176.52,168.58,126.33,182.43,175.13,137.83,151.9,150.45,159.31,,33,965,33,33.43,