"gene","loading","abs_loading","rank","cum_abs","cum_abs_prop","var_contrib","cum_var","selected_elbow","selected_25_var"
"Montipora_capitata_HIv3___RNAseq.g7282.t1",0.0592683117790872,0.0592683117790872,1,0.0592683117790872,0.00052577779148118,0.00351273278114308,0.00351273278114307,TRUE,TRUE
"Montipora_capitata_HIv3___RNAseq.g47642.t2",0.0575963326468232,0.0575963326468232,2,0.11686464442591,0.00103672321353633,0.00331733753436352,0.00683007031550657,TRUE,TRUE
"Montipora_capitata_HIv3___RNAseq.g7242.t1",0.0555365418240352,0.0555365418240352,3,0.172401186249946,0.00152939593240137,0.00308430747777281,0.00991437779327936,TRUE,TRUE
"Montipora_capitata_HIv3___RNAseq.g24569.t1",-0.0506830071422459,0.0506830071422459,4,0.223084193392192,0.00197901224103187,0.00256876721298095,0.0124831450062603,TRUE,TRUE
"Montipora_capitata_HIv3___RNAseq.g26710.t1",-0.0485451465818919,0.0485451465818919,5,0.271629339974083,0.00240966327850521,0.00235663125665737,0.0148397762629177,TRUE,TRUE
"Montipora_capitata_HIv3___TS.g9947.t1",-0.0461425186959651,0.0461425186959651,6,0.317771858670049,0.00281900025546807,0.00212913203160749,0.0169689082945251,TRUE,TRUE
"Montipora_capitata_HIv3___TS.g48633.t1",-0.0450195881178058,0.0450195881178058,7,0.362791446787854,0.00321837555237545,0.00202676331429688,0.018995671608822,TRUE,TRUE
"Montipora_capitata_HIv3___RNAseq.g24991.t1",0.0400650644074051,0.0400650644074051,8,0.40285651119526,0.00357379855072563,0.00160520938596952,0.0206008809947915,TRUE,TRUE
"Montipora_capitata_HIv3___RNAseq.g12951.t1",-0.038175273498187,0.038175273498187,9,0.441031784693447,0.00391245693977982,0.00145735150666138,0.0220582325014529,TRUE,TRUE
"Montipora_capitata_HIv3___RNAseq.g18177.t1",-0.0378096292873198,0.0378096292873198,10,0.478841413980766,0.00424787164599765,0.00142956806684455,0.0234878005682974,TRUE,TRUE
"Montipora_capitata_HIv3___TS.g30641.t2",-0.0371131584095337,0.0371131584095337,11,0.5159545723903,0.00457710785802589,0.00137738652713115,0.0248651870954286,TRUE,TRUE
"Montipora_capitata_HIv3___RNAseq.g611.t1",-0.0354099661682523,0.0354099661682523,12,0.551364538558552,0.00489123480461013,0.00125386570403677,0.0261190527994653,TRUE,TRUE
"Montipora_capitata_HIv3___RNAseq.g12435.t2",-0.0348514209289837,0.0348514209289837,13,0.586215959487536,0.00520040681535209,0.0012146215407692,0.0273336743402345,TRUE,TRUE
"Montipora_capitata_HIv3___RNAseq.g21685.t1",-0.0339757053160538,0.0339757053160538,14,0.62019166480359,0.00550181022585708,0.00115434855172333,0.0284880228919579,TRUE,TRUE
"Montipora_capitata_HIv3___RNAseq.g49477.t1",-0.0337309308570069,0.0337309308570069,15,0.653922595660597,0.00580104220662795,0.00113777569648018,0.029625798588438,TRUE,TRUE
"Montipora_capitata_HIv3___RNAseq.g41032.t1",-0.0334258990464464,0.0334258990464464,16,0.687348494707043,0.00609756820595825,0.00111729072706322,0.0307430893155013,TRUE,TRUE
"Montipora_capitata_HIv3___RNAseq.g26963.t1",0.0332607550821576,0.0332607550821576,17,0.720609249789201,0.00639262918922492,0.00110627782863528,0.0318493671441365,TRUE,TRUE
"Montipora_capitata_HIv3___RNAseq.g14936.t1",-0.033193027483723,0.033193027483723,18,0.753802277272924,0.00668708935114106,0.00110177707353519,0.0329511442176717,TRUE,TRUE
"Montipora_capitata_HIv3___RNAseq.g13667.t1",0.0329860020852072,0.0329860020852072,19,0.786788279358131,0.00697971296071506,0.0010880763335653,0.034039220551237,TRUE,TRUE
"Montipora_capitata_HIv3___RNAseq.g12616.t1",-0.0327354656544618,0.0327354656544618,20,0.819523745012593,0.00727011402526814,0.00107161071161445,0.0351108312628515,TRUE,TRUE
"Montipora_capitata_HIv3___RNAseq.g40619.t1",-0.0316674765546882,0.0316674765546882,21,0.851191221567281,0.00755104080359053,0.00100282907134173,0.0361136603341932,TRUE,TRUE
"Montipora_capitata_HIv3___RNAseq.g37645.t1",-0.0315486179391914,0.0315486179391914,22,0.882739839506473,0.00783091316989276,0.000995315293873067,0.0371089756280662,TRUE,TRUE
"Montipora_capitata_HIv3___RNAseq.g5463.t2",-0.0310923911894041,0.0310923911894041,23,0.913832230695877,0.00810673828251563,0.000966736789874934,0.0380757124179412,TRUE,TRUE
"Montipora_capitata_HIv3___RNAseq.g40609.t1",-0.0309551157415991,0.0309551157415991,24,0.944787346437476,0.00838134560472731,0.000958219190575799,0.039033931608517,TRUE,TRUE
"Montipora_capitata_HIv3___RNAseq.g34921.t1",-0.0308675144347726,0.0308675144347726,25,0.975654860872249,0.00865517580303836,0.000952803447380895,0.0399867350558979,TRUE,TRUE
"Montipora_capitata_HIv3___RNAseq.g9331.t1",-0.030801087685597,0.030801087685597,26,1.00645594855785,0.00892841672002134,0.000948707002615835,0.0409354420585137,TRUE,TRUE
"Montipora_capitata_HIv3___RNAseq.g18634.t1",-0.0304123736835307,0.0304123736835307,27,1.03686832224138,0.00919820929870365,0.000924912473066708,0.0418603545315804,TRUE,TRUE
"Montipora_capitata_HIv3___TS.g21451.t2",-0.0302616448863019,0.0302616448863019,28,1.06712996712768,0.00946666474036045,0.000915767151224641,0.042776121682805,TRUE,TRUE
"Montipora_capitata_HIv3___RNAseq.g9253.t1",-0.0299102452225623,0.0299102452225623,29,1.09704021235024,0.00973200286462483,0.000894622769273809,0.0436707444520788,TRUE,TRUE
"Montipora_capitata_HIv3___RNAseq.g43132.t1",-0.029654055492523,0.029654055492523,30,1.12669426784276,0.00999506829263016,0.000879363007153637,0.0445501074592325,TRUE,TRUE
"Montipora_capitata_HIv3___RNAseq.g42280.t1",-0.0296338378946169,0.0296338378946169,31,1.15632810573738,0.0102579543673916,0.000878164348364434,0.0454282718075969,TRUE,TRUE
"Montipora_capitata_HIv3___RNAseq.g25177.t1",0.0293336206658158,0.0293336206658158,32,1.1856617264032,0.0105181771715657,0.000860461301365975,0.0462887331089629,TRUE,TRUE
"Montipora_capitata_HIv3___RNAseq.g9468.t1",-0.0288753253985543,0.0288753253985543,33,1.21453705180175,0.0107743343719419,0.000833784416872395,0.0471225175258353,TRUE,TRUE
"Montipora_capitata_HIv3___TS.g5308.t2b",-0.0287111737243451,0.0287111737243451,34,1.2432482255261,0.0110290353590037,0.000824331496629525,0.0479468490224648,TRUE,TRUE
"Montipora_capitata_HIv3___RNAseq.g41149.t1",-0.0286219030687472,0.0286219030687472,35,1.27187012859484,0.0112829444131297,0.00081921333527676,0.0487660623577415,TRUE,TRUE
"Montipora_capitata_HIv3___RNAseq.g24972.t1",0.0284425852644246,0.0284425852644246,36,1.30031271385927,0.011535262713001,0.000808980656524061,0.0495750430142656,TRUE,TRUE
"Montipora_capitata_HIv3___RNAseq.g33682.t1",-0.0283299725442165,0.0283299725442165,37,1.32864268640348,0.0117865820090954,0.000802587344356063,0.0503776303586216,TRUE,TRUE
"Montipora_capitata_HIv3___RNAseq.g19167.t1",-0.0281319906391639,0.0281319906391639,38,1.35677467704265,0.01203614497899,0.000791408897322007,0.0511690392559437,TRUE,TRUE
"Montipora_capitata_HIv3___TS.g1413.t1",0.0280267069307758,0.0280267069307758,39,1.38480138397342,0.0122847739618346,0.000785496301383597,0.0519545355573272,TRUE,TRUE
"Montipora_capitata_HIv3___RNAseq.g22780.t1",-0.0276239754285043,0.0276239754285043,40,1.41242535940193,0.0125298302551009,0.000763084018474609,0.0527176195758019,TRUE,TRUE
"Montipora_capitata_HIv3___RNAseq.g5060.t1",-0.0274257648991072,0.0274257648991072,41,1.43985112430103,0.0127731281940076,0.000752172580301101,0.0534697921561029,TRUE,TRUE
"Montipora_capitata_HIv3___TS.g10224.t1",-0.0273950396555828,0.0273950396555828,42,1.46724616395662,0.0130161535648219,0.000750488197730957,0.0542202803538339,TRUE,TRUE
"Montipora_capitata_HIv3___TS.g5013.t1",-0.0272485150118638,0.0272485150118638,43,1.49449467896848,0.0132578790942664,0.000742481570351767,0.0549627619241857,TRUE,TRUE
"Montipora_capitata_HIv3___RNAseq.g38480.t1",0.0270925250855683,0.0270925250855683,44,1.52158720405405,0.0134982208144462,0.000734004915512148,0.0556967668396978,TRUE,TRUE
"Montipora_capitata_HIv3___RNAseq.g50307.t1",-0.0270216806112012,0.0270216806112012,45,1.54860888466525,0.0137379340630169,0.000730171223053768,0.0564269380627516,TRUE,TRUE
"Montipora_capitata_HIv3___RNAseq.g49944.t1",0.026831683353922,0.026831683353922,46,1.57544056801917,0.0139759618183566,0.000719939231605137,0.0571468772943567,TRUE,TRUE
"Montipora_capitata_HIv3___RNAseq.g3426.t1",-0.0268094706812934,0.0268094706812934,47,1.60225003870047,0.0142137925218551,0.00071874771821113,0.0578656250125678,TRUE,TRUE
"Montipora_capitata_HIv3___TS.g6881.t1",-0.026664978315135,0.026664978315135,48,1.6289150170156,0.0144503414126128,0.000711021068546622,0.0585766460811144,TRUE,TRUE
"Montipora_capitata_HIv3___RNAseq.g26429.t1",0.0265984673442291,0.0265984673442291,49,1.65551348435983,0.0146863002748993,0.00070747846506202,0.0592841245461765,TRUE,TRUE
"Montipora_capitata_HIv3___RNAseq.g44299.t1",-0.0265900843933008,0.0265900843933008,50,1.68210356875313,0.014922184770812,0.00070703258804286,0.0599911571342193,TRUE,TRUE
"Montipora_capitata_HIv3___RNAseq.g20524.t1",-0.0264499312472531,0.0264499312472531,51,1.70855350000038,0.015156825947835,0.000699598862984416,0.0606907559972037,TRUE,TRUE
"Montipora_capitata_HIv3___TS.g4543.t1",0.0264439967735812,0.0264439967735812,52,1.73499749677397,0.0153914144792811,0.000699284965361171,0.0613900409625649,TRUE,TRUE
"Montipora_capitata_HIv3___TS.g26144.t1",-0.0264428656917825,0.0264428656917825,53,1.76144036246575,0.0156259929767366,0.000699225145993648,0.0620892661085585,TRUE,TRUE
"Montipora_capitata_HIv3___RNAseq.g44686.t1",-0.0263924927977055,0.0263924927977055,54,1.78783285526345,0.0158601246089414,0.000696563676076937,0.0627858297846355,TRUE,TRUE
"Montipora_capitata_HIv3___RNAseq.g27999.t1",0.0262721971029806,0.0262721971029806,55,1.81410505236643,0.0160931890805877,0.000690228340617861,0.0634760581252533,TRUE,TRUE
"Montipora_capitata_HIv3___RNAseq.g39917.t1",-0.0262416863108133,0.0262416863108133,56,1.84034673867725,0.0163259828865707,0.000688626100435126,0.0641646842256884,TRUE,TRUE
"Montipora_capitata_HIv3___RNAseq.g44980.t1",0.026039147174468,0.026039147174468,57,1.86638588585172,0.0165569799384941,0.000678037185573605,0.064842721411262,TRUE,TRUE
"Montipora_capitata_HIv3___RNAseq.g3351.t1",-0.0259690735654477,0.0259690735654477,58,1.89235495941716,0.0167873553572667,0.000674392781847635,0.0655171141931097,TRUE,TRUE
"Montipora_capitata_HIv3___RNAseq.g6968.t1",-0.025939838249248,0.025939838249248,59,1.91829479766641,0.0170174714253083,0.00067287520839715,0.0661899894015068,TRUE,TRUE
"Montipora_capitata_HIv3___RNAseq.g15676.t1",-0.0257709699588115,0.0257709699588115,60,1.94406576762522,0.0172460894382488,0.000664142892617966,0.0668541322941248,TRUE,TRUE
"Montipora_capitata_HIv3___RNAseq.g27881.t1",0.0257609695677483,0.0257609695677483,61,1.96982673719297,0.0174746187362695,0.000663627553070456,0.0675177598471952,TRUE,TRUE
"Montipora_capitata_HIv3___RNAseq.g14576.t1",0.0256749704937802,0.0256749704937802,62,1.99550170768675,0.0177023851240296,0.000659204109856482,0.0681769639570517,TRUE,TRUE
"Montipora_capitata_HIv3___TS.g30067.t1",0.0256662527621593,0.0256662527621593,63,2.02116796044891,0.0179300741755279,0.00065875653085105,0.0688357204879028,TRUE,TRUE
"Montipora_capitata_HIv3___RNAseq.g27000.t1",0.0256447909424784,0.0256447909424784,64,2.04681275139139,0.0181575728361105,0.00065765530248342,0.0694933757903862,TRUE,TRUE
"Montipora_capitata_HIv3___RNAseq.g42704.t1",0.0255939839421344,0.0255939839421344,65,2.07240673533352,0.0183846207804228,0.000655052014030233,0.0701484278044164,TRUE,TRUE
"Montipora_capitata_HIv3___RNAseq.g47264.t1",0.025590307737783,0.025590307737783,66,2.09799704307131,0.0186116361125929,0.000654863850114438,0.0708032916545309,TRUE,TRUE
"Montipora_capitata_HIv3___RNAseq.g26428.t1",0.025323299345509,0.025323299345509,67,2.12332034241681,0.018836282774582,0.000641269489742255,0.0714445611442731,TRUE,TRUE
"Montipora_capitata_HIv3___RNAseq.g39030.t1",0.0252763589021949,0.0252763589021949,68,2.14859670131901,0.0190605130210891,0.000638894319352567,0.0720834554636257,TRUE,TRUE
"Montipora_capitata_HIv3___RNAseq.g32198.t1a",-0.0252339067667759,0.0252339067667759,69,2.17383060808579,0.0192843666685445,0.00063675005071434,0.07272020551434,TRUE,TRUE
"Montipora_capitata_HIv3___RNAseq.g44225.t2",0.0252286033194514,0.0252286033194514,70,2.19905921140524,0.0195081732683495,0.000636482425450232,0.0733566879397903,TRUE,TRUE
"Montipora_capitata_HIv3___RNAseq.g545.t1b",0.0250664592876809,0.0250664592876809,71,2.22412567069292,0.0197305414649273,0.000628327381220963,0.0739850153210112,TRUE,TRUE
"Montipora_capitata_HIv3___RNAseq.g37032.t1",-0.0249125626688021,0.0249125626688021,72,2.24903823336172,0.0199515444222743,0.000620635778726992,0.0746056510997382,TRUE,TRUE
"Montipora_capitata_HIv3___RNAseq.g42111.t1",0.0248659736702706,0.0248659736702706,73,2.27390420703199,0.0201721340818569,0.000618316646570591,0.0752239677463088,TRUE,TRUE
"Montipora_capitata_HIv3___TS.g26544.t1",-0.0248535618530261,0.0248535618530261,74,2.29875776888502,0.0203926136344082,0.000617699536782195,0.075841667283091,TRUE,TRUE
"Montipora_capitata_HIv3___TS.g32462.t1",-0.0247949760498828,0.0247949760498828,75,2.3235527449349,0.0206125734638011,0.00061479083731426,0.0764564581204053,TRUE,TRUE
"Montipora_capitata_HIv3___RNAseq.g44883.t1",-0.0247646592922803,0.0247646592922803,76,2.34831740422718,0.0208322643488395,0.000613288349862724,0.077069746470268,TRUE,TRUE
"Montipora_capitata_HIv3___RNAseq.g32875.t1",0.0247346142456288,0.0247346142456288,77,2.37305201847281,0.0210516886999106,0.000611801141880062,0.077681547612148,TRUE,TRUE
"Montipora_capitata_HIv3___TS.g29891.t2",-0.0247241709734812,0.0247241709734812,78,2.39777618944629,0.0212710204071996,0.00061128463032593,0.078292832242474,TRUE,TRUE
"Montipora_capitata_HIv3___RNAseq.g15280.t1",0.0246674486433006,0.0246674486433006,79,2.42244363808959,0.0214898489224691,0.000608483022569873,0.0789013152650438,TRUE,TRUE
"Montipora_capitata_HIv3___RNAseq.g41495.t1",0.0246343211277971,0.0246343211277971,80,2.44707795921739,0.021708383558743,0.000606849777427431,0.0795081650424713,TRUE,TRUE
"Montipora_capitata_HIv3___RNAseq.g14210.t1a",0.0246101493674727,0.0246101493674727,81,2.47168810858486,0.0219267037638246,0.000605659451889319,0.0801138244943606,TRUE,TRUE
"Montipora_capitata_HIv3___RNAseq.g23351.t1",0.0245585206946249,0.0245585206946249,82,2.49624662927949,0.02214456596346,0.00060312093870832,0.0807169454330689,TRUE,TRUE
"Montipora_capitata_HIv3___RNAseq.g44298.t1",-0.0245003481110352,0.0245003481110352,83,2.52074697739052,0.0223619121056675,0.000600267057561907,0.0813172124906308,TRUE,TRUE
"Montipora_capitata_HIv3___RNAseq.g11702.t1",-0.0244408184393429,0.0244408184393429,84,2.54518779582986,0.0225787301515219,0.000597353605984923,0.0819145660966157,TRUE,TRUE
"Montipora_capitata_HIv3___RNAseq.g28076.t1",0.0244012058592076,0.0244012058592076,85,2.56958900168907,0.0227951967884316,0.000595418847383426,0.0825099849439991,TRUE,TRUE
"Montipora_capitata_HIv3___RNAseq.g35385.t1",-0.0242970215548539,0.0242970215548539,86,2.59388602324392,0.0230107391912639,0.000590345256437036,0.0831003302004362,TRUE,TRUE
"Montipora_capitata_HIv3___RNAseq.g22719.t1",-0.0241806707078326,0.0241806707078326,87,2.61806669395176,0.0232252494288541,0.000584704835880634,0.0836850350363168,TRUE,TRUE
"Montipora_capitata_HIv3___RNAseq.g27617.t1",-0.0241783269798455,0.0241783269798455,88,2.6422450209316,0.0234397388748932,0.000584591495544326,0.0842696265318611,TRUE,TRUE
"Montipora_capitata_HIv3___TS.g48731.t1",-0.0241283709434512,0.0241283709434512,89,2.66637339187505,0.0236537851536867,0.000582178284384782,0.0848518048162459,TRUE,TRUE
"Montipora_capitata_HIv3___RNAseq.g30991.t1",-0.024023878718739,0.024023878718739,90,2.69039727059379,0.0238669044667968,0.000577146748692682,0.0854289515649386,TRUE,TRUE
"Montipora_capitata_HIv3___RNAseq.11177_t",-0.0239999396284745,0.0239999396284745,91,2.71439721022227,0.0240798114127644,0.00057599710217042,0.086004948667109,TRUE,TRUE
"Montipora_capitata_HIv3___RNAseq.g28247.t1",-0.0239864022332083,0.0239864022332083,92,2.73838361245548,0.0242925982665348,0.00057534749209326,0.0865802961592022,TRUE,TRUE
"Montipora_capitata_HIv3___RNAseq.g3971.t1",-0.0238605325632063,0.0238605325632063,93,2.76224414501868,0.0245042685122034,0.000569325014199826,0.0871496211734021,TRUE,TRUE
"Montipora_capitata_HIv3___RNAseq.g12285.t1",0.0238309354181426,0.0238309354181426,94,2.78607508043683,0.0247156761973048,0.000567913482903686,0.0877175346563058,TRUE,TRUE
"Montipora_capitata_HIv3___RNAseq.g34035.t1",-0.0238272591448482,0.0238272591448482,95,2.80990233958167,0.0249270512696524,0.00056773827835575,0.0882852729346615,TRUE,TRUE
"Montipora_capitata_HIv3___RNAseq.g30069.t1",-0.0237728643228091,0.0237728643228091,96,2.83367520390448,0.0251379437976431,0.000565149078110689,0.0888504220127722,TRUE,TRUE
"Montipora_capitata_HIv3___RNAseq.g38432.t1",-0.0237527125184777,0.0237527125184777,97,2.85742791642296,0.0253486575560542,0.000564191351985445,0.0894146133647576,TRUE,TRUE
"Montipora_capitata_HIv3___RNAseq.g26563.t2",0.023709409046813,0.023709409046813,98,2.88113732546977,0.0255589871630864,0.0005621360773491,0.0899767494421067,TRUE,TRUE
"Montipora_capitata_HIv3___RNAseq.g13613.t1",-0.0236785346654275,0.0236785346654275,99,2.9048158601352,0.0257690428790025,0.000560673003901851,0.0905374224460086,TRUE,TRUE
"Montipora_capitata_HIv3___RNAseq.g14523.t1",0.0235538383157042,0.0235538383157042,100,2.9283696984509,0.0259779923955114,0.000554783299402335,0.0910922057454109,TRUE,TRUE
"Montipora_capitata_HIv3___TS.g45809.t3",0.0235392504309448,0.0235392504309448,101,2.95190894888185,0.0261868125007784,0.000554096310850735,0.0916463020562617,TRUE,TRUE
"Montipora_capitata_HIv3___RNAseq.g29882.t1",-0.0235286065048919,0.0235286065048919,102,2.97543755538674,0.0263955381822333,0.000553595324062039,0.0921998973803237,TRUE,TRUE
"Montipora_capitata_HIv3___RNAseq.g18107.t1",-0.0235079698640722,0.0235079698640722,103,2.99894552525081,0.0266040807930538,0.000552624647130129,0.0927525220274538,TRUE,TRUE
"Montipora_capitata_HIv3___RNAseq.g46396.t1",0.0234901685371429,0.0234901685371429,104,3.02243569378796,0.0268124654857209,0.00055178801790338,0.0933043100453572,TRUE,TRUE
"Montipora_capitata_HIv3___TS.g7430.t1",-0.023487576383232,0.023487576383232,105,3.04592327017119,0.0270208271830146,0.000551666244358158,0.0938559762897154,TRUE,TRUE
"Montipora_capitata_HIv3___RNAseq.g6578.t1",-0.0234350394360965,0.0234350394360965,106,3.06935830960729,0.027228722817429,0.000549201073371398,0.0944051773630867,TRUE,TRUE
"Montipora_capitata_HIv3___RNAseq.g833.t2",0.0234224087598309,0.0234224087598309,107,3.09278071836712,0.027436506403282,0.000548609232112602,0.0949537865951993,TRUE,TRUE
"Montipora_capitata_HIv3___TS.g42134.t1",-0.0233950999339506,0.0233950999339506,108,3.11617581830107,0.0276440477285791,0.000547330700919537,0.0955011172961189,TRUE,TRUE
"Montipora_capitata_HIv3___RNAseq.g7793.t1",-0.0233793027967589,0.0233793027967589,109,3.13955512109783,0.0278514489151806,0.000546591799262537,0.0960477090953814,TRUE,TRUE
"Montipora_capitata_HIv3___RNAseq.g11984.t1",-0.0232892971330737,0.0232892971330737,110,3.1628444182309,0.028058051648483,0.000542391360952596,0.096590100456334,TRUE,TRUE
"Montipora_capitata_HIv3___RNAseq.g39250.t1",-0.0232716271054345,0.0232716271054345,111,3.18611604533633,0.0282644976284069,0.000541568628134392,0.0971316690844684,TRUE,TRUE
"Montipora_capitata_HIv3___RNAseq.g3231.t1",0.0231997674536921,0.0231997674536921,112,3.20931581279003,0.0284703061309359,0.000538229209905392,0.0976698982943738,TRUE,TRUE
"Montipora_capitata_HIv3___RNAseq.g23099.t1",-0.0231506776093315,0.0231506776093315,113,3.23246649039936,0.0286756791503345,0.000535953873771203,0.098205852168145,TRUE,TRUE
"Montipora_capitata_HIv3___RNAseq.g37310.t1",0.0230947522267165,0.0230947522267165,114,3.25556124262607,0.0288805560475511,0.000533367580413425,0.0987392197485584,TRUE,TRUE
"Montipora_capitata_HIv3___RNAseq.g5972.t1",0.0230914670212172,0.0230914670212172,115,3.27865270964729,0.0290854038012332,0.000533215849191962,0.0992724355977503,TRUE,TRUE
"Montipora_capitata_HIv3___TS.g10341.t1",-0.023075498146703,0.023075498146703,116,3.30172820779399,0.029290109892713,0.000532478614718495,0.0998049142124688,TRUE,TRUE
"Montipora_capitata_HIv3___RNAseq.g1194.t1",-0.022947682396155,0.022947682396155,117,3.32467589019015,0.0294936821121282,0.000526596127354802,0.100331510339824,TRUE,TRUE
"Montipora_capitata_HIv3___RNAseq.g24161.t1",-0.0229421046895885,0.0229421046895885,118,3.34761799487974,0.0296972048508994,0.00052634016758804,0.100857850507412,TRUE,TRUE
"Montipora_capitata_HIv3___RNAseq.g15140.t1",-0.0228976657581581,0.0228976657581581,119,3.3705156606379,0.0299003333654633,0.000524303097172327,0.101382153604584,TRUE,TRUE
"Montipora_capitata_HIv3___RNAseq.g5427.t1",-0.0228782652234131,0.0228782652234131,120,3.39339392586131,0.0301032897750692,0.000523415019632834,0.101905568624217,TRUE,TRUE
"Montipora_capitata_HIv3___RNAseq.g35088.t1",0.0228639909584248,0.0228639909584248,121,3.41625791681973,0.0303061195555997,0.00052276208254693,0.102428330706764,TRUE,TRUE
"Montipora_capitata_HIv3___RNAseq.g16022.t1b",-0.0227829464657688,0.0227829464657688,122,3.4390408632855,0.0305082303786793,0.000519062649662088,0.102947393356426,TRUE,TRUE
"Montipora_capitata_HIv3___RNAseq.g15189.t1",0.0227755305206681,0.0227755305206681,123,3.46181639380617,0.030710275413834,0.000518724790497884,0.103466118146924,TRUE,TRUE
"Montipora_capitata_HIv3___TS.g7730.t1",-0.0227255179235504,0.0227255179235504,124,3.48454191172972,0.0309118767799847,0.000516449164893612,0.103982567311817,TRUE,TRUE
"Montipora_capitata_HIv3___RNAseq.g7016.t1",0.0227104050905002,0.0227104050905002,125,3.50725231682022,0.0311133440780011,0.000515762499374618,0.104498329811192,TRUE,TRUE
"Montipora_capitata_HIv3___RNAseq.g36349.t1",-0.0227067078199576,0.0227067078199576,126,3.52995902464018,0.0313147785769942,0.000515594580020923,0.105013924391213,TRUE,TRUE
"Montipora_capitata_HIv3___RNAseq.g49943.t1",0.022600649077355,0.022600649077355,127,3.55255967371753,0.0315152722134964,0.00051078933871775,0.105524713729931,TRUE,TRUE
"Montipora_capitata_HIv3___RNAseq.g12726.t1",0.0225919613213589,0.0225919613213589,128,3.57515163503889,0.0317156887796548,0.000510396716345776,0.106035110446276,TRUE,TRUE
"Montipora_capitata_HIv3___RNAseq.g49702.t1",-0.0224134695485754,0.0224134695485754,129,3.59756510458747,0.0319145219194042,0.000502363617204916,0.106537474063481,TRUE,TRUE
"Montipora_capitata_HIv3___RNAseq.g19833.t1",0.0224076168035405,0.0224076168035405,130,3.61997272139101,0.0321133031386033,0.00050210129081431,0.107039575354296,TRUE,TRUE
"Montipora_capitata_HIv3___RNAseq.g20136.t1",0.0224055759349878,0.0224055759349878,131,3.642378297326,0.0323120662529615,0.000502009832978506,0.107541585187274,TRUE,TRUE
"Montipora_capitata_HIv3___TS.g8997.t1a",-0.0223640021112706,0.0223640021112706,132,3.66474229943727,0.0325104605598986,0.000500148590432918,0.108041733777707,TRUE,TRUE
"Montipora_capitata_HIv3___TS.g21374.t1",-0.0223533676330598,0.0223533676330598,133,3.68709566707033,0.0327087605268368,0.000499673044538727,0.108541406822246,TRUE,TRUE
"Montipora_capitata_HIv3___RNAseq.g21026.t1",-0.0223000876627403,0.0223000876627403,134,3.70939575473307,0.0329065878394293,0.000497293909765901,0.109038700732012,TRUE,TRUE
"Montipora_capitata_HIv3___RNAseq.g31010.t1",-0.0222712174482,0.0222712174482,135,3.73166697218127,0.0331041590401606,0.000496007126625009,0.109534707858637,TRUE,TRUE
"Montipora_capitata_HIv3___RNAseq.g29314.t1",0.0222419393041207,0.0222419393041207,136,3.75390891148539,0.0333014705102286,0.000494703864008189,0.110029411722645,TRUE,TRUE
"Montipora_capitata_HIv3___RNAseq.g49226.t1",-0.0221092823575357,0.0221092823575357,137,3.77601819384292,0.0334976051612797,0.000488820366365238,0.11051823208901,TRUE,TRUE
"Montipora_capitata_HIv3___RNAseq.g5096.t1",-0.0220443032561254,0.0220443032561254,138,3.79806249709905,0.0336931633732961,0.000485951306048023,0.111004183395058,TRUE,TRUE
"Montipora_capitata_HIv3___TS.g47954.t1",0.0220324603962999,0.0220324603962999,139,3.82009495749535,0.033888616525585,0.000485429311114523,0.111489612706173,TRUE,TRUE
"Montipora_capitata_HIv3___TS.g44925.t1b",-0.0220230543512729,0.0220230543512729,140,3.84211801184662,0.0340839862354839,0.000485014922959119,0.111974627629132,TRUE,TRUE
"Montipora_capitata_HIv3___RNAseq.g34475.t1",-0.0219998505895059,0.0219998505895059,141,3.86411786243613,0.0342791501014463,0.000483993425960583,0.112458621055092,TRUE,TRUE
"Montipora_capitata_HIv3___RNAseq.g36446.t1",-0.0219931088253111,0.0219931088253111,142,3.88611097126144,0.0344742541602404,0.000483696835801975,0.112942317890894,TRUE,TRUE
"Montipora_capitata_HIv3___RNAseq.g19113.t1",0.0219402471404701,0.0219402471404701,143,3.90805121840191,0.03466888927536,0.000481374444584907,0.113423692335479,TRUE,TRUE
"Montipora_capitata_HIv3___RNAseq.g15094.t1",-0.0218775732417115,0.0218775732417115,144,3.92992879164362,0.034862968401232,0.00047862821094645,0.113902320546426,TRUE,TRUE
"Montipora_capitata_HIv3___TS.g8825.t1b",-0.0218616305392393,0.0218616305392393,145,3.95179042218286,0.0350569060970777,0.0004779308898342,0.11438025143626,TRUE,TRUE
"Montipora_capitata_HIv3___RNAseq.g15917.t1",0.0218595993475688,0.0218595993475688,146,3.97365002153043,0.0352508257739274,0.000477842083636232,0.114858093519896,TRUE,TRUE
"Montipora_capitata_HIv3___TS.g17783.t2",0.0218552926460638,0.0218552926460638,147,3.99550531417649,0.0354447072454033,0.000477653816645089,0.115335747336541,TRUE,TRUE
"Montipora_capitata_HIv3___TS.g8995.t1",-0.0217752308351036,0.0217752308351036,148,4.0172805450116,0.0356378784769401,0.000474160677922046,0.115809908014463,TRUE,TRUE
"Montipora_capitata_HIv3___TS.g25306.t1",0.021765630877867,0.021765630877867,149,4.03904617588946,0.0358309645458637,0.000473742687511557,0.116283650701975,TRUE,TRUE
"Montipora_capitata_HIv3___TS.g7435.t1",-0.0217537991682476,0.0217537991682476,150,4.06079997505771,0.0360239456539748,0.00047322777825245,0.116756878480227,TRUE,TRUE
"Montipora_capitata_HIv3___RNAseq.g30989.t1",-0.0216780157283163,0.0216780157283163,151,4.08247799078603,0.0362162544761969,0.000469936365917131,0.117226814846144,TRUE,TRUE
"Montipora_capitata_HIv3___TS.g38776.t1",0.0215097852796721,0.0215097852796721,152,4.1039877760657,0.036407070901705,0.000462670862777599,0.117689485708922,TRUE,TRUE
"Montipora_capitata_HIv3___RNAseq.g19883.t1",-0.0214940238388215,0.0214940238388215,153,4.12548179990452,0.0365977475051848,0.000461993060783827,0.118151478769706,TRUE,TRUE
"Montipora_capitata_HIv3___TS.g47501.t1",0.0214823062093801,0.0214823062093801,154,4.1469641061139,0.036788320159874,0.000461489480073571,0.118612968249779,TRUE,TRUE
"Montipora_capitata_HIv3___RNAseq.g30993.t1",-0.0214632220695432,0.0214632220695432,155,4.16842732818344,0.0369787235163903,0.000460669901606526,0.119073638151386,TRUE,TRUE
"Montipora_capitata_HIv3___RNAseq.g18316.t1",-0.0214519846779997,0.0214519846779997,156,4.18987931286144,0.0371690271843761,0.000460187646625133,0.119533825798011,TRUE,TRUE
"Montipora_capitata_HIv3___RNAseq.g9995.t1",0.0214404992173164,0.0214404992173164,157,4.21131981207876,0.0373592289631741,0.000459695006687746,0.119993520804699,TRUE,TRUE
"Montipora_capitata_HIv3___RNAseq.g16480.t1",-0.0214181621539797,0.0214181621539797,158,4.23273797423274,0.0375492325866429,0.000458737670054168,0.120452258474753,TRUE,TRUE
"Montipora_capitata_HIv3___RNAseq.g26666.t1",0.0214072372894051,0.0214072372894051,159,4.25414521152214,0.0377391392940533,0.000458269808364895,0.120910528283118,TRUE,TRUE
"Montipora_capitata_HIv3___RNAseq.g36310.t1",0.0214042137355182,0.0214042137355182,160,4.27554942525766,0.0379290191790785,0.000458140365635746,0.121368668648753,TRUE,TRUE
"Montipora_capitata_HIv3___RNAseq.g26531.t1",-0.0213798371648561,0.0213798371648561,161,4.29692926242252,0.0381186828160092,0.000457097437195762,0.121825766085949,TRUE,TRUE
"Montipora_capitata_HIv3___RNAseq.g15098.t1",-0.0213705778488673,0.0213705778488673,162,4.31829984027139,0.0383082643122046,0.000456701597594499,0.122282467683544,TRUE,TRUE
"Montipora_capitata_HIv3___RNAseq.17921_t",0.0212862405653088,0.0212862405653088,163,4.3395860808367,0.0384970976401232,0.000453104037404197,0.122735571720948,TRUE,TRUE
"Montipora_capitata_HIv3___RNAseq.g23321.t1",0.0212815427419473,0.0212815427419473,164,4.36086762357864,0.0386858892929694,0.000452904061477328,0.123188475782425,TRUE,TRUE
"Montipora_capitata_HIv3___RNAseq.g30106.t1a",-0.021261525597755,0.021261525597755,165,4.3821291491764,0.0388745033708256,0.000452052470743992,0.123640528253169,TRUE,TRUE
"Montipora_capitata_HIv3___RNAseq.g2970.t1c",0.0212296989930694,0.0212296989930694,166,4.40335884816947,0.0390628351102548,0.000450700119336333,0.124091228372506,TRUE,TRUE
"Montipora_capitata_HIv3___RNAseq.g30400.t1",0.0212161646080966,0.0212161646080966,167,4.42457501277756,0.0392510467841915,0.000450125640677851,0.124541354013183,TRUE,TRUE
"Montipora_capitata_HIv3___RNAseq.34855_t",0.0211717469602589,0.0211717469602589,168,4.44574675973782,0.0394388644227309,0.000448242869349233,0.124989596882533,TRUE,TRUE
"Montipora_capitata_HIv3___TS.g36452.t2",0.0211600118650697,0.0211600118650697,169,4.46690677160289,0.0396265779575385,0.00044774610212989,0.125437342984663,TRUE,TRUE
"Montipora_capitata_HIv3___RNAseq.g42285.t1",0.0211585493730092,0.0211585493730092,170,4.4880653209759,0.0398142785183669,0.000447684211570067,0.125885027196233,TRUE,TRUE
"Montipora_capitata_HIv3___TS.g26551.t1",0.0211188706545732,0.0211188706545732,171,4.50918419163047,0.0400016270835281,0.000446006697724593,0.126331033893957,TRUE,TRUE
"Montipora_capitata_HIv3___RNAseq.g43550.t1",0.0211040149978491,0.0211040149978491,172,4.53028820662832,0.0401888438620034,0.000445379449029441,0.126776413342987,TRUE,TRUE
"Montipora_capitata_HIv3___TS.g33283.t2",0.0210873413329734,0.0210873413329734,173,4.5513755479613,0.040375912725979,0.000444675964493328,0.12722108930748,TRUE,TRUE
"Montipora_capitata_HIv3___RNAseq.g49833.t1",0.0210828476847105,0.0210828476847105,174,4.57245839564601,0.0405629417261489,0.000444486466496705,0.127665575773977,TRUE,TRUE
"Montipora_capitata_HIv3___RNAseq.g2967.t1",0.0210789068529835,0.0210789068529835,175,4.59353730249899,0.0407499357666289,0.000444320314116753,0.128109896088093,TRUE,TRUE
"Montipora_capitata_HIv3___RNAseq.g30565.t1",0.0210777781843239,0.0210777781843239,176,4.61461508068331,0.0409369197945254,0.000444272733187559,0.128554168821281,TRUE,TRUE
"Montipora_capitata_HIv3___RNAseq.g45502.t1",0.0210683168099731,0.0210683168099731,177,4.63568339749329,0.0411238198891977,0.000443873973205395,0.128998042794486,TRUE,TRUE
"Montipora_capitata_HIv3___RNAseq.g39903.t1",0.0210599683680193,0.0210599683680193,178,4.65674336586131,0.0413106459236302,0.000443522267661972,0.129441565062148,TRUE,TRUE
"Montipora_capitata_HIv3___RNAseq.g39822.t1",0.0210258173402983,0.0210258173402983,179,4.67776918320161,0.0414971689993418,0.000442084994827587,0.129883650056976,TRUE,TRUE
"Montipora_capitata_HIv3___RNAseq.g44457.t1",-0.020940940789131,0.020940940789131,180,4.69871012399074,0.0416829391228555,0.000438523001133891,0.13032217305811,TRUE,TRUE
"Montipora_capitata_HIv3___TS.g35289.t2",0.0209269553320587,0.0209269553320587,181,4.7196370793228,0.0418685851793507,0.000437937459469981,0.13076011051758,TRUE,TRUE
"Montipora_capitata_HIv3___RNAseq.g15087.t1",-0.0209017912554904,0.0209017912554904,182,4.74053887057829,0.0420540080016723,0.000436884877688094,0.131196995395268,TRUE,TRUE
"Montipora_capitata_HIv3___RNAseq.23511_t",-0.0208799546854492,0.0208799546854492,183,4.76141882526374,0.0422392371086133,0.000435972507666413,0.131632967902934,TRUE,TRUE
"Montipora_capitata_HIv3___RNAseq.g37669.t1",0.0208637663079771,0.0208637663079771,184,4.78228259157171,0.0424243226061094,0.000435296744553882,0.132068264647488,TRUE,TRUE
"Montipora_capitata_HIv3___RNAseq.g10712.t1c",-0.0208533951706274,0.0208533951706274,185,4.80313598674234,0.0426093160997416,0.000434864090142345,0.132503128737631,TRUE,TRUE
"Montipora_capitata_HIv3___RNAseq.g21357.t1",-0.0208514373054525,0.0208514373054525,186,4.82398742404779,0.0427942922248679,0.000434782437703217,0.132937911175334,TRUE,TRUE
"Montipora_capitata_HIv3___RNAseq.g348.t1",-0.02080486395294,0.02080486395294,187,4.84479228800073,0.0429788551910278,0.000432842364100342,0.133370753539434,TRUE,TRUE
"Montipora_capitata_HIv3___RNAseq.g34096.t1",-0.0207454769887195,0.0207454769887195,188,4.86553776498945,0.0431628913268133,0.000430374815489489,0.133801128354924,TRUE,TRUE
"Montipora_capitata_HIv3___RNAseq.g43965.t1",0.0207453146458084,0.0207453146458084,189,4.88628307963526,0.0433469260224313,0.000430368079753594,0.134231496434677,TRUE,TRUE
"Montipora_capitata_HIv3___RNAseq.g35263.t1",-0.0207052642635113,0.0207052642635113,190,4.90698834389877,0.0435306054252981,0.000428707968221838,0.134660204402899,TRUE,TRUE
"Montipora_capitata_HIv3___RNAseq.g19956.t1",-0.0207052469626943,0.0207052469626943,191,4.92769359086147,0.0437142846746867,0.000428707251786163,0.135088911654685,TRUE,TRUE
"Montipora_capitata_HIv3___RNAseq.g5193.t1a",0.0206921885003306,0.0206921885003306,192,4.9483857793618,0.0438978480805615,0.000428166664933213,0.135517078319618,TRUE,TRUE
"Montipora_capitata_HIv3___RNAseq.g39390.t1",-0.0206886281616538,0.0206886281616538,193,4.96907440752345,0.0440813799021554,0.000428019335211175,0.13594509765483,TRUE,TRUE
"Montipora_capitata_HIv3___RNAseq.g15088.t1",0.0206562685652663,0.0206562685652663,194,4.98973067608872,0.0442646246570755,0.000426681431040411,0.13637177908587,TRUE,TRUE
"Montipora_capitata_HIv3___RNAseq.g45549.t1",0.0206211774473655,0.0206211774473655,195,5.01035185353608,0.0444475581135983,0.000425232959315734,0.136797012045186,TRUE,TRUE
"Montipora_capitata_HIv3___RNAseq.g25774.t1",-0.0206101714365128,0.0206101714365128,196,5.0309620249726,0.0446303939342022,0.000424779166642446,0.137221791211828,TRUE,TRUE
"Montipora_capitata_HIv3___RNAseq.g14825.t3",0.0205791958938817,0.0205791958938817,197,5.05154122086648,0.044812954966274,0.000423503303638756,0.137645294515467,TRUE,TRUE
"Montipora_capitata_HIv3___RNAseq.g5271.t1",-0.0205397928697655,0.0205397928697655,198,5.07208101373624,0.0449951664484029,0.00042188309113287,0.1380671776066,TRUE,TRUE
"Montipora_capitata_HIv3___RNAseq.g27166.t1a",0.0205068484231397,0.0205068484231397,199,5.09258786215938,0.0451770856755667,0.000420530832249626,0.138487708438849,TRUE,TRUE
"Montipora_capitata_HIv3___RNAseq.g12727.t1",0.0204680424371079,0.0204680424371079,200,5.11305590459649,0.0453586606491992,0.00041894076120725,0.138906649200057,TRUE,TRUE
"Montipora_capitata_HIv3___RNAseq.g29853.t1",-0.0204676935881624,0.0204676935881624,201,5.13352359818465,0.045540232528142,0.000418926480818905,0.139325575680876,TRUE,TRUE
"Montipora_capitata_HIv3___RNAseq.g29503.t1",-0.0204534155587363,0.0204534155587363,202,5.15397701374339,0.0457216777446145,0.000418342208018356,0.139743917888894,TRUE,TRUE
"Montipora_capitata_HIv3___TS.g7042.t1",-0.0204497519735835,0.0204497519735835,203,5.17442676571697,0.0459030904608917,0.000418192355781081,0.140162110244675,TRUE,TRUE
"Montipora_capitata_HIv3___RNAseq.g40470.t1",0.0204178229617208,0.0204178229617208,204,5.1948445886787,0.046084219930273,0.000416887494496173,0.140578997739171,TRUE,TRUE
"Montipora_capitata_HIv3___RNAseq.g4949.t1",-0.0203883897534335,0.0203883897534335,205,5.21523297843213,0.0462650882933938,0.000415686436737912,0.140994684175909,TRUE,TRUE
"Montipora_capitata_HIv3___TS.g20713.t1",0.0203521804287951,0.0203521804287951,206,5.23558515886092,0.0464456354383431,0.000414211248206232,0.141408895424115,TRUE,TRUE
"Montipora_capitata_HIv3___RNAseq.g28827.t1",-0.0203149642096879,0.0203149642096879,207,5.25590012307061,0.0466258524328139,0.000412697770840899,0.141821593194956,TRUE,TRUE
"Montipora_capitata_HIv3___RNAseq.g2958.t1",0.020304550124823,0.020304550124823,208,5.27620467319544,0.0468059770424273,0.000412274755771448,0.142233867950728,TRUE,TRUE
"Montipora_capitata_HIv3___RNAseq.g19422.t1",-0.0202707408794998,0.0202707408794998,209,5.29647541407494,0.0469858017253208,0.000410902935803826,0.142644770886532,TRUE,TRUE
"Montipora_capitata_HIv3___TS.g964.t1",-0.0202705122802207,0.0202705122802207,210,5.31674592635516,0.047165624380277,0.000410893668102577,0.143055664554634,TRUE,TRUE
"Montipora_capitata_HIv3___RNAseq.g27924.t1",-0.0202697481424686,0.0202697481424686,211,5.33701567449762,0.0473454402564564,0.000410862689759109,0.143466527244393,TRUE,TRUE
"Montipora_capitata_HIv3___RNAseq.g21025.t1",-0.0202479290685487,0.0202479290685487,212,5.35726360356617,0.0475250625724658,0.00040997863156498,0.143876505875958,TRUE,TRUE
"Montipora_capitata_HIv3___RNAseq.g20780.t1",0.0202464236589084,0.0202464236589084,213,5.37751002722508,0.0477046715337679,0.000409917670976007,0.144286423546934,TRUE,TRUE
"Montipora_capitata_HIv3___TS.g15373.t1",0.0202090313525214,0.0202090313525214,214,5.3977190585776,0.0478839487824958,0.000408404948207193,0.144694828495141,TRUE,TRUE
"Montipora_capitata_HIv3___TS.g41058.t2",-0.020196160761003,0.020196160761003,215,5.41791521933861,0.0480631118543393,0.000407884909484279,0.145102713404626,TRUE,TRUE
"Montipora_capitata_HIv3___RNAseq.34011_t",-0.0201785230187132,0.0201785230187132,216,5.43809374235732,0.0482421184592124,0.00040717279121674,0.145509886195842,TRUE,TRUE
"Montipora_capitata_HIv3___RNAseq.g42684.t1",0.02015704724898,0.02015704724898,217,5.4582507896063,0.0484209345494167,0.000406306553797613,0.14591619274964,TRUE,TRUE
"Montipora_capitata_HIv3___RNAseq.g29265.t1",0.0201460622426361,0.0201460622426361,218,5.47839685184894,0.0485996531900363,0.000405863823884168,0.146322056573524,TRUE,TRUE
"Montipora_capitata_HIv3___TS.g32799.t1",-0.0201317738686248,0.0201317738686248,219,5.49852862571756,0.0487782450764173,0.000405288319097446,0.146727344892622,TRUE,TRUE
"Montipora_capitata_HIv3___TS.g40566.t1",0.0201227638011432,0.0201227638011432,220,5.5186513895187,0.0489567570331826,0.000404925622996599,0.147132270515618,TRUE,TRUE
"Montipora_capitata_HIv3___RNAseq.g835.t1",0.0201179473489266,0.0201179473489266,221,5.53876933686763,0.0491352262625017,0.000404731805534184,0.147537002321152,TRUE,TRUE
"Montipora_capitata_HIv3___TS.g12374.t1",0.0200827969324505,0.0200827969324505,222,5.55885213380008,0.0493133836673771,0.000403318732630044,0.147940321053782,TRUE,TRUE
"Montipora_capitata_HIv3___TS.g5127.t1b",0.0200517991632311,0.0200517991632311,223,5.57890393296331,0.0494912660865451,0.000402074649682555,0.148342395703465,TRUE,TRUE
"Montipora_capitata_HIv3___RNAseq.g15921.t1",-0.0200308483749217,0.0200308483749217,224,5.59893478133823,0.0496689626482308,0.000401234886619102,0.148743630590084,TRUE,TRUE
"Montipora_capitata_HIv3___RNAseq.g34994.t1",-0.0200273614441443,0.0200273614441443,225,5.61896214278238,0.0498466282768478,0.000401095206414397,0.149144725796498,TRUE,TRUE
"Montipora_capitata_HIv3___RNAseq.g11766.t1",0.020007260547648,0.020007260547648,226,5.63896940333003,0.050024115587496,0.000400290474621472,0.14954501627112,TRUE,TRUE
"Montipora_capitata_HIv3___RNAseq.g24504.t1",0.0199916302507899,0.0199916302507899,227,5.65896103358082,0.0502014642395134,0.000399665280084298,0.149944681551204,TRUE,TRUE
"Montipora_capitata_HIv3___RNAseq.g34957.t1",0.0199610161476728,0.0199610161476728,228,5.67892204972849,0.0503785413093811,0.000398442165647654,0.150343123716852,TRUE,TRUE
"Montipora_capitata_HIv3___RNAseq.g28322.t1",-0.0199476685126792,0.0199476685126792,229,5.69886971824117,0.0505554999704424,0.000397909479091734,0.150741033195944,TRUE,TRUE
"Montipora_capitata_HIv3___TS.g884.t1",-0.0199222889645018,0.0199222889645018,230,5.71879200720567,0.0507322334858503,0.000396897597585112,0.151137930793529,TRUE,TRUE
"Montipora_capitata_HIv3___RNAseq.g39710.t1",0.0198822728902976,0.0198822728902976,231,5.73867428009597,0.0509086120128589,0.000395304775284263,0.151533235568813,TRUE,TRUE
"Montipora_capitata_HIv3___RNAseq.g24860.t1",0.0198780722134597,0.0198780722134597,232,5.75855235230943,0.051084953275054,0.000395137754923517,0.151928373323737,TRUE,TRUE
"Montipora_capitata_HIv3___RNAseq.g40369.t1",-0.01987672528176,0.01987672528176,233,5.77842907759119,0.0512612825884226,0.000395084207926558,0.152323457531663,TRUE,TRUE
"Montipora_capitata_HIv3___RNAseq.g34526.t1",-0.0197726637756509,0.0197726637756509,234,5.79820174136684,0.051436688757075,0.000390958232784937,0.152714415764448,TRUE,TRUE
"Montipora_capitata_HIv3___TS.g14253.t2",-0.0197233007996237,0.0197233007996237,235,5.81792504216646,0.0516116570196062,0.000389008594432436,0.15310342435888,TRUE,TRUE
"Montipora_capitata_HIv3___RNAseq.g16174.t1",0.0196215148043058,0.0196215148043058,236,5.83754655697077,0.0517857223238074,0.000385003843215593,0.153488428202096,TRUE,TRUE
"Montipora_capitata_HIv3___RNAseq.g47366.t1",-0.0195671582659504,0.0195671582659504,237,5.85711371523672,0.0519593054232718,0.000382873682604752,0.153871301884701,TRUE,TRUE
"Montipora_capitata_HIv3___RNAseq.g42295.t1",0.0195576430610206,0.0195576430610206,238,5.87667135829774,0.0521328041119729,0.000382501402102287,0.154253803286803,TRUE,TRUE
"Montipora_capitata_HIv3___RNAseq.g5298.t1c",-0.0195532546113226,0.0195532546113226,239,5.89622461290906,0.0523062638701002,0.00038232976589521,0.154636133052698,TRUE,TRUE
"Montipora_capitata_HIv3___RNAseq.g13676.t1",0.0195385520175977,0.0195385520175977,240,5.91576316492666,0.0524795931993857,0.000381755014944371,0.155017888067643,TRUE,TRUE
"Montipora_capitata_HIv3___RNAseq.g39396.t1",0.019497139821541,0.019497139821541,241,5.9352603047482,0.0526525551550725,0.00038013846122072,0.155398026528863,TRUE,TRUE
"Montipora_capitata_HIv3___RNAseq.g23178.t1",0.019470269980773,0.019470269980773,242,5.95473057472897,0.0528252787445041,0.000379091413124189,0.155777117941988,TRUE,TRUE
"Montipora_capitata_HIv3___RNAseq.g33120.t1",-0.0194665025543885,0.0194665025543885,243,5.97419707728336,0.0529979689125497,0.000378944721700014,0.156156062663688,TRUE,TRUE
"Montipora_capitata_HIv3___RNAseq.g11639.t1",0.019443608559762,0.019443608559762,244,5.99364068584312,0.0531704559846478,0.000378053913825251,0.156534116577513,TRUE,TRUE
"Montipora_capitata_HIv3___TS.g47408.t1",0.019439307931542,0.019439307931542,245,6.01307999377466,0.0533429049052492,0.000377886692857311,0.15691200327037,TRUE,TRUE
"Montipora_capitata_HIv3___RNAseq.g8960.t1",0.0194149818078559,0.0194149818078559,246,6.03249497558252,0.0535151380252785,0.000376941518599375,0.15728894478897,TRUE,TRUE
"Montipora_capitata_HIv3___TS.g4234.t2",0.019406189203251,0.019406189203251,247,6.05190116478577,0.0536872931448369,0.000376600179392375,0.157665544968362,TRUE,TRUE
"Montipora_capitata_HIv3___RNAseq.g47450.t1",0.0193883172081874,0.0193883172081874,248,6.07128948199396,0.0538592897193345,0.000375906844165294,0.158041451812527,TRUE,TRUE
"Montipora_capitata_HIv3___RNAseq.g5063.t1",0.019385101269467,0.019385101269467,249,6.09067458326343,0.0540312577647731,0.00037578215122749,0.158417233963755,TRUE,TRUE
"Montipora_capitata_HIv3___TS.g13506.t1",-0.0193763356469923,0.0193763356469923,250,6.11005091891042,0.0542031480491032,0.000375442383104903,0.15879267634686,TRUE,TRUE
"Montipora_capitata_HIv3___RNAseq.g44027.t1",0.0193164339842076,0.0193164339842076,251,6.12936735289463,0.0543745069370932,0.000373124621866251,0.159165800968726,TRUE,TRUE
"Montipora_capitata_HIv3___RNAseq.g5535.t1a",0.0192762588312113,0.0192762588312113,252,6.14864361172584,0.054545509425473,0.000371574154527851,0.159537375123254,TRUE,TRUE
"Montipora_capitata_HIv3___RNAseq.g10757.t1",0.0192758616001498,0.0192758616001498,253,6.16791947332599,0.0547165083899585,0.000371558840428128,0.159908933963682,TRUE,TRUE
"Montipora_capitata_HIv3___RNAseq.g12748.t1a",0.0192670431357122,0.0192670431357122,254,6.1871865164617,0.0548874291245666,0.000371218951193396,0.160280152914875,TRUE,TRUE
"Montipora_capitata_HIv3___RNAseq.g18633.t1",-0.0192661273472998,0.0192661273472998,255,6.206452643809,0.055058341735083,0.000371183662962372,0.160651336577838,TRUE,TRUE
"Montipora_capitata_HIv3___RNAseq.g24899.t1",0.0192512595153249,0.0192512595153249,256,6.22570390332432,0.055229122450905,0.000370610992926388,0.161021947570764,TRUE,TRUE
"Montipora_capitata_HIv3___RNAseq.g11851.t1",0.0192477868295436,0.0192477868295436,257,6.24495169015387,0.0553998723600278,0.00037047729783555,0.1613924248686,TRUE,TRUE
"Montipora_capitata_HIv3___RNAseq.g24189.t1",-0.0192451395565263,0.0192451395565263,258,6.26419682971039,0.0555705987848076,0.000370375396550173,0.16176280026515,TRUE,TRUE
"Montipora_capitata_HIv3___RNAseq.g40539.t1",0.0192366075571261,0.0192366075571261,259,6.28343343726752,0.055741249520983,0.000370047070306879,0.162132847335457,TRUE,TRUE
"Montipora_capitata_HIv3___RNAseq.g25198.t1",0.0192354179898934,0.0192354179898934,260,6.30266885525741,0.0559118897043349,0.000370001305245916,0.162502848640703,TRUE,TRUE
"Montipora_capitata_HIv3___RNAseq.g24858.t1",0.0191808422519238,0.0191808422519238,261,6.32184969750934,0.0560820457383984,0.000367904709493185,0.162870753350196,TRUE,TRUE
"Montipora_capitata_HIv3___RNAseq.g43498.t1",0.0191651431607109,0.0191651431607109,262,6.34101484067005,0.0562520625035463,0.000367302712370542,0.163238056062566,TRUE,TRUE
"Montipora_capitata_HIv3___RNAseq.g4607.t1",0.0191630271066275,0.0191630271066275,263,6.36017786777668,0.0564220604968715,0.000367221607889342,0.163605277670456,TRUE,TRUE
"Montipora_capitata_HIv3___RNAseq.g31191.t1",-0.0191443966918788,0.0191443966918788,264,6.37932226446855,0.0565918932170849,0.000366507924696021,0.163971785595152,TRUE,TRUE
"Montipora_capitata_HIv3___RNAseq.g12641.t1",0.0191178516286484,0.0191178516286484,265,6.3984401160972,0.0567614904521916,0.000365492250895015,0.164337277846047,TRUE,TRUE
"Montipora_capitata_HIv3___RNAseq.g28199.t1",0.0191162574321771,0.0191162574321771,266,6.41755637352938,0.0569310735449501,0.000365431298213267,0.16470270914426,TRUE,TRUE
"Montipora_capitata_HIv3___RNAseq.g50025.t1",-0.019091032652645,0.019091032652645,267,6.43664740618203,0.0571004328650303,0.000364467527744359,0.165067176672004,TRUE,TRUE
"Montipora_capitata_HIv3___TS.g12479.t2",-0.0190596167020637,0.0190596167020637,268,6.45570702288409,0.0572695134896555,0.000363268988829587,0.165430445660834,TRUE,TRUE
"Montipora_capitata_HIv3___RNAseq.g7217.t1",0.0190484550798029,0.0190484550798029,269,6.47475547796389,0.0574384950979104,0.000362843640927268,0.165793289301761,TRUE,TRUE
"Montipora_capitata_HIv3___RNAseq.g34282.t1",0.0190409041829347,0.0190409041829347,270,6.49379638214683,0.0576074097210639,0.000362556032103702,0.166155845333865,TRUE,TRUE
"Montipora_capitata_HIv3___RNAseq.g41078.t1",-0.0190213322347564,0.0190213322347564,271,6.51281771438158,0.0577761507186259,0.000361811079984982,0.16651765641385,TRUE,TRUE
"Montipora_capitata_HIv3___RNAseq.g41465.t2",0.0190132101105673,0.0190132101105673,272,6.53183092449215,0.0579448196636461,0.000361502158708579,0.166879158572558,TRUE,TRUE
"Montipora_capitata_HIv3___RNAseq.g30224.t1",-0.0190131581189556,0.0190131581189556,273,6.55084408261111,0.058113488147441,0.000361500181656406,0.167240658754215,TRUE,TRUE
"Montipora_capitata_HIv3___TS.g11190.t1",-0.0189976751741206,0.0189976751741206,274,6.56984175778523,0.0582820192797864,0.000360911662021398,0.167601570416236,TRUE,TRUE
"Montipora_capitata_HIv3___RNAseq.g44026.t1",0.0189901155999092,0.0189901155999092,275,6.58883187338514,0.0584504833500523,0.000360624490497916,0.167962194906734,TRUE,TRUE
"Montipora_capitata_HIv3___RNAseq.g22408.t1",-0.0189798963349398,0.0189798963349398,276,6.60781176972008,0.0586188567637361,0.000360236464885062,0.168322431371619,TRUE,TRUE
"Montipora_capitata_HIv3___RNAseq.g11529.t1",0.0189648616958595,0.0189648616958595,277,6.62677663141594,0.0587870968029558,0.000359665979143079,0.168682097350762,TRUE,TRUE
"Montipora_capitata_HIv3___RNAseq.g35443.t1",-0.0189290463264142,0.0189290463264142,278,6.64570567774235,0.0589550191188375,0.000358308794827535,0.16904040614559,TRUE,TRUE
"Montipora_capitata_HIv3___RNAseq.g23474.t1",-0.0189168643560783,0.0189168643560783,279,6.66462254209843,0.0591228333666933,0.000357847757066266,0.169398253902656,TRUE,TRUE
"Montipora_capitata_HIv3___RNAseq.g25164.t1",-0.0189093014841367,0.0189093014841367,280,6.68353184358256,0.059290580523215,0.000357561682617975,0.169755815585274,TRUE,TRUE
"Montipora_capitata_HIv3___RNAseq.g11517.t1",0.0189037922168327,0.0189037922168327,281,6.7024356357994,0.0594582788062272,0.000357353360177185,0.170113168945451,TRUE,TRUE
"Montipora_capitata_HIv3___RNAseq.g41756.t1",-0.0188858201296077,0.0188858201296077,282,6.721321455929,0.0596258176562465,0.000356674201967895,0.170469843147419,TRUE,TRUE
"Montipora_capitata_HIv3___RNAseq.g14358.t1",0.0188677183279373,0.0188677183279373,283,6.74018917425694,0.0597931959225573,0.00035599079490238,0.170825833942321,TRUE,TRUE
"Montipora_capitata_HIv3___RNAseq.g38074.t1",0.0188554739981441,0.0188554739981441,284,6.75904464825509,0.0599604655676423,0.000355528899694687,0.171181362842016,TRUE,TRUE
"Montipora_capitata_HIv3___RNAseq.g4083.t1",-0.0188509618104392,0.0188509618104392,285,6.77789561006552,0.0601276951844556,0.000355358761178636,0.171536721603195,TRUE,TRUE
"Montipora_capitata_HIv3___RNAseq.g26260.t1",0.0188463296005775,0.0188463296005775,286,6.7967419396661,0.0602948837082633,0.000355184139413604,0.171891905742608,TRUE,TRUE
"Montipora_capitata_HIv3___TS.g34542.t1",0.0188405326407305,0.0188405326407305,287,6.81558247230683,0.0604620208063992,0.000354965670186433,0.172246871412795,TRUE,TRUE
"Montipora_capitata_HIv3___RNAseq.g10712.t1b",-0.0188306214213925,0.0188306214213925,288,6.83441309372823,0.0606290699806707,0.000354592303115807,0.172601463715911,TRUE,TRUE
"Montipora_capitata_HIv3___RNAseq.g50028.t1",0.0188101614898099,0.0188101614898099,289,6.85322325521804,0.060795937651921,0.000353822175272729,0.172955285891183,TRUE,TRUE
"Montipora_capitata_HIv3___RNAseq.g26858.t1",0.0187980090334192,0.0187980090334192,290,6.87202126425145,0.0609626975169679,0.00035336514362051,0.173308651034804,TRUE,TRUE
"Montipora_capitata_HIv3___RNAseq.45396_t",0.0187916378231731,0.0187916378231731,291,6.89081290207463,0.0611294008620844,0.00035312565207731,0.173661776686881,TRUE,TRUE
"Montipora_capitata_HIv3___RNAseq.g8892.t1",-0.0187703691422875,0.0187703691422875,292,6.90958327121692,0.0612959155296474,0.000352326757737738,0.174014103444619,TRUE,TRUE
"Montipora_capitata_HIv3___RNAseq.g34065.t1",-0.0187675685329298,0.0187675685329298,293,6.92835083974984,0.0614624053525986,0.000352221628638215,0.174366325073257,TRUE,TRUE
"Montipora_capitata_HIv3___RNAseq.g26571.t1",-0.0187674028047654,0.0187674028047654,294,6.94711824255461,0.0616288937053512,0.000352215408036315,0.174718540481293,TRUE,TRUE
"Montipora_capitata_HIv3___RNAseq.g46891.t1b",0.0187360698313186,0.0187360698313186,295,6.96585431238593,0.061795104098751,0.000351040312724048,0.175069580794017,TRUE,TRUE
"Montipora_capitata_HIv3___RNAseq.g26953.t1",0.0187145366277657,0.0187145366277657,296,6.98456884901369,0.0619611234679785,0.000350233881191983,0.175419814675209,TRUE,TRUE
"Montipora_capitata_HIv3___TS.g13272.t1",0.0186906562825417,0.0186906562825417,297,7.00325950529624,0.0621269309911993,0.000349340632272116,0.175769155307482,TRUE,TRUE
"Montipora_capitata_HIv3___RNAseq.g30397.t1",-0.0186891451588623,0.0186891451588623,298,7.0219486504551,0.0622927251090227,0.000349284146769026,0.176118439454251,TRUE,TRUE
"Montipora_capitata_HIv3___RNAseq.g34480.t1",0.0186413168548238,0.0186413168548238,299,7.04058996730992,0.0624580949350229,0.000347498694081937,0.176465938148333,TRUE,TRUE
"Montipora_capitata_HIv3___RNAseq.g39071.t1",0.0186344419981426,0.0186344419981426,300,7.05922440930806,0.0626234037731721,0.00034724242858214,0.176813180576915,TRUE,TRUE
"Montipora_capitata_HIv3___TS.g14247.t1",0.0186233123767802,0.0186233123767802,301,7.07784772168484,0.0627886138788357,0.000346827763883135,0.177160008340798,TRUE,TRUE
"Montipora_capitata_HIv3___TS.g50787.t1",0.0186029290274619,0.0186029290274619,302,7.09645065071231,0.0629536431608507,0.000346068968400785,0.177506077309199,TRUE,TRUE
"Montipora_capitata_HIv3___RNAseq.22580_t",0.0185867126846287,0.0185867126846287,303,7.11503736339693,0.0631185285853359,0.000345465888420937,0.17785154319762,TRUE,TRUE
"Montipora_capitata_HIv3___RNAseq.g843.t1",0.0185863896124445,0.0185863896124445,304,7.13362375300938,0.063283411143801,0.000345453878825585,0.178196997076445,TRUE,TRUE
"Montipora_capitata_HIv3___RNAseq.g44661.t1",-0.0185772307052204,0.0185772307052204,305,7.1522009837146,0.0634482124522714,0.000345113500674982,0.17854211057712,TRUE,TRUE
"Montipora_capitata_HIv3___RNAseq.g13842.t1",-0.0185626992601568,0.0185626992601568,306,7.17076368297476,0.0636128848501847,0.000344573803823026,0.178886684380943,TRUE,TRUE
"Montipora_capitata_HIv3___RNAseq.g47224.t1",-0.0185609140756209,0.0185609140756209,307,7.18932459705038,0.063777541411467,0.000344507531322583,0.179231191912266,TRUE,TRUE
"Montipora_capitata_HIv3___RNAseq.g3056.t1",0.0184747358553597,0.0184747358553597,308,7.20779933290574,0.063941433473256,0.000341315864925312,0.179572507777191,TRUE,TRUE
"Montipora_capitata_HIv3___RNAseq.g4928.t1",-0.0184602659619159,0.0184602659619159,309,7.22625959886765,0.0641051971705213,0.000340781419384672,0.179913289196576,TRUE,TRUE
"Montipora_capitata_HIv3___RNAseq.g832.t1",0.0184473714659855,0.0184473714659855,310,7.24470697033364,0.0642688464788426,0.000340305514004055,0.18025359471058,TRUE,TRUE
"Montipora_capitata_HIv3___RNAseq.g35107.t1",0.0184279035436604,0.0184279035436604,311,7.2631348738773,0.0644323230844008,0.000339587629014452,0.180593182339594,TRUE,TRUE
"Montipora_capitata_HIv3___RNAseq.g11666.t1",-0.0184240074017035,0.0184240074017035,312,7.281558881279,0.0645957651267186,0.000339444048738025,0.180932626388332,TRUE,TRUE
"Montipora_capitata_HIv3___RNAseq.g5104.t1",-0.0184144967207986,0.0184144967207986,313,7.2999733779998,0.0647591227984064,0.000339093689480304,0.181271720077812,TRUE,TRUE
"Montipora_capitata_HIv3___TS.g36789.t1",-0.0183576009249471,0.0183576009249471,314,7.31833097892475,0.0649219757392357,0.00033700151171962,0.181608721589532,TRUE,TRUE
"Montipora_capitata_HIv3___RNAseq.g35114.t1",-0.0183543479346231,0.0183543479346231,315,7.33668532685937,0.0650847998223159,0.000336882088105202,0.181945603677637,TRUE,TRUE
"Montipora_capitata_HIv3___RNAseq.g39254.t1",-0.0183241973616698,0.0183241973616698,316,7.35500952422104,0.0652473564352897,0.000335776208949425,0.182281379886587,TRUE,TRUE
"Montipora_capitata_HIv3___RNAseq.g33478.t1",0.0183218712133904,0.0183218712133904,317,7.37333139543443,0.0654098924126647,0.000335690964760063,0.182617070851347,TRUE,TRUE
"Montipora_capitata_HIv3___RNAseq.g44241.t1",-0.0183072642129252,0.0183072642129252,318,7.39163865964736,0.0655722988092196,0.000335155922961851,0.182952226774309,TRUE,TRUE
"Montipora_capitata_HIv3___RNAseq.g37050.t1",0.0182805225276034,0.0182805225276034,319,7.40991918217496,0.0657344679764048,0.000334177503882214,0.183286404278191,TRUE,TRUE
"Montipora_capitata_HIv3___RNAseq.g32311.t1",-0.0182561867095051,0.0182561867095051,320,7.42817536888447,0.0658964212570173,0.000333288353172309,0.183619692631363,TRUE,TRUE
"Montipora_capitata_HIv3___RNAseq.g27572.t1",-0.0182503588174427,0.0182503588174427,321,7.44642572770191,0.066058322837554,0.000333075596965409,0.183952768228329,TRUE,TRUE
"Montipora_capitata_HIv3___RNAseq.g34092.t1",-0.0182318620457492,0.0182318620457492,322,7.46465758974766,0.0662200603305458,0.00033240079365523,0.184285169021984,TRUE,TRUE
"Montipora_capitata_HIv3___RNAseq.g23964.t1",0.0182205674769922,0.0182205674769922,323,7.48287815722465,0.0663816976277797,0.000331989079183627,0.184617158101167,TRUE,TRUE
"Montipora_capitata_HIv3___RNAseq.g22129.t1",0.0182150676627882,0.0182150676627882,324,7.50109322488744,0.0665432861353639,0.000331788689959953,0.184948946791127,TRUE,TRUE
"Montipora_capitata_HIv3___RNAseq.g5049.t1",-0.0181869575139361,0.0181869575139361,325,7.51928018240137,0.0667046252737399,0.000330765423613718,0.185279712214741,TRUE,TRUE
"Montipora_capitata_HIv3___RNAseq.29251_t",0.0181697601526773,0.0181697601526773,326,7.53744994255405,0.0668658118518295,0.00033014018400582,0.185609852398747,TRUE,TRUE
"Montipora_capitata_HIv3___TS.g16486.t1",-0.0181668060893002,0.0181668060893002,327,7.55561674864335,0.0670269722239943,0.000330032843486236,0.185939885242233,TRUE,TRUE
"Montipora_capitata_HIv3___RNAseq.g16269.t1",0.018162358357052,0.018162358357052,328,7.5737791070004,0.0671880931396812,0.000329871261089975,0.186269756503323,TRUE,TRUE
"Montipora_capitata_HIv3___RNAseq.g11633.t1",-0.0181503171117102,0.0181503171117102,329,7.59192942411211,0.0673491072357339,0.000329434011255641,0.186599190514579,TRUE,TRUE
"Montipora_capitata_HIv3___TS.g22881.t2",0.0181214630895531,0.0181214630895531,330,7.61005088720167,0.0675098653635703,0.000328387424506037,0.186927577939085,TRUE,TRUE
"Montipora_capitata_HIv3___RNAseq.g11150.t2",-0.0181129282089688,0.0181129282089688,331,7.62816381541063,0.067670547777243,0.000328078168303259,0.187255656107388,TRUE,TRUE
"Montipora_capitata_HIv3___TS.g20775.t2",0.0181036186816345,0.0181036186816345,332,7.64626743409227,0.0678311476047482,0.000327741009370024,0.187583397116758,TRUE,TRUE
"Montipora_capitata_HIv3___RNAseq.g41640.t1",0.0181013372626106,0.0181013372626106,333,7.66436877135488,0.0679917271934543,0.000327658410694775,0.187911055527453,TRUE,TRUE
"Montipora_capitata_HIv3___RNAseq.g6391.t1",0.0180920766326293,0.0180920766326293,334,7.68246084798751,0.0681522246297685,0.00032732323688093,0.188238378764334,TRUE,TRUE
"Montipora_capitata_HIv3___TS.g23296.t1",-0.018090218738081,0.018090218738081,335,7.70055106672559,0.0683127055844306,0.000327256013991618,0.188565634778325,TRUE,TRUE
"Montipora_capitata_HIv3___TS.g12046.t1",-0.0180627295082048,0.0180627295082048,336,7.7186137962338,0.0684729426781468,0.000326262197286572,0.188891896975612,TRUE,TRUE
"Montipora_capitata_HIv3___RNAseq.g25464.t1",0.0180455535222805,0.0180455535222805,337,7.73665934975608,0.0686330274012002,0.00032564200192549,0.189217538977537,TRUE,TRUE
"Montipora_capitata_HIv3___RNAseq.g41638.t1",0.018015373817949,0.018015373817949,338,7.75467472357402,0.0687928443957186,0.000324553693800442,0.189542092671338,TRUE,TRUE
"Montipora_capitata_HIv3___RNAseq.g28823.t1",0.0180113790128726,0.0180113790128726,339,7.7726861025869,0.0689526259517416,0.000324409773945348,0.189866502445283,TRUE,TRUE
"Montipora_capitata_HIv3___RNAseq.g23017.t1",-0.0180039508856421,0.0180039508856421,340,7.79069005347254,0.0691123416117704,0.000324142247492612,0.190190644692776,TRUE,TRUE
"Montipora_capitata_HIv3___RNAseq.g13171.t1",0.017981094996688,0.017981094996688,341,7.80867114846923,0.0692718545138927,0.000323319777279919,0.190513964470056,TRUE,TRUE
"Montipora_capitata_HIv3___TS.g13270.t1",0.017978859650198,0.017978859650198,342,7.82665000811943,0.069431347585932,0.000323239394321517,0.190837203864377,TRUE,TRUE
"Montipora_capitata_HIv3___TS.g17478.t1",0.0179605776638646,0.0179605776638646,343,7.84461058578329,0.0695906784758185,0.000322582350019714,0.191159786214397,TRUE,TRUE
"Montipora_capitata_HIv3___RNAseq.g19139.t1",-0.0179545833579711,0.0179545833579711,344,7.86256516914126,0.0697499561893479,0.000322367063558333,0.191482153277955,TRUE,TRUE
"Montipora_capitata_HIv3___RNAseq.g10461.t1",-0.0179339744218676,0.0179339744218676,345,7.88049914356313,0.0699090510780155,0.000321627438564202,0.19180378071652,TRUE,TRUE
"Montipora_capitata_HIv3___RNAseq.g15881.t1",-0.0179334908577503,0.0179334908577503,346,7.89843263442088,0.0700681416769156,0.000321610094345012,0.192125390810865,TRUE,TRUE
"Montipora_capitata_HIv3___RNAseq.g22183.t1a",-0.0179296843194506,0.0179296843194506,347,7.91636231874033,0.0702271985074623,0.000321473579795151,0.19244686439066,TRUE,TRUE
"Montipora_capitata_HIv3___RNAseq.g23153.t1",-0.0179206683696497,0.0179206683696497,348,7.93428298710998,0.0703861753562104,0.000321150354814964,0.192768014745475,TRUE,TRUE
"Montipora_capitata_HIv3___RNAseq.g19567.t1",0.017917584232024,0.017917584232024,349,7.952200571342,0.0705451248451263,0.000321039824711676,0.193089054570186,TRUE,TRUE
"Montipora_capitata_HIv3___TS.g7779.t1",0.017907798412333,0.017907798412333,350,7.97010836975434,0.0707039875226161,0.000320689243976755,0.193409743814163,TRUE,TRUE
"Montipora_capitata_HIv3___RNAseq.g13230.t1",0.0179073182410707,0.0179073182410707,351,7.98801568799541,0.070862845940437,0.000320672046586985,0.19373041586075,TRUE,TRUE
"Montipora_capitata_HIv3___RNAseq.g26581.t1",-0.0179060204763293,0.0179060204763293,352,8.00592170847174,0.0710216928455986,0.000320625569298724,0.194051041430049,TRUE,TRUE
"Montipora_capitata_HIv3___RNAseq.g49768.t1",-0.0179059454824213,0.0179059454824213,353,8.02382765395416,0.0711805390854784,0.000320622883619445,0.194371664313668,TRUE,TRUE
"Montipora_capitata_HIv3___RNAseq.g19156.t1",0.017899973126556,0.017899973126556,354,8.04172762708071,0.0713393323437229,0.000320409037931425,0.1946920733516,TRUE,TRUE
"Montipora_capitata_HIv3___RNAseq.g11945.t1",-0.0178941849985641,0.0178941849985641,355,8.05962181207928,0.0714980742546443,0.000320201856762836,0.195012275208363,TRUE,TRUE
"Montipora_capitata_HIv3___TS.g39209.t1",0.0178736681440232,0.0178736681440232,356,8.0774954802233,0.0716566341575729,0.00031946801292267,0.195331743221285,TRUE,TRUE
"Montipora_capitata_HIv3___RNAseq.7417_t",0.0178705210537801,0.0178705210537801,357,8.09536600127708,0.0718151661422074,0.000319355522733599,0.195651098744019,TRUE,TRUE
"Montipora_capitata_HIv3___RNAseq.g41466.t1",0.0178093265590931,0.0178093265590931,358,8.11317532783617,0.0719731552616024,0.000317172112488417,0.195968270856507,TRUE,TRUE
"Montipora_capitata_HIv3___RNAseq.g30161.t1",-0.017804778437189,0.017804778437189,359,8.13098010627336,0.0721311040339482,0.000317010135197392,0.196285280991705,TRUE,TRUE
"Montipora_capitata_HIv3___RNAseq.g10187.t1",-0.0177899674212859,0.0177899674212859,360,8.14877007369465,0.0722889214156235,0.000316482940850414,0.196601763932555,TRUE,TRUE
"Montipora_capitata_HIv3___RNAseq.g6690.t1",-0.0177893045257019,0.0177893045257019,361,8.16655937822035,0.0724467329166558,0.000316459355508157,0.196918223288063,TRUE,TRUE
"Montipora_capitata_HIv3___RNAseq.g902.t1",-0.0177890258984501,0.0177890258984501,362,8.1843484041188,0.0726045419459453,0.000316449442415729,0.197234672730479,TRUE,TRUE
"Montipora_capitata_HIv3___TS.g47975.t2",0.0177885807230878,0.0177885807230878,363,8.20213698484189,0.0727623470260197,0.000316433604141811,0.197551106334621,TRUE,TRUE
"Montipora_capitata_HIv3___RNAseq.g47503.t1",0.0177761115900334,0.0177761115900334,364,8.21991309643192,0.0729200414906059,0.000315990143261318,0.197867096477882,TRUE,TRUE
"Montipora_capitata_HIv3___RNAseq.g25629.t1",-0.0177329999981559,0.0177329999981559,365,8.23764609643008,0.0730773535060066,0.000314459288934596,0.198181555766817,TRUE,TRUE
"Montipora_capitata_HIv3___RNAseq.g4927.t1",-0.0177298219530108,0.0177298219530108,366,8.25537591838309,0.0732346373285078,0.000314346586485463,0.198495902353302,TRUE,TRUE
"Montipora_capitata_HIv3___TS.g40897.t2",-0.0177193000843488,0.0177193000843488,367,8.27309521846744,0.0733918278099858,0.000313973595479204,0.198809875948781,TRUE,TRUE
"Montipora_capitata_HIv3___RNAseq.g18913.t1",0.0177178815110151,0.0177178815110151,368,8.29081309997845,0.0735490057070939,0.00031392332523837,0.19912379927402,TRUE,TRUE
"Montipora_capitata_HIv3___RNAseq.g26718.t1",-0.0176896842789661,0.0176896842789661,369,8.30850278425742,0.0737059334624661,0.0003129249298895,0.199436724203909,TRUE,TRUE
"Montipora_capitata_HIv3___RNAseq.g4785.t1a",0.0176861900184114,0.0176861900184114,370,8.32618897427583,0.0738628302197461,0.000312801317367354,0.199749525521276,TRUE,TRUE
"Montipora_capitata_HIv3___RNAseq.g11449.t1",-0.017678146482649,0.017678146482649,371,8.34386712075848,0.0740196556216535,0.000312516863061994,0.200062042384338,TRUE,TRUE
"Montipora_capitata_HIv3___RNAseq.g20523.t1",-0.0176689250411185,0.0176689250411185,372,8.3615360457996,0.0741763992188154,0.000312190912108664,0.200374233296447,TRUE,TRUE
"Montipora_capitata_HIv3___TS.g34595.t1",-0.0176656312209734,0.0176656312209734,373,8.37920167702057,0.0743331135960209,0.00031207452643543,0.200686307822883,TRUE,TRUE
"Montipora_capitata_HIv3___RNAseq.g2910.t1",0.0176626896583561,0.0176626896583561,374,8.39686436667893,0.0744898018781978,0.000311970605967398,0.20099827842885,TRUE,TRUE
"Montipora_capitata_HIv3___RNAseq.g26703.t1",-0.0176587188437062,0.0176587188437062,375,8.41452308552263,0.0746464549347019,0.000311830351201066,0.201310108780051,TRUE,TRUE
"Montipora_capitata_HIv3___RNAseq.g14945.t1",-0.0176462902601052,0.0176462902601052,376,8.43216937578274,0.0748029977354379,0.000311391559943884,0.201621500339995,TRUE,TRUE
"Montipora_capitata_HIv3___RNAseq.g917.t1",0.0176298120421058,0.0176298120421058,377,8.44979918782484,0.0749593943555116,0.000310810272639977,0.201932310612635,TRUE,TRUE
"Montipora_capitata_HIv3___RNAseq.g44321.t1",0.0176247949285715,0.0176247949285715,378,8.46742398275341,0.0751157464680434,0.000310633396274199,0.202242944008909,TRUE,TRUE
"Montipora_capitata_HIv3___RNAseq.g27783.t1",0.0176218901927818,0.0176218901927818,379,8.4850458729462,0.0752720728122427,0.000310531013966458,0.202553475022876,TRUE,TRUE
"Montipora_capitata_HIv3___RNAseq.g34195.t1",-0.0176181644438221,0.0176181644438221,380,8.50266403739002,0.0754283661047824,0.000310399718369558,0.202863874741245,TRUE,TRUE
"Montipora_capitata_HIv3___RNAseq.g31324.t1",-0.017618142855979,0.017618142855979,381,8.520282180246,0.0755846592058132,0.000310398957693683,0.203174273698939,TRUE,TRUE
"Montipora_capitata_HIv3___RNAseq.g41751.t1",0.0176155085553563,0.0176155085553563,382,8.53789768880135,0.0757409289375811,0.000310306141663833,0.203484579840603,TRUE,TRUE
"Montipora_capitata_HIv3___RNAseq.g3448.t1",-0.017614692241534,0.017614692241534,383,8.55551238104289,0.0758971914277107,0.00031027738276396,0.203794857223367,TRUE,TRUE
"Montipora_capitata_HIv3___TS.g617.t1a",-0.0176100325981048,0.0176100325981048,384,8.57312241364099,0.0760534125814674,0.000310113248106314,0.204104970471473,TRUE,TRUE
"Montipora_capitata_HIv3___RNAseq.g16039.t1a",0.0176060419652456,0.0176060419652456,385,8.59072845560624,0.0762095983337412,0.00030997271368199,0.204414943185155,TRUE,TRUE
"Montipora_capitata_HIv3___RNAseq.g47309.t1",-0.0175754912318119,0.0175754912318119,386,8.60830394683805,0.0763655130660268,0.000308897892039496,0.204723841077194,TRUE,TRUE
"Montipora_capitata_HIv3___RNAseq.g16177.t2a",-0.017554122126226,0.017554122126226,387,8.62585806896428,0.0765212382298769,0.000308147203622459,0.205031988280817,TRUE,TRUE
"Montipora_capitata_HIv3___RNAseq.g20276.t1",0.0175443378886288,0.0175443378886288,388,8.6434024068529,0.076676876596336,0.000307803791950377,0.205339792072767,TRUE,TRUE
"Montipora_capitata_HIv3___TS.g33680.t1",0.0175308408910218,0.0175308408910218,389,8.66093324774392,0.0768323952289713,0.00030733038234632,0.205647122455114,TRUE,TRUE
"Montipora_capitata_HIv3___RNAseq.g20294.t1",-0.0175114112149435,0.0175114112149435,390,8.67844465895887,0.0769877414981316,0.000306649522738849,0.205953771977852,TRUE,TRUE
"Montipora_capitata_HIv3___RNAseq.g24517.t1",0.0174749460625133,0.0174749460625133,391,8.69591960502138,0.077142764279635,0.000305373739887748,0.20625914571774,TRUE,TRUE
"Montipora_capitata_HIv3___RNAseq.g36360.t1",-0.0174713846789288,0.0174713846789288,392,8.71339098970031,0.0772977554675879,0.000305249282599109,0.206564395000339,TRUE,TRUE
"Montipora_capitata_HIv3___TS.g25287.t1b",0.0174626518719567,0.0174626518719567,393,8.73085364157227,0.0774526691855434,0.000304944210401153,0.20686933921074,TRUE,TRUE
"Montipora_capitata_HIv3___RNAseq.g24568.t1",-0.0174598228873663,0.0174598228873663,394,8.74831346445963,0.0776075578071662,0.000304845415258199,0.207174184625999,TRUE,TRUE
"Montipora_capitata_HIv3___RNAseq.g45196.t1",-0.0174591120043971,0.0174591120043971,395,8.76577257646403,0.077762440122443,0.000304820591982083,0.207479005217981,TRUE,TRUE
"Montipora_capitata_HIv3___RNAseq.g24864.t1",-0.017447755024331,0.017447755024331,396,8.78322033148836,0.0779172216883022,0.000304424155389069,0.20778342937337,TRUE,TRUE
"Montipora_capitata_HIv3___RNAseq.g114.t1",-0.0174323504188722,0.0174323504188722,397,8.80065268190724,0.0780718665976717,0.000303886841126355,0.208087316214496,TRUE,TRUE
"Montipora_capitata_HIv3___RNAseq.g49003.t1",0.0174262073370095,0.0174262073370095,398,8.81807888924425,0.0782264570108709,0.000303672702152445,0.208390988916649,TRUE,TRUE
"Montipora_capitata_HIv3___RNAseq.g45847.t1",-0.0174225248762496,0.0174225248762496,399,8.8355014141205,0.0783810147564264,0.000303544373063535,0.208694533289712,TRUE,TRUE
"Montipora_capitata_HIv3___RNAseq.g23509.t1",-0.0174130168960989,0.0174130168960989,400,8.85291443101659,0.0785354881553108,0.000303213157423827,0.208997746447136,TRUE,TRUE
"Montipora_capitata_HIv3___TS.g49208.t1",-0.0174120810405373,0.0174120810405373,401,8.87032651205713,0.0786899532520848,0.00030318056616224,0.209300927013298,TRUE,TRUE
"Montipora_capitata_HIv3___RNAseq.g30210.t1",-0.0173976442441104,0.0173976442441104,402,8.88772415630124,0.0788442902779433,0.000302678025244626,0.209603605038543,TRUE,TRUE
"Montipora_capitata_HIv3___RNAseq.g23352.t1",0.0173897502814764,0.0173897502814764,403,8.90511390658272,0.0789985572753143,0.000302403414852109,0.209906008453395,TRUE,TRUE
"Montipora_capitata_HIv3___TS.g47098.t1",0.0173880085323938,0.0173880085323938,404,8.92250191511511,0.0791528088213764,0.0003023428407226,0.210208351294117,TRUE,TRUE
"Montipora_capitata_HIv3___RNAseq.g23607.t1",-0.0173410179929811,0.0173410179929811,405,8.93984293310809,0.0793066435075468,0.000300710905032894,0.21050906219915,TRUE,TRUE
"Montipora_capitata_HIv3___RNAseq.g4875.t2",-0.017340408696707,0.017340408696707,406,8.9571833418048,0.0794604727885616,0.000300689773768833,0.210809751972919,TRUE,TRUE
"Montipora_capitata_HIv3___RNAseq.g1315.t1",0.0173263134445116,0.0173263134445116,407,8.97450965524931,0.0796141770285494,0.000300201137577464,0.211109953110497,TRUE,TRUE
"Montipora_capitata_HIv3___RNAseq.g34091.t1",-0.0173098492956498,0.0173098492956498,408,8.99181950454496,0.0797677352126843,0.000299630882638109,0.211409583993135,TRUE,TRUE
"Montipora_capitata_HIv3___RNAseq.g16250.t1",-0.0173021932276211,0.0173021932276211,409,9.00912169777258,0.0799212254787291,0.000299365890485938,0.211708949883621,TRUE,TRUE
"Montipora_capitata_HIv3___TS.g42170.t2",0.0172691530555092,0.0172691530555092,410,9.02639085082809,0.0800744226406142,0.000298223647254601,0.212007173530875,TRUE,TRUE
"Montipora_capitata_HIv3___TS.g992.t1",0.0172668583887991,0.0172668583887991,411,9.04365770921689,0.080227599446178,0.000298144398618843,0.212305317929494,TRUE,TRUE
"Montipora_capitata_HIv3___RNAseq.g5381.t1a",0.0172630566424642,0.0172630566424642,412,9.06092076585935,0.0803807425258986,0.000298013124640926,0.212603331054135,TRUE,TRUE
"Montipora_capitata_HIv3___RNAseq.g19085.t1",-0.0172565581484078,0.0172565581484078,413,9.07817732400776,0.0805338279565357,0.000297788799129381,0.212901119853264,TRUE,TRUE
"Montipora_capitata_HIv3___RNAseq.g20238.t1",-0.0172549050308264,0.0172549050308264,414,9.09543222903859,0.080686898722127,0.000297731747622839,0.213198851600887,TRUE,TRUE
"Montipora_capitata_HIv3___RNAseq.g46378.t1",0.0172441211942657,0.0172441211942657,415,9.11267635023285,0.0808398738227397,0.000297359715762525,0.21349621131665,TRUE,TRUE
"Montipora_capitata_HIv3___TS.g39156.t1",0.0172432140845462,0.0172432140845462,416,9.1299195643174,0.0809928408762506,0.000297328431965492,0.213793539748615,TRUE,TRUE
"Montipora_capitata_HIv3___RNAseq.g767.t1",0.017240964891909,0.017240964891909,417,9.14716052920931,0.0811457879768473,0.000297250870404037,0.214090790619019,TRUE,TRUE
"Montipora_capitata_HIv3___RNAseq.g21580.t1",0.0172294814885061,0.0172294814885061,418,9.16439001069782,0.0812986332065066,0.000296855032362774,0.214387645651382,TRUE,TRUE
"Montipora_capitata_HIv3___RNAseq.g47839.t1",0.0172269067373241,0.0172269067373241,419,9.18161691743514,0.0814514555951746,0.000296766315736464,0.214684411967119,TRUE,TRUE
"Montipora_capitata_HIv3___RNAseq.g26022.t1",0.0172236637188072,0.0172236637188072,420,9.19884058115395,0.081604249214555,0.000296654591898556,0.214981066559017,TRUE,TRUE
"Montipora_capitata_HIv3___RNAseq.g38072.t1",0.0172212130721337,0.0172212130721337,421,9.21606179422608,0.0817570210938932,0.000296570179675827,0.215277636738693,TRUE,TRUE
"Montipora_capitata_HIv3___RNAseq.g8820.t1",0.0172120054804458,0.0172120054804458,422,9.23327379970653,0.0819097112913498,0.000296253132658896,0.215573889871352,TRUE,TRUE
"Montipora_capitata_HIv3___RNAseq.g50218.t2",0.0172054025607295,0.0172054025607295,423,9.25047920226726,0.0820623429133478,0.000296025877276756,0.215869915748629,TRUE,TRUE
"Montipora_capitata_HIv3___TS.g19143.t2",-0.0172017688505195,0.0172017688505195,424,9.26768097111778,0.0822149423001754,0.000295900851586701,0.216165816600215,TRUE,TRUE
"Montipora_capitata_HIv3___TS.g8105.t1",0.0171940102935373,0.0171940102935373,425,9.28487498141131,0.0823674728597185,0.000295633989974266,0.21646145059019,TRUE,TRUE
"Montipora_capitata_HIv3___RNAseq.g45077.t1",-0.0171804832101557,0.0171804832101557,426,9.30205546462147,0.0825198834185427,0.000295169003334441,0.216756619593524,TRUE,TRUE
"Montipora_capitata_HIv3___RNAseq.g33255.t1",0.0171686720999122,0.0171686720999122,427,9.31922413672138,0.0826721891992945,0.000294763301674305,0.217051382895198,TRUE,TRUE
"Montipora_capitata_HIv3___RNAseq.g3252.t1",0.0171553235686574,0.0171553235686574,428,9.33637946029004,0.0828243765632892,0.000294305126745332,0.217345688021944,TRUE,TRUE
"Montipora_capitata_HIv3___RNAseq.g19424.t1",-0.0171355941495127,0.0171355941495127,429,9.35351505443955,0.0829763889047446,0.000293628586856815,0.2176393166088,TRUE,TRUE
"Montipora_capitata_HIv3___RNAseq.g44908.t1",0.0171310998730599,0.0171310998730599,430,9.37064615431261,0.0831283613768216,0.000293474582860752,0.217932791191661,TRUE,TRUE
"Montipora_capitata_HIv3___RNAseq.g21801.t1",0.0171169007142878,0.0171169007142878,431,9.3877630550269,0.0832802078861015,0.000292988290062787,0.218225779481724,TRUE,TRUE
"Montipora_capitata_HIv3___RNAseq.g43757.t1",0.017107768777264,0.017107768777264,432,9.40487082380416,0.0834319733846432,0.000292675752536329,0.21851845523426,TRUE,TRUE
"Montipora_capitata_HIv3___RNAseq.g39730.t1",-0.0171020548566259,0.0171020548566259,433,9.42197287866079,0.0835836881941661,0.000292480280319041,0.218810935514579,TRUE,TRUE
"Montipora_capitata_HIv3___RNAseq.g26962.t2",0.0170838307362378,0.0170838307362378,434,9.43905670939703,0.0837352413348733,0.000291857272624422,0.219102792787204,TRUE,TRUE
"Montipora_capitata_HIv3___RNAseq.g38957.t1",-0.0170833261005095,0.0170833261005095,435,9.45614003549754,0.0838867899988838,0.000291840030656349,0.21939463281786,TRUE,TRUE
"Montipora_capitata_HIv3___RNAseq.g3406.t1",-0.0170751123065393,0.0170751123065393,436,9.47321514780407,0.0840382657971365,0.000291559460280929,0.219686192278141,TRUE,TRUE
"Montipora_capitata_HIv3___TS.g21458.t1",0.0170647033746804,0.0170647033746804,437,9.49027985117876,0.0841896492562447,0.00029120410126583,0.219977396379407,TRUE,TRUE
"Montipora_capitata_HIv3___RNAseq.g32249.t1",-0.0170611751583347,0.0170611751583347,438,9.50734102633709,0.0843410014160338,0.000291083697783376,0.22026848007719,TRUE,TRUE
"Montipora_capitata_HIv3___RNAseq.g45018.t1",-0.0170597252848274,0.0170597252848274,439,9.52440075162192,0.0844923407137848,0.000291034226793778,0.220559514303984,TRUE,TRUE
"Montipora_capitata_HIv3___RNAseq.g49541.t1",0.0170481715621223,0.0170481715621223,440,9.54144892318404,0.0846435775167856,0.000290640153611554,0.220850154457595,TRUE,TRUE
"Montipora_capitata_HIv3___RNAseq.g17969.t1",0.0170396632723419,0.0170396632723419,441,9.55848858645638,0.0847947388415136,0.000290350124434797,0.22114050458203,TRUE,TRUE
"Montipora_capitata_HIv3___RNAseq.g14965.t1",-0.0170288283998843,0.0170288283998843,442,9.57551741485626,0.0849458040485162,0.000289980996672708,0.221430485578703,TRUE,TRUE
"Montipora_capitata_HIv3___RNAseq.g47810.t1",-0.0170205266802103,0.0170205266802103,443,9.59253794153648,0.0850967956097593,0.000289698328471752,0.221720183907175,TRUE,TRUE
"Montipora_capitata_HIv3___RNAseq.g947.t1",0.0170152615078115,0.0170152615078115,444,9.60955320304429,0.0852477404628943,0.00028951912417921,0.222009703031354,TRUE,TRUE
"Montipora_capitata_HIv3___TS.g29719.t1",0.017013285021774,0.017013285021774,445,9.62656648806606,0.0853986677823349,0.00028945186723212,0.222299154898586,TRUE,TRUE
"Montipora_capitata_HIv3___RNAseq.g50121.t1b",0.0170125511960369,0.0170125511960369,446,9.6435790392621,0.0855495885919009,0.000289426898197778,0.222588581796784,TRUE,TRUE
"Montipora_capitata_HIv3___TS.g34848.t2",-0.0170125177238132,0.0170125177238132,447,9.66059155698591,0.08570050910453,0.000289425759303059,0.222878007556087,TRUE,TRUE
"Montipora_capitata_HIv3___RNAseq.g656.t1",0.0169502116767855,0.0169502116767855,448,9.6775417686627,0.0858508768911776,0.000287309675887835,0.223165317231975,TRUE,TRUE
"Montipora_capitata_HIv3___RNAseq.g20530.t1",-0.0169177330868449,0.0169177330868449,449,9.69445950174954,0.0860009565555423,0.000286209692797727,0.223451526924772,TRUE,TRUE
"Montipora_capitata_HIv3___RNAseq.g44082.t1",0.0169062859742319,0.0169062859742319,450,9.71136578772377,0.0861509346709105,0.000285822505442511,0.223737349430215,TRUE,TRUE
"Montipora_capitata_HIv3___RNAseq.g8486.t1",0.016901255451363,0.016901255451363,451,9.72826704317514,0.0863008681597805,0.000285652435832227,0.224023001866047,TRUE,TRUE
"Montipora_capitata_HIv3___RNAseq.g4854.t3",0.0168991694497104,0.0168991694497104,452,9.74516621262485,0.0864507831434273,0.000285581928090024,0.224308583794137,TRUE,TRUE
"Montipora_capitata_HIv3___RNAseq.g11733.t1",0.0168964236855115,0.0168964236855115,453,9.76206263631036,0.0866006737690016,0.000285489133360314,0.224594072927498,TRUE,TRUE
"Montipora_capitata_HIv3___RNAseq.g11820.t1",0.0168913244565297,0.0168913244565297,454,9.77895396076689,0.0867505191585759,0.000285316841895758,0.224879389769393,TRUE,TRUE
"Montipora_capitata_HIv3___RNAseq.g42273.t1",-0.0168821689059614,0.0168821689059614,455,9.79583612967285,0.0869002833279329,0.000285007626969409,0.225164397396363,TRUE,TRUE
"Montipora_capitata_HIv3___RNAseq.g20466.t3",-0.0168636021303232,0.0168636021303232,456,9.81269973180317,0.0870498827887299,0.00028438107680984,0.225448778473172,TRUE,TRUE
"Montipora_capitata_HIv3___RNAseq.g41584.t1",0.0168616974403832,0.0168616974403832,457,9.82956142924356,0.0871994653527461,0.000284316840571024,0.225733095313744,TRUE,TRUE
"Montipora_capitata_HIv3___TS.g27670.t1",0.0168526230078571,0.0168526230078571,458,9.84641405225141,0.087348967416155,0.000284010902244953,0.226017106215988,TRUE,TRUE
"Montipora_capitata_HIv3___RNAseq.g3083.t1",0.0168502257985591,0.0168502257985591,459,9.86326427804997,0.0874984482135725,0.000283930109462428,0.226301036325451,TRUE,TRUE
"Montipora_capitata_HIv3___RNAseq.g43373.t1",0.0168490322336418,0.0168490322336418,460,9.88011331028361,0.0876479184227024,0.0002838898872103,0.226584926212661,TRUE,TRUE
"Montipora_capitata_HIv3___RNAseq.g37574.t1",-0.0168395090462195,0.0168395090462195,461,9.89695281932983,0.0877973041502553,0.00028356906491771,0.226868495277579,TRUE,TRUE
"Montipora_capitata_HIv3___RNAseq.g30995.t1",-0.0168342720166319,0.0168342720166319,462,9.91378709134647,0.087946643419359,0.000283392714329957,0.227151887991909,TRUE,TRUE
"Montipora_capitata_HIv3___RNAseq.g27882.t1",0.0168226878240938,0.0168226878240938,463,9.93060977917056,0.0880958799234102,0.000283002825626915,0.227434890817536,TRUE,TRUE
"Montipora_capitata_HIv3___RNAseq.g49753.t1",0.0168213086443072,0.0168213086443072,464,9.94743108781487,0.0882451041925575,0.000282956424507046,0.227717847242043,TRUE,TRUE
"Montipora_capitata_HIv3___TS.g6298.t1",-0.0168176132200838,0.0168176132200838,465,9.96424870103495,0.0883942956790604,0.000282832114420337,0.228000679356463,TRUE,TRUE
"Montipora_capitata_HIv3___RNAseq.g3263.t1",0.0168162465617297,0.0168162465617297,466,9.98106494759668,0.0885434750417388,0.000282786148424887,0.228283465504888,TRUE,TRUE
"Montipora_capitata_HIv3___RNAseq.g11477.t1",0.0168144059384195,0.0168144059384195,467,9.9978793535351,0.0886926380759808,0.000282724247061957,0.22856618975195,TRUE,TRUE
"Montipora_capitata_HIv3___RNAseq.g47275.t1",0.0168112481901782,0.0168112481901782,468,10.0146906017253,0.0888417730973801,0.000282618065711769,0.228848807817662,TRUE,TRUE
"Montipora_capitata_HIv3___RNAseq.g4658.t1",0.0168041377423398,0.0168041377423398,469,10.0314947394676,0.0889908450409651,0.000282379045263529,0.229131186862925,TRUE,TRUE
"Montipora_capitata_HIv3___TS.g10333.t2",-0.0167997348919693,0.0167997348919693,470,10.0482944743596,0.0891398779262259,0.000282231092440449,0.229413417955366,TRUE,TRUE
"Montipora_capitata_HIv3___RNAseq.g37851.t1",-0.0167928764263711,0.0167928764263711,471,10.065087350786,0.0892888499690433,0.000282000698671371,0.229695418654037,TRUE,TRUE
"Montipora_capitata_HIv3___TS.g36336.t1",0.016790039902043,0.016790039902043,472,10.081877390688,0.089437796848642,0.000281905439912197,0.229977324093949,TRUE,TRUE
"Montipora_capitata_HIv3___RNAseq.g42152.t1",0.0167893860576987,0.0167893860576987,473,10.0986667767457,0.0895867379278927,0.000281883484194447,0.230259207578144,TRUE,TRUE
"Montipora_capitata_HIv3___RNAseq.g10418.t1",0.0167871718969473,0.0167871718969473,474,10.1154539486426,0.0897356593650021,0.000281809140297656,0.230541016718441,TRUE,TRUE
"Montipora_capitata_HIv3___RNAseq.g33782.t1",0.016771515170088,0.016771515170088,475,10.1322254638127,0.0898844419090164,0.000281283721100493,0.230822300439542,TRUE,TRUE
"Montipora_capitata_HIv3___RNAseq.g14959.t1",0.0167695891325708,0.0167695891325708,476,10.1489950529453,0.0900332073668724,0.000281219119675237,0.231103519559217,TRUE,TRUE
"Montipora_capitata_HIv3___TS.g44536.t1a",0.0167690779744858,0.0167690779744858,477,10.1657641309198,0.0901819682901709,0.000281201976114384,0.231384721535332,TRUE,TRUE
"Montipora_capitata_HIv3___TS.g21249.t1",-0.016764003075838,0.016764003075838,478,10.1825281339956,0.0903306841933073,0.000281031799126705,0.231665753334458,TRUE,TRUE
"Montipora_capitata_HIv3___RNAseq.g14495.t1",-0.0167574653858698,0.0167574653858698,479,10.1992855993815,0.0904793420996476,0.000280812646158623,0.231946565980617,TRUE,TRUE
"Montipora_capitata_HIv3___RNAseq.g3915.t1",-0.0167476710213315,0.0167476710213315,480,10.2160332704028,0.0906279131187593,0.000280484484638749,0.232227050465256,TRUE,TRUE
"Montipora_capitata_HIv3___RNAseq.g48500.t1",0.0167474558923992,0.0167474558923992,481,10.2327807262952,0.0907764822294311,0.000280477278867857,0.232507527744123,TRUE,TRUE
"Montipora_capitata_HIv3___TS.g18644.t1",0.0167406190374383,0.0167406190374383,482,10.2495213453327,0.0909249906893707,0.000280248325756642,0.23278777606988,TRUE,TRUE
"Montipora_capitata_HIv3___RNAseq.g20745.t1",0.0167377844260932,0.0167377844260932,483,10.2662591297588,0.0910734740030618,0.000280153427494368,0.233067929497374,TRUE,TRUE
"Montipora_capitata_HIv3___RNAseq.g31904.t1",0.016734077877677,0.016734077877677,484,10.2829932076364,0.0912219244354243,0.000280029362416158,0.233347958859791,TRUE,TRUE
"Montipora_capitata_HIv3___TS.g13493.t1",-0.0167204696520627,0.0167204696520627,485,10.2997136772885,0.0913702541472433,0.000279574105385549,0.233627532965176,TRUE,TRUE
"Montipora_capitata_HIv3___TS.g4646.t1",-0.0167145651973085,0.0167145651973085,486,10.3164282424858,0.0915185314797876,0.000279376689735076,0.233906909654911,TRUE,TRUE
"Montipora_capitata_HIv3___TS.g1511.t1",0.0167121021876984,0.0167121021876984,487,10.3331403446735,0.0916667869626164,0.000279294359532074,0.234186204014443,TRUE,TRUE
"Montipora_capitata_HIv3___RNAseq.g44344.t1",-0.0167104008820783,0.0167104008820783,488,10.3498507455556,0.0918150273529162,0.000279237497639764,0.234465441512083,TRUE,TRUE
"Montipora_capitata_HIv3___RNAseq.g11942.t1",0.0167025455574277,0.0167025455574277,489,10.366553291113,0.0919631980574916,0.000278975028097946,0.234744416540181,TRUE,TRUE
"Montipora_capitata_HIv3___RNAseq.g23259.t1",0.0166918703054096,0.0166918703054096,490,10.3832451614184,0.0921112740603577,0.000278618534292615,0.235023035074474,TRUE,TRUE
"Montipora_capitata_HIv3___RNAseq.g21305.t1",-0.0166914285740395,0.0166914285740395,491,10.3999365899925,0.0922593461445607,0.000278603787842264,0.235301638862316,TRUE,TRUE
"Montipora_capitata_HIv3___RNAseq.g31248.t1",0.0166866604273794,0.0166866604273794,492,10.4166232504198,0.092407375929843,0.00027844463621867,0.235580083498535,TRUE,TRUE
"Montipora_capitata_HIv3___RNAseq.g5072.t1",-0.0166751830120508,0.0166751830120508,493,10.4332984334319,0.092555303897309,0.000278061728485388,0.23585814522702,TRUE,TRUE
"Montipora_capitata_HIv3___RNAseq.g24572.t1",-0.0166728008923788,0.0166728008923788,494,10.4499712343243,0.0927032107326458,0.000277982289596906,0.236136127516617,TRUE,TRUE
"Montipora_capitata_HIv3___RNAseq.46875_t",0.0166722390398881,0.0166722390398881,495,10.4666434733642,0.0928511125837077,0.00027796355460317,0.23641409107122,TRUE,TRUE
"Montipora_capitata_HIv3___RNAseq.g25096.t1",0.0166664354234581,0.0166664354234581,496,10.4833099087876,0.0929989629500463,0.000277770069724298,0.236691861140944,TRUE,TRUE
"Montipora_capitata_HIv3___RNAseq.g15825.t1",-0.0166634931356124,0.0166634931356124,497,10.4999734019232,0.0931467872149226,0.000277672003480603,0.236969533144425,TRUE,TRUE
"Montipora_capitata_HIv3___RNAseq.g26554.t1",0.0166497605505406,0.0166497605505406,498,10.5166231624738,0.0932944896560447,0.000277214526390339,0.237246747670815,TRUE,TRUE
"Montipora_capitata_HIv3___TS.g49732.t1a",-0.0166473012393155,0.0166473012393155,499,10.5332704637131,0.09344217028026,0.000277132638552516,0.237523880309368,TRUE,TRUE
"Montipora_capitata_HIv3___RNAseq.g32063.t1",-0.0166443667994625,0.0166443667994625,500,10.5499148305125,0.0935898248726339,0.00027703494615505,0.237800915255523,TRUE,TRUE
"Montipora_capitata_HIv3___RNAseq.g13465.t1",-0.0166382903818253,0.0166382903818253,501,10.5665531208944,0.0937374255602253,0.000276832706829941,0.238077747962353,TRUE,TRUE
"Montipora_capitata_HIv3___RNAseq.g43190.t1",-0.0166332496999461,0.0166332496999461,502,10.5831863705943,0.0938849815311966,0.000276664995580757,0.238354412957934,TRUE,TRUE
"Montipora_capitata_HIv3___RNAseq.g17986.t1",0.0166195711106174,0.0166195711106174,503,10.5998059417049,0.0940324161574177,0.000276210143900869,0.238630623101834,TRUE,TRUE
"Montipora_capitata_HIv3___RNAseq.g29846.t1",0.0166167200264858,0.0166167200264858,504,10.6164226617314,0.0941798254912579,0.000276115384438613,0.238906738486273,TRUE,TRUE
"Montipora_capitata_HIv3___TS.g24426.t3",0.0166054797558292,0.0166054797558292,505,10.6330281414873,0.0943271351110265,0.000275741957921252,0.239182480444194,TRUE,TRUE
"Montipora_capitata_HIv3___RNAseq.g5538.t1",-0.0165962866917255,0.0165962866917255,506,10.649624428179,0.0944743631777899,0.000275436731953944,0.239457917176148,TRUE,TRUE
"Montipora_capitata_HIv3___TS.g43063.t1b",0.0165937565029868,0.0165937565029868,507,10.666218184682,0.0946215687988819,0.000275352754880417,0.239733269931029,TRUE,TRUE
"Montipora_capitata_HIv3___TS.g5280.t1b",0.0165874171210159,0.0165874171210159,508,10.682805601803,0.0947687181823969,0.000275142406746571,0.240008412337775,TRUE,TRUE
"Montipora_capitata_HIv3___RNAseq.g29807.t1",0.0165874084541761,0.0165874084541761,509,10.6993930102572,0.094915867489027,0.000275142119225673,0.240283554457001,TRUE,TRUE
"Montipora_capitata_HIv3___RNAseq.g30529.t1",0.0165869660532246,0.0165869660532246,510,10.7159799763104,0.0950630128710542,0.000275127442850824,0.240558681899852,TRUE,TRUE
"Montipora_capitata_HIv3___RNAseq.g21348.t1",0.0165738340428899,0.0165738340428899,511,10.7325538103533,0.0952100417571127,0.000274691974881255,0.240833373874733,TRUE,TRUE
"Montipora_capitata_HIv3___TS.g25572.t2",0.0165680976992097,0.0165680976992097,512,10.7491219080525,0.0953570197552343,0.000274501861370558,0.241107875736103,TRUE,TRUE
"Montipora_capitata_HIv3___RNAseq.g3151.t1",0.0165584201097985,0.0165584201097985,513,10.7656803281623,0.0955039119020563,0.000274181276532579,0.241382057012636,TRUE,TRUE
"Montipora_capitata_HIv3___RNAseq.g2562.t1",0.0165537549435367,0.0165537549435367,514,10.7822340831058,0.0956507626635117,0.000274026802730667,0.241656083815367,TRUE,TRUE
"Montipora_capitata_HIv3___RNAseq.g34993.t1",-0.0165530313245164,0.0165530313245164,515,10.7987871144303,0.0957976070056377,0.000274002846030421,0.241930086661397,TRUE,TRUE
"Montipora_capitata_HIv3___TS.g11315.t1",-0.0165483672087958,0.0165483672087958,516,10.8153354816391,0.0959444099717166,0.000273848457277147,0.242203935118674,TRUE,TRUE
"Montipora_capitata_HIv3___TS.g11205.t1",-0.0165426819282797,0.0165426819282797,517,10.8318781635674,0.0960911625028474,0.00027366032538023,0.242477595444054,TRUE,TRUE
"Montipora_capitata_HIv3___RNAseq.g13284.t2",-0.0165365912720322,0.0165365912720322,518,10.8484147548394,0.096237861002883,0.000273458850898253,0.242751054294953,TRUE,TRUE
"Montipora_capitata_HIv3___RNAseq.g44579.t1",0.016535253383069,0.016535253383069,519,10.8649500082225,0.0963845476343116,0.000273414604442295,0.243024468899395,TRUE,TRUE
"Montipora_capitata_HIv3___RNAseq.g23169.t1",-0.0165294242720357,0.0165294242720357,520,10.8814794324945,0.0965311825548506,0.000273221866764962,0.24329769076616,TRUE,TRUE
"Montipora_capitata_HIv3___RNAseq.g45288.t1a",0.0165258123938058,0.0165258123938058,521,10.8980052448884,0.0966777854338938,0.000273102475275266,0.243570793241435,TRUE,TRUE
"Montipora_capitata_HIv3___RNAseq.g3273.t1",0.0165221383219093,0.0165221383219093,522,10.9145273832103,0.0968243557197123,0.000272981054728303,0.243843774296164,TRUE,TRUE
"Montipora_capitata_HIv3___RNAseq.g34468.t1",-0.0165198217171259,0.0165198217171259,523,10.9310472049274,0.0969709054545937,0.000272904509565626,0.244116678805729,TRUE,TRUE
"Montipora_capitata_HIv3___RNAseq.g15170.t1",0.0165093978447048,0.0165093978447048,524,10.9475566027721,0.0971173627177907,0.000272560217194744,0.244389239022924,TRUE,TRUE
"Montipora_capitata_HIv3___RNAseq.g50322.t1",0.016502845622356,0.016502845622356,525,10.9640594483944,0.0972637618552728,0.000272343913635315,0.244661582936559,TRUE,TRUE
"Montipora_capitata_HIv3___TS.g31500.t1a",0.0164837210603354,0.0164837210603354,526,10.9805431694548,0.0974099913359909,0.000271713059994946,0.244933295996554,TRUE,TRUE
"Montipora_capitata_HIv3___TS.g16223.t1b",0.0164706222307042,0.0164706222307042,527,10.9970137916855,0.0975561046150912,0.000271281396666567,0.245204577393221,TRUE,TRUE
"Montipora_capitata_HIv3___TS.g33594.t1",0.0164626277036567,0.0164626277036567,528,11.0134764193891,0.0977021469735823,0.000271018110909205,0.24547559550413,TRUE,TRUE
"Montipora_capitata_HIv3___RNAseq.g41624.t1",-0.0164396548376778,0.0164396548376778,529,11.0299160742268,0.0978479855364468,0.000270262251181982,0.245745857755312,TRUE,TRUE
"Montipora_capitata_HIv3___TS.g5319.t1",-0.0164320908606472,0.0164320908606472,530,11.0463481650875,0.0979937569981738,0.000270013610052564,0.246015871365365,TRUE,TRUE
"Montipora_capitata_HIv3___RNAseq.g37297.t1",0.016428309097675,0.016428309097675,531,11.0627764741851,0.0981394949113329,0.000269889339808751,0.246285760705173,TRUE,TRUE
"Montipora_capitata_HIv3___RNAseq.g34087.t1",-0.0164047100602449,0.0164047100602449,532,11.0791811842454,0.0982850234740075,0.000269114512160701,0.246554875217334,TRUE,TRUE
"Montipora_capitata_HIv3___RNAseq.g21588.t1",-0.0163975427567259,0.0163975427567259,533,11.0955787270021,0.098430488454493,0.000268879408458655,0.246823754625793,TRUE,TRUE
"Montipora_capitata_HIv3___RNAseq.g44100.t1",-0.0163953997013679,0.0163953997013679,534,11.1119741267035,0.0985759344236235,0.000268809131367614,0.24709256375716,TRUE,TRUE
"Montipora_capitata_HIv3___TS.g49183.t1",0.0163810897130374,0.0163810897130374,535,11.1283552164165,0.0987212534467716,0.000268340100186579,0.247360903857347,TRUE,TRUE
"Montipora_capitata_HIv3___RNAseq.g4776.t1a",-0.0163695571868632,0.0163695571868632,536,11.1447247736034,0.0988664701632071,0.000267962402493984,0.247628866259841,TRUE,TRUE
"Montipora_capitata_HIv3___TS.g14922.t1a",0.0163632354769672,0.0163632354769672,537,11.1610880090804,0.099011630798837,0.000267755475274678,0.247896621735115,TRUE,TRUE
"Montipora_capitata_HIv3___RNAseq.g31023.t1",0.0163444055441293,0.0163444055441293,538,11.1774324146245,0.0991566243914012,0.000267139592590963,0.248163761327706,TRUE,TRUE
"Montipora_capitata_HIv3___RNAseq.g18384.t1",-0.0163102526187995,0.0163102526187995,539,11.1937426672433,0.0993013150084105,0.000266024340489055,0.248429785668196,TRUE,TRUE
"Montipora_capitata_HIv3___RNAseq.g35553.t1",-0.0163034880456228,0.0163034880456228,540,11.2100461552889,0.0994459456159098,0.000265803722453766,0.248695589390649,TRUE,TRUE
"Montipora_capitata_HIv3___RNAseq.g33971.t1b",-0.0162975781409734,0.0162975781409734,541,11.2263437334299,0.0995905237957876,0.000265611053261134,0.24896120044391,TRUE,TRUE
"Montipora_capitata_HIv3___RNAseq.g43894.t2",-0.0162853689133606,0.0162853689133606,542,11.2426291023432,0.0997349936658362,0.000265213240644251,0.249226413684555,TRUE,TRUE
"Montipora_capitata_HIv3___RNAseq.10384_t",-0.0162803862683215,0.0162803862683215,543,11.2589094886116,0.0998794193341178,0.00026505097704575,0.2494914646616,TRUE,TRUE
"Montipora_capitata_HIv3___RNAseq.g5014.t1",0.0162725499712481,0.0162725499712481,544,11.2751820385828,0.100023775485471,0.000264795882566767,0.249756260544167,TRUE,TRUE
"Montipora_capitata_HIv3___RNAseq.45294_t",-0.0162385939382016,0.0162385939382016,545,11.291420632521,0.10016783040793,0.000263691933089798,0.250019952477257,TRUE,TRUE
