"","Date","Sample.ID","Chamber.ID","SDR","Group","Temperature","Type","Salinity","Plate","Run","Volume","Org.Number","Light","Photo.Intercept","P.umol.L.min","unique","P.umol.min","P.Blank.umol.min","P.umol.min.corr","P.umol.org.min","P.nmol.org.min","PAR"
"1",20230625,1,"A1",641,"F1-NB",27,"Sample",33,1,1,8e-05,5,1,192.553998249262,-0.294605536710807,"1 - A1",-2.35684429368646e-05,-2.29485308157111e-06,-2.12735898552935e-05,-4.25471797105869e-06,-0.00425471797105869,0.1
"2",20230625,1,"A1",641,"F1-NB",27,"Sample",33,1,1,8e-05,5,2,177.00828427371,0.422901320528209,"1 - A1",3.38321056422567e-05,-2.29485308157111e-06,3.61269587238278e-05,7.22539174476556e-06,0.00722539174476556,50
"3",20230625,1,"A1",641,"F1-NB",27,"Sample",33,1,1,8e-05,5,3,174.248668368759,0.685332677104804,"1 - A1",5.48266141683843e-05,-2.29485308157111e-06,5.71214672499554e-05,1.14242934499911e-05,0.0114242934499911,100
"4",20230625,1,"A1",641,"F1-NB",27,"Sample",33,1,1,8e-05,5,4,102.669159392669,2.04563217076425,"1 - A1",0.00016365057366114,-2.29485308157111e-06,0.000165945426742711,3.31890853485422e-05,0.0331890853485422,500
"5",20230625,7,"B1",641,"F2-NB",27,"Sample",33,1,1,8e-05,5,1,191.373109243697,-0.353307868601983,"1 - B1",-2.82646294881586e-05,-2.29485308157111e-06,-2.59697764065875e-05,-5.19395528131751e-06,-0.00519395528131751,0.1
"6",20230625,7,"B1",641,"F2-NB",27,"Sample",33,1,1,8e-05,5,2,192.006705446854,-0.194597567424643,"1 - B1",-1.55678053939714e-05,-2.29485308157111e-06,-1.32729523124003e-05,-2.65459046248007e-06,-0.00265459046248007,50
"7",20230625,7,"B1",641,"F2-NB",27,"Sample",33,1,1,8e-05,5,3,205.379318181818,-0.404090909090911,"1 - B1",-3.23272727272729e-05,-2.29485308157111e-06,-3.00324196457018e-05,-6.00648392914036e-06,-0.00600648392914036,100
"8",20230625,7,"B1",641,"F2-NB",27,"Sample",33,1,1,8e-05,5,4,83.5563926661571,2.29002902979374,"1 - B1",0.000183202322383499,-2.29485308157111e-06,0.00018549717546507,3.70994350930141e-05,0.0370994350930141,500
"9",20230625,13,"C1",641,"F2-WT",27,"Sample",33,1,1,8e-05,5,1,195.569083670715,-0.676939271255061,"1 - C1",-5.41551417004049e-05,-2.29485308157111e-06,-5.18602886188338e-05,-1.03720577237668e-05,-0.0103720577237668,0.1
"10",20230625,13,"C1",641,"F2-WT",27,"Sample",33,1,1,8e-05,5,2,175.966303030303,0.68931024531024,"1 - C1",5.51448196248192e-05,-2.29485308157111e-06,5.74396727063903e-05,1.14879345412781e-05,0.0114879345412781,50
"11",20230625,13,"C1",641,"F2-WT",27,"Sample",33,1,1,8e-05,5,3,211.237596638655,-0.0621064425770256,"1 - C1",-4.96851540616205e-06,-2.29485308157111e-06,-2.67366232459094e-06,-5.34732464918188e-07,-0.000534732464918188,100
"12",20230625,13,"C1",641,"F2-WT",27,"Sample",33,1,1,8e-05,5,4,136.480629260935,1.74761628959276,"1 - C1",0.000139809303167421,-2.29485308157111e-06,0.000142104156248992,2.84208312497984e-05,0.0284208312497984,500
"13",20230625,19,"D1",641,"F1-WT",27,"Sample",33,1,1,8e-05,5,1,194.445791304348,-0.782313043478273,"1 - D1",-6.25850434782618e-05,-2.29485308157111e-06,-6.02901903966907e-05,-1.20580380793381e-05,-0.0120580380793381,0.1
"14",20230625,19,"D1",641,"F1-WT",27,"Sample",33,1,1,8e-05,5,2,167.280252189671,1.07963153125944,"1 - D1",8.63705225007552e-05,-2.29485308157111e-06,8.86653755823263e-05,1.77330751164653e-05,0.0177330751164653,50
"15",20230625,19,"D1",641,"F1-WT",27,"Sample",33,1,1,8e-05,5,3,169.466515535445,0.916622624434391,"1 - D1",7.33298099547513e-05,-2.29485308157111e-06,7.56246630363224e-05,1.51249326072645e-05,0.0151249326072645,100
"16",20230625,19,"D1",641,"F1-WT",27,"Sample",33,1,1,8e-05,5,4,168.008564993564,1.29677734877736,"1 - D1",0.000103742187902189,-2.29485308157111e-06,0.00010603704098376,2.1207408196752e-05,0.021207408196752,500
"17",20230625,2,"A2",641,"F1-WT",27,"Sample",33,1,1,8e-05,5,1,200.918404488232,-1.44454296661193,"1 - A2",-0.000115563437328954,-2.29485308157111e-06,-0.000113268584247383,-2.26537168494767e-05,-0.0226537168494767,0.1
"18",20230625,2,"A2",641,"F1-WT",27,"Sample",33,1,1,8e-05,5,2,160.524851020408,1.36720816326531,"1 - A2",0.000109376653061225,-2.29485308157111e-06,0.000111671506142796,2.23343012285592e-05,0.0223343012285592,50
"19",20230625,2,"A2",641,"F1-WT",27,"Sample",33,1,1,8e-05,5,3,168.41759235276,1.06337588652483,"1 - A2",8.50700709219864e-05,-2.29485308157111e-06,8.73649240035575e-05,1.74729848007115e-05,0.0174729848007115,100
"20",20230625,2,"A2",641,"F1-WT",27,"Sample",33,1,1,8e-05,5,4,122.934165306123,2.05048571428571,"1 - A2",0.000164038857142857,-2.29485308157111e-06,0.000166333710224428,3.32667420448856e-05,0.0332667420448856,500
"21",20230625,8,"B2",641,"F1-WT",27,"Sample",33,1,1,8e-05,5,1,189.867928118393,-1.14189429175476,"1 - B2",-9.13515433403808e-05,-2.29485308157111e-06,-8.90566902588097e-05,-1.78113380517619e-05,-0.0178113380517619,0.1
"22",20230625,8,"B2",641,"F1-WT",27,"Sample",33,1,1,8e-05,5,2,162.510080672269,0.68773109243697,"1 - B2",5.50184873949576e-05,-2.29485308157111e-06,5.73133404765287e-05,1.14626680953057e-05,0.0114626680953057,50
"23",20230625,8,"B2",641,"F1-WT",27,"Sample",33,1,1,8e-05,5,3,175.715075281113,0.0494697922622465,"1 - B2",3.95758338097972e-06,-2.29485308157111e-06,6.25243646255083e-06,1.25048729251017e-06,0.00125048729251017,100
"24",20230625,8,"B2",641,"F1-WT",27,"Sample",33,1,1,8e-05,5,4,198.359949579832,-0.137546218487389,"1 - B2",-1.10036974789911e-05,-2.29485308157111e-06,-8.70884439742001e-06,-1.741768879484e-06,-0.001741768879484,500
"25",20230625,14,"C2",641,"F1-NB",27,"Sample",33,1,1,8e-05,5,1,196.857645320197,-1.65095566502463,"1 - C2",-0.00013207645320197,-2.29485308157111e-06,-0.000129781600120399,-2.59563200240799e-05,-0.0259563200240799,0.1
"26",20230625,14,"C2",641,"F1-NB",27,"Sample",33,1,1,8e-05,5,2,167.711700404858,0.821980523033151,"1 - C2",6.57584418426521e-05,-2.29485308157111e-06,6.80532949242232e-05,1.36106589848446e-05,0.0136106589848446,50
"27",20230625,14,"C2",641,"F1-NB",27,"Sample",33,1,1,8e-05,5,3,164.23516404648,1.07122351332878,"1 - C2",8.56978810663024e-05,-2.29485308157111e-06,8.79927341478735e-05,1.75985468295747e-05,0.0175985468295747,100
"28",20230625,14,"C2",641,"F1-NB",27,"Sample",33,1,1,8e-05,5,4,165.385849910356,1.45780073422693,"1 - C2",0.000116624058738154,-2.29485308157111e-06,0.000118918911819726,2.37837823639451e-05,0.0237837823639451,500
"29",20230625,3,"A3",641,"F2-WT",27,"Sample",33,1,1,8e-05,5,1,191.955163763066,0.0356236933797866,"1 - A3",2.84989547038293e-06,-2.29485308157111e-06,5.14474855195404e-06,1.02894971039081e-06,0.00102894971039081,0.1
"30",20230625,3,"A3",641,"F2-WT",27,"Sample",33,1,1,8e-05,5,2,169.8872625383,1.05087243992904,"1 - A3",8.40697951943232e-05,-2.29485308157111e-06,8.63646482758943e-05,1.72729296551789e-05,0.0172729296551789,50
"31",20230625,3,"A3",641,"F2-WT",27,"Sample",33,1,1,8e-05,5,3,172.875978826944,0.943286946128236,"1 - A3",7.54629556902589e-05,-2.29485308157111e-06,7.775780877183e-05,1.5551561754366e-05,0.015551561754366,100
"32",20230625,3,"A3",641,"F2-WT",27,"Sample",33,1,1,8e-05,5,4,221.11981633039,0.137301677335695,"1 - A3",1.09841341868556e-05,-2.29485308157111e-06,1.32789872684267e-05,2.65579745368534e-06,0.00265579745368534,500
"33",20230625,9,"B3",641,"F1-NB",27,"Sample",33,1,1,8e-05,5,1,186.868571428571,-0.536380952380948,"1 - B3",-4.29104761904758e-05,-2.29485308157111e-06,-4.06156231089047e-05,-8.12312462178095e-06,-0.00812312462178095,0.1
"34",20230625,9,"B3",641,"F1-NB",27,"Sample",33,1,1,8e-05,5,2,167.893147879374,0.360393484921787,"1 - B3",2.8831478793743e-05,-2.29485308157111e-06,3.11263318753141e-05,6.22526637506281e-06,0.00622526637506281,50
"35",20230625,9,"B3",641,"F1-NB",27,"Sample",33,1,1,8e-05,5,3,170.891515957447,0.71585106382979,"1 - B3",5.72680851063832e-05,-2.29485308157111e-06,5.95629381879543e-05,1.19125876375909e-05,0.0119125876375909,100
"36",20230625,9,"B3",641,"F1-NB",27,"Sample",33,1,1,8e-05,5,4,101.319943332698,2.197594053745,"1 - B3",0.0001758075242996,-2.29485308157111e-06,0.000178102377381171,3.56204754762342e-05,0.0356204754762342,500
"37",20230625,15,"C3",641,"F2-NB",27,"Sample",33,1,1,8e-05,5,1,188.403314393939,-0.202847593582887,"1 - C3",-1.6227807486631e-05,-2.29485308157111e-06,-1.39329544050599e-05,-2.78659088101197e-06,-0.00278659088101197,0.1
"38",20230625,15,"C3",641,"F2-NB",27,"Sample",33,1,1,8e-05,5,2,178.714884366327,0.0215972864631504,"1 - C3",1.72778291705203e-06,-2.29485308157111e-06,4.02263599862314e-06,8.04527199724628e-07,0.000804527199724628,50
"39",20230625,15,"C3",641,"F2-NB",27,"Sample",33,1,1,8e-05,5,3,149.612661654135,1.00692686261107,"1 - C3",8.05541490088856e-05,-2.29485308157111e-06,8.28490020904567e-05,1.65698004180913e-05,0.0165698004180913,100
"40",20230625,15,"C3",641,"F2-NB",27,"Sample",33,1,1,8e-05,5,4,158.896818181818,0.883818181818182,"1 - C3",7.07054545454546e-05,-2.29485308157111e-06,7.30003076270257e-05,1.46000615254051e-05,0.0146000615254051,500
"41",20230625,21,"D3",641,"F2-WT",27,"Sample",33,1,1,8e-05,5,1,188.286551724138,-0.3033681868743,"1 - D3",-2.4269454949944e-05,-2.29485308157111e-06,-2.19746018683729e-05,-4.39492037367458e-06,-0.00439492037367458,0.1
"42",20230625,21,"D3",641,"F2-WT",27,"Sample",33,1,1,8e-05,5,2,166.175712543554,0.490376306620209,"1 - D3",3.92301045296167e-05,-2.29485308157111e-06,4.15249576111878e-05,8.30499152223757e-06,0.00830499152223757,50
"43",20230625,21,"D3",641,"F2-WT",27,"Sample",33,1,1,8e-05,5,3,160.791890207462,0.788264321693842,"1 - D3",6.30611457355074e-05,-2.29485308157111e-06,6.53559988170785e-05,1.30711997634157e-05,0.0130711997634157,100
"44",20230625,21,"D3",641,"F2-WT",27,"Sample",33,1,1,8e-05,5,4,153.236866791745,1.18096435272045,"1 - D3",9.4477148217636e-05,-2.29485308157111e-06,9.67720012992071e-05,1.93544002598414e-05,0.0193544002598414,500
"45",20230625,10,"B4",641,"F1-WT",27,"Sample",33,1,1,8e-05,5,1,191.246587108014,-1.55765156794426,"1 - B4",-0.000124612125435541,-2.29485308157111e-06,-0.00012231727235397,-2.44634544707939e-05,-0.0244634544707939,0.1
"46",20230625,10,"B4",641,"F1-WT",27,"Sample",33,1,1,8e-05,5,2,173.590230769231,-0.520481447963796,"1 - B4",-4.16385158371037e-05,-2.29485308157111e-06,-3.93436627555326e-05,-7.86873255110652e-06,-0.00786873255110652,50
"47",20230625,10,"B4",641,"F1-WT",27,"Sample",33,1,1,8e-05,5,3,158.539616804168,0.0395809813287028,"1 - B4",3.16647850629622e-06,-2.29485308157111e-06,5.46133158786733e-06,1.09226631757347e-06,0.00109226631757347,100
"48",20230625,10,"B4",641,"F1-WT",27,"Sample",33,1,1,8e-05,5,4,52.3576724738682,2.1662857142857,"1 - B4",0.000173302857142856,-2.29485308157111e-06,0.000175597710224427,3.51195420448854e-05,0.0351195420448854,500
"49",20230625,16,"C4",641,"F2-NB",27,"Sample",33,1,1,8e-05,5,1,186.183602144655,-0.431789035999566,"1 - C4",-3.45431228799653e-05,-2.29485308157111e-06,-3.22482697983942e-05,-6.44965395967884e-06,-0.00644965395967884,0.1
"50",20230625,16,"C4",641,"F2-NB",27,"Sample",33,1,1,8e-05,5,2,186.961602800695,-0.118291359096832,"1 - C4",-9.46330872774656e-06,-2.29485308157111e-06,-7.16845564617545e-06,-1.43369112923509e-06,-0.00143369112923509,50
"51",20230625,16,"C4",641,"F2-NB",27,"Sample",33,1,1,8e-05,5,3,172.414676346038,0.469872958257712,"1 - C4",3.7589836660617e-05,-2.29485308157111e-06,3.98846897421881e-05,7.97693794843762e-06,0.00797693794843761,100
"52",20230625,16,"C4",641,"F2-NB",27,"Sample",33,1,1,8e-05,5,4,82.5247704081631,2.51622448979592,"1 - C4",0.000201297959183674,-2.29485308157111e-06,0.000203592812265245,4.07185624530489e-05,0.0407185624530489,500
"53",20230625,22,"D4",641,"F1-NB",27,"Sample",33,1,1,8e-05,5,1,188.300782241015,-0.349471458773784,"1 - D4",-2.79577167019027e-05,-2.29485308157111e-06,-2.56628636203316e-05,-5.13257272406632e-06,-0.00513257272406632,0.1
"54",20230625,22,"D4",641,"F1-NB",27,"Sample",33,1,1,8e-05,5,2,186.953570412518,-0.00773826458036358,"1 - D4",-6.19061166429086e-07,-2.29485308157111e-06,1.67579191514202e-06,3.35158383028404e-07,0.000335158383028404,50
"55",20230625,22,"D4",641,"F1-NB",27,"Sample",33,1,1,8e-05,5,3,162.21459380863,0.792581613508442,"1 - D4",6.34065290806754e-05,-2.29485308157111e-06,6.57013821622465e-05,1.31402764324493e-05,0.0131402764324493,100
"56",20230625,22,"D4",641,"F1-NB",27,"Sample",33,1,1,8e-05,5,4,208.290420262664,0.185242026266417,"1 - D4",1.48193621013134e-05,-2.29485308157111e-06,1.71142151828845e-05,3.42284303657689e-06,0.00342284303657689,500
"57",20230625,5,"A5",641,"F1-NB",27,"Sample",33,1,1,8e-05,5,1,190.341969193597,-0.373325279371788,"1 - A5",-2.9866022349743e-05,-2.29485308157111e-06,-2.75711692681719e-05,-5.51423385363439e-06,-0.00551423385363439,0.1
"58",20230625,5,"A5",641,"F1-NB",27,"Sample",33,1,1,8e-05,5,2,170.983043478261,0.336801054018441,"1 - A5",2.69440843214753e-05,-2.29485308157111e-06,2.92389374030464e-05,5.84778748060928e-06,0.00584778748060928,50
"59",20230625,5,"A5",641,"F1-NB",27,"Sample",33,1,1,8e-05,5,3,157.433655055636,0.767479438800194,"1 - A5",6.13983551040155e-05,-2.29485308157111e-06,6.36932081855866e-05,1.27386416371173e-05,0.0127386416371173,100
"60",20230625,5,"A5",641,"F1-NB",27,"Sample",33,1,1,8e-05,5,4,72.4391501057078,2.50136997885836,"1 - A5",0.000200109598308669,-2.29485308157111e-06,0.00020240445139024,4.0480890278048e-05,0.040480890278048,500
"61",20230625,11,"B5",641,"F2-WT",27,"Sample",33,1,1,8e-05,5,1,189.168727272727,-0.162181818181817,"1 - B5",-1.29745454545454e-05,-2.29485308157111e-06,-1.06796923729743e-05,-2.13593847459485e-06,-0.00213593847459485,0.1
"62",20230625,11,"B5",641,"F2-WT",27,"Sample",33,1,1,8e-05,5,2,158.359710204082,1.07222040816326,"1 - B5",8.57776326530608e-05,-2.29485308157111e-06,8.80724857346319e-05,1.76144971469264e-05,0.0176144971469264,50
"63",20230625,11,"B5",641,"F2-WT",27,"Sample",33,1,1,8e-05,5,3,172.317913703176,0.73316263632054,"1 - B5",5.86530109056432e-05,-2.29485308157111e-06,6.09478639872143e-05,1.21895727974429e-05,0.0121895727974429,100
"64",20230625,11,"B5",641,"F2-WT",27,"Sample",33,1,1,8e-05,5,4,144.162838507744,1.3431893182805,"1 - B5",0.00010745514546244,-2.29485308157111e-06,0.000109749998544011,2.19499997088022e-05,0.0219499997088022,500
"65",20230625,23,"D5",641,"F2-NB",27,"Sample",33,1,1,8e-05,5,1,188.507638691323,-0.188070175438603,"1 - D5",-1.50456140350882e-05,-2.29485308157111e-06,-1.27507609535171e-05,-2.55015219070343e-06,-0.00255015219070343,0.1
"66",20230625,23,"D5",641,"F2-NB",27,"Sample",33,1,1,8e-05,5,2,190.36998098695,-0.395343531241896,"1 - D5",-3.16274824993517e-05,-2.29485308157111e-06,-2.93326294177806e-05,-5.86652588355611e-06,-0.00586652588355611,50
"67",20230625,23,"D5",641,"F2-NB",27,"Sample",33,1,1,8e-05,5,3,164.353371877891,0.464727104532837,"1 - D5",3.7178168362627e-05,-2.29485308157111e-06,3.94730214441981e-05,7.89460428883961e-06,0.00789460428883961,100
"68",20230625,23,"D5",641,"F2-NB",27,"Sample",33,1,1,8e-05,5,4,150.709893058162,0.919992495309562,"1 - D5",7.3599399624765e-05,-2.29485308157111e-06,7.58942527063361e-05,1.51788505412672e-05,0.0151788505412672,500
"69",20230625,6,"A6",641,"F2-NB",27,"Sample",33,1,1,8e-05,5,1,183.636307692308,-0.299555555555554,"1 - A6",-2.39644444444443e-05,-2.29485308157111e-06,-2.16695913628732e-05,-4.33391827257464e-06,-0.00433391827257464,0.1
"70",20230625,6,"A6",641,"F2-NB",27,"Sample",33,1,1,8e-05,5,2,181.738819382546,-0.360012964913703,"1 - A6",-2.88010371930962e-05,-2.29485308157111e-06,-2.65061841115251e-05,-5.30123682230503e-06,-0.00530123682230503,50
"71",20230625,6,"A6",641,"F2-NB",27,"Sample",33,1,1,8e-05,5,3,182.856693241725,-0.25391495981333,"1 - A6",-2.03131967850664e-05,-2.29485308157111e-06,-1.80183437034953e-05,-3.60366874069906e-06,-0.00360366874069906,100
"72",20230625,6,"A6",641,"F2-NB",27,"Sample",33,1,1,8e-05,5,4,165.527450216451,0.183229437229431,"1 - A6",1.46583549783545e-05,-2.29485308157111e-06,1.69532080599256e-05,3.39064161198512e-06,0.00339064161198512,500
"73",20230625,12,"B6",641,"F2-WT",27,"Sample",33,1,1,8e-05,5,1,186.853203206907,-0.137914276904104,"1 - B6",-1.10331421523283e-05,-2.29485308157111e-06,-8.73828907075721e-06,-1.74765781415144e-06,-0.00174765781415144,0.1
"74",20230625,12,"B6",641,"F2-WT",27,"Sample",33,1,1,8e-05,5,2,166.167990749306,0.673605920444034,"1 - B6",5.38884736355227e-05,-2.29485308157111e-06,5.61833267170938e-05,1.12366653434188e-05,0.0112366653434188,50
"75",20230625,12,"B6",641,"F2-WT",27,"Sample",33,1,1,8e-05,5,3,164.575980676328,0.756753623188406,"1 - B6",6.05402898550725e-05,-2.29485308157111e-06,6.28351429366436e-05,1.25670285873287e-05,0.0125670285873287,100
"76",20230625,12,"B6",641,"F2-WT",27,"Sample",33,1,1,8e-05,5,4,126.718447959184,1.44595510204082,"1 - B6",0.000115676408163266,-2.29485308157111e-06,0.000117971261244837,2.35942522489673e-05,0.0235942522489673,500
"77",20230625,18,"C6",641,"F1-WT",27,"Sample",33,1,1,8e-05,5,1,188.196631016043,-0.81398930481283,"1 - C6",-6.51191443850264e-05,-2.29485308157111e-06,-6.28242913034553e-05,-1.25648582606911e-05,-0.0125648582606911,0.1
"78",20230625,18,"C6",641,"F1-WT",27,"Sample",33,1,1,8e-05,5,2,182.412982570062,-0.200400546821602,"1 - C6",-1.60320437457282e-05,-2.29485308157111e-06,-1.37371906641571e-05,-2.74743813283141e-06,-0.00274743813283141,50
"79",20230625,18,"C6",641,"F1-WT",27,"Sample",33,1,1,8e-05,5,3,153.032899167438,0.740728954671599,"1 - C6",5.92583163737279e-05,-2.29485308157111e-06,6.1553169455299e-05,1.23106338910598e-05,0.0123106338910598,100
"80",20230625,18,"C6",641,"F1-WT",27,"Sample",33,1,1,8e-05,5,4,168.017477551021,0.522579591836733,"1 - C6",4.18063673469386e-05,-2.29485308157111e-06,4.41012204285097e-05,8.82024408570195e-06,0.00882024408570195,500
"81",20230625,1,"A1",710,"F2-WT",27,"Sample",33,2,1,8e-05,5,1,192.201951219512,-0.294494773519162,"2 - A1",-2.3559581881533e-05,-9.24211925254283e-06,-1.43174626289901e-05,-2.86349252579803e-06,-0.00286349252579803,0.1
"82",20230625,1,"A1",710,"F2-WT",27,"Sample",33,2,1,8e-05,5,2,180.288067622278,0.227101433417221,"2 - A1",1.81681146733777e-05,-9.24211925254283e-06,2.74102339259205e-05,5.4820467851841e-06,0.0054820467851841,50
"83",20230625,1,"A1",710,"F2-WT",27,"Sample",33,2,1,8e-05,5,3,200.274912280702,-0.129635627530366,"2 - A1",-1.03708502024293e-05,-9.24211925254283e-06,-1.12873094988645e-06,-2.25746189977289e-07,-0.000225746189977289,100
"84",20230625,1,"A1",710,"F2-WT",27,"Sample",33,2,1,8e-05,5,4,156.602764866712,0.834620642515377,"2 - A1",6.67696514012302e-05,-9.24211925254283e-06,7.6011770653773e-05,1.52023541307546e-05,0.0152023541307546,500
"85",20230625,7,"B1",710,"F1-NB",27,"Sample",33,2,1,8e-05,5,1,187.166705882353,-1.02783193277311,"2 - B1",-8.22265546218488e-05,-9.24211925254283e-06,-7.2984435369306e-05,-1.45968870738612e-05,-0.0145968870738612,0.1
"86",20230625,7,"B1",710,"F1-NB",27,"Sample",33,2,1,8e-05,5,2,160.829101479915,-0.0324312896405924,"2 - B1",-2.59450317124739e-06,-9.24211925254283e-06,6.64761608129544e-06,1.32952321625909e-06,0.00132952321625909,50
"87",20230625,7,"B1",710,"F1-NB",27,"Sample",33,2,1,8e-05,5,3,158.667532558287,0.269470554602628,"2 - B1",2.15576443682102e-05,-9.24211925254283e-06,3.07997636207531e-05,6.15995272415061e-06,0.00615995272415061,100
"88",20230625,7,"B1",710,"F1-NB",27,"Sample",33,2,1,8e-05,5,4,228.28706996435,-0.723449197860964,"2 - B1",-5.78759358288771e-05,-9.24211925254283e-06,-4.86338165763343e-05,-9.72676331526686e-06,-0.00972676331526686,500
"89",20230625,13,"C1",710,"F1-WT",27,"Sample",33,2,1,8e-05,5,1,193.203114973262,-3.44393048128342,"2 - C1",-0.000275514438502674,-9.24211925254283e-06,-0.000266272319250131,-5.32544638500262e-05,-0.0532544638500262,0.1
"90",20230625,13,"C1",710,"F1-WT",27,"Sample",33,2,1,8e-05,5,2,157.051053255534,-1.11181217004723,"2 - C1",-8.89449736037784e-05,-9.24211925254283e-06,-7.97028543512356e-05,-1.59405708702471e-05,-0.0159405708702471,50
"91",20230625,13,"C1",710,"F1-WT",27,"Sample",33,2,1,8e-05,5,3,105.793112244898,0.45065306122449,"2 - C1",3.60522448979592e-05,-9.24211925254283e-06,4.5294364150502e-05,9.05887283010041e-06,0.00905887283010041,100
"92",20230625,13,"C1",710,"F1-WT",27,"Sample",33,2,1,8e-05,5,4,122.785217391304,-0.0104347826086952,"2 - C1",-8.34782608695616e-07,-9.24211925254283e-06,8.40733664384722e-06,1.68146732876944e-06,0.00168146732876944,500
"93",20230625,19,"D1",710,"F1-NB",27,"Sample",33,2,1,8e-05,5,1,197.577430830039,-2.43649915302088,"2 - D1",-0.00019491993224167,-9.24211925254283e-06,-0.000185677812989128,-3.71355625978255e-05,-0.0371355625978255,0.1
"94",20230625,19,"D1",710,"F1-NB",27,"Sample",33,2,1,8e-05,5,2,170.588517980971,-0.79577487502016,"2 - D1",-6.36619900016128e-05,-9.24211925254283e-06,-5.441987074907e-05,-1.0883974149814e-05,-0.010883974149814,50
"95",20230625,19,"D1",710,"F1-NB",27,"Sample",33,2,1,8e-05,5,3,157.437737843552,-0.467315010570827,"2 - D1",-3.73852008456662e-05,-9.24211925254283e-06,-2.81430815931233e-05,-5.62861631862467e-06,-0.00562861631862467,100
"96",20230625,19,"D1",710,"F1-NB",27,"Sample",33,2,1,8e-05,5,4,172.365004091175,-0.803083576855645,"2 - D1",-6.42466861484516e-05,-9.24211925254283e-06,-5.50045668959088e-05,-1.10009133791818e-05,-0.0110009133791818,500
"97",20230625,2,"A2",710,"F2-NB",27,"Sample",33,2,1,8e-05,5,1,181.518388301621,-1.11413389711065,"2 - A2",-8.9130711768852e-05,-9.24211925254283e-06,-7.98885925163092e-05,-1.59777185032618e-05,-0.0159777185032618,0.1
"98",20230625,2,"A2",710,"F2-NB",27,"Sample",33,2,1,8e-05,5,2,172.799036254502,-0.5718031212485,"2 - A2",-4.574424969988e-05,-9.24211925254283e-06,-3.65021304473372e-05,-7.30042608946743e-06,-0.00730042608946743,50
"99",20230625,2,"A2",710,"F2-NB",27,"Sample",33,2,1,8e-05,5,3,140.447949934124,0.51187351778656,"2 - A2",4.09498814229248e-05,-9.24211925254283e-06,5.01920006754676e-05,1.00384001350935e-05,0.0100384001350935,100
"100",20230625,2,"A2",710,"F2-NB",27,"Sample",33,2,1,8e-05,5,4,95.0875442977192,1.3742943577431,"2 - A2",0.000109943548619448,-9.24211925254283e-06,0.000119185667871991,2.38371335743982e-05,0.0238371335743982,500
"101",20230625,8,"B2",710,"F1-WT",27,"Sample",33,2,1,8e-05,5,1,188.929385026738,-0.578235294117658,"2 - B2",-4.62588235294126e-05,-9.24211925254283e-06,-3.70167042768698e-05,-7.40334085537396e-06,-0.00740334085537396,0.1
"102",20230625,8,"B2",710,"F1-WT",27,"Sample",33,2,1,8e-05,5,2,186.320141414141,-0.605737373737371,"2 - B2",-4.84589898989897e-05,-9.24211925254283e-06,-3.92168706464468e-05,-7.84337412928937e-06,-0.00784337412928937,50
"103",20230625,8,"B2",710,"F1-WT",27,"Sample",33,2,1,8e-05,5,3,118.227756097561,1.57643902439024,"2 - B2",0.000126115121951219,-9.24211925254283e-06,0.000135357241203762,2.70714482407524e-05,0.0270714482407524,100
"104",20230625,8,"B2",710,"F1-WT",27,"Sample",33,2,1,8e-05,5,4,191.069384615384,0.0422877828054372,"2 - B2",3.38302262443498e-06,-9.24211925254283e-06,1.26251418769778e-05,2.52502837539556e-06,0.00252502837539556,500
"105",20230625,14,"C2",710,"F2-WT",27,"Sample",33,2,1,8e-05,5,1,180.460826086957,-0.806591304347826,"2 - C2",-6.45273043478261e-05,-9.24211925254283e-06,-5.52851850952833e-05,-1.10570370190567e-05,-0.0110570370190567,0.1
"106",20230625,14,"C2",710,"F2-WT",27,"Sample",33,2,1,8e-05,5,2,161.558454081633,-0.137146938775507,"2 - C2",-1.09717551020406e-05,-9.24211925254283e-06,-1.72963584949773e-06,-3.45927169899545e-07,-0.000345927169899545,50
"107",20230625,14,"C2",710,"F2-WT",27,"Sample",33,2,1,8e-05,5,3,162.678268163579,0.0161666524374637,"2 - C2",1.2933321949971e-06,-9.24211925254283e-06,1.05354514475399e-05,2.10709028950799e-06,0.00210709028950799,100
"108",20230625,14,"C2",710,"F2-WT",27,"Sample",33,2,1,8e-05,5,4,155.681795918367,0.19314285714286,"2 - C2",1.54514285714288e-05,-9.24211925254283e-06,2.46935478239716e-05,4.93870956479433e-06,0.00493870956479433,500
"109",20230625,3,"A3",710,"F2-WT",27,"Sample",33,2,1,8e-05,5,1,181.959739252995,-0.7861169837914,"2 - A3",-6.2889358703312e-05,-9.24211925254283e-06,-5.36472394507692e-05,-1.07294478901538e-05,-0.0107294478901538,0.1
"110",20230625,3,"A3",710,"F2-WT",27,"Sample",33,2,1,8e-05,5,2,165.555273870783,-0.10673222793977,"2 - A3",-8.5385782351816e-06,-9.24211925254283e-06,7.03541017361233e-07,1.40708203472247e-07,0.000140708203472247,50
"111",20230625,3,"A3",710,"F2-WT",27,"Sample",33,2,1,8e-05,5,3,133.008222710453,1.06358464384829,"2 - A3",8.50867715078632e-05,-9.24211925254283e-06,9.4328890760406e-05,1.88657781520812e-05,0.0188657781520812,100
"112",20230625,3,"A3",710,"F2-WT",27,"Sample",33,2,1,8e-05,5,4,129.094767346939,0.860848979591835,"2 - A3",6.88679183673468e-05,-9.24211925254283e-06,7.81100376198896e-05,1.56220075239779e-05,0.0156220075239779,500
"113",20230625,15,"C3",710,"F2-WT",27,"Sample",33,2,1,8e-05,5,1,189.587943319838,-1.52527935222672,"2 - C3",-0.000122022348178138,-9.24211925254283e-06,-0.000112780228925595,-2.2556045785119e-05,-0.022556045785119,0.1
"114",20230625,15,"C3",710,"F2-WT",27,"Sample",33,2,1,8e-05,5,2,186.308748917749,-0.789411255411258,"2 - C3",-6.31529004329006e-05,-9.24211925254283e-06,-5.39107811803578e-05,-1.07821562360716e-05,-0.0107821562360716,50
"115",20230625,15,"C3",710,"F2-WT",27,"Sample",33,2,1,8e-05,5,3,165.244866956943,0.0403386550556344,"2 - C3",3.22709240445075e-06,-9.24211925254283e-06,1.24692116569936e-05,2.49384233139872e-06,0.00249384233139872,100
"116",20230625,15,"C3",710,"F2-WT",27,"Sample",33,2,1,8e-05,5,4,197.812217416716,-0.383841028638227,"2 - C3",-3.07072822910582e-05,-9.24211925254283e-06,-2.14651630385153e-05,-4.29303260770306e-06,-0.00429303260770306,500
"117",20230625,21,"D3",710,"F2-NB",27,"Sample",33,2,1,8e-05,5,1,181.653640029326,-2.74428885630499,"2 - D3",-0.000219543108504399,-9.24211925254283e-06,-0.000210300989251856,-4.20601978503713e-05,-0.0420601978503713,0.1
"118",20230625,21,"D3",710,"F2-NB",27,"Sample",33,2,1,8e-05,5,2,149.902283298097,-1.03506694855532,"2 - D3",-8.28053558844256e-05,-9.24211925254283e-06,-7.35632366318828e-05,-1.47126473263766e-05,-0.0147126473263766,50
"119",20230625,21,"D3",710,"F2-NB",27,"Sample",33,2,1,8e-05,5,3,149.873619207683,-1.02705978391356,"2 - D3",-8.21647827130848e-05,-9.24211925254283e-06,-7.2922663460542e-05,-1.45845326921084e-05,-0.0145845326921084,100
"120",20230625,21,"D3",710,"F2-NB",27,"Sample",33,2,1,8e-05,5,4,148.439400096759,-0.987885824866962,"2 - D3",-7.9030865989357e-05,-9.24211925254283e-06,-6.97887467368141e-05,-1.39577493473628e-05,-0.0139577493473628,500
"121",20230625,4,"A4",710,"F1-NB",27,"Sample",33,2,1,8e-05,5,1,187.852211401685,-0.663127256811463,"2 - A4",-5.3050180544917e-05,-9.24211925254283e-06,-4.38080612923742e-05,-8.76161225847484e-06,-0.00876161225847484,0.1
"122",20230625,4,"A4",710,"F1-NB",27,"Sample",33,2,1,8e-05,5,2,172.442617121413,-0.510923128979667,"2 - A4",-4.08738503183734e-05,-9.24211925254283e-06,-3.16317310658305e-05,-6.3263462131661e-06,-0.0063263462131661,50
"123",20230625,4,"A4",710,"F1-NB",27,"Sample",33,2,1,8e-05,5,3,200.897210084034,-0.715775910364145,"2 - A4",-5.72620728291316e-05,-9.24211925254283e-06,-4.80199535765888e-05,-9.60399071531775e-06,-0.00960399071531775,100
"124",20230625,4,"A4",710,"F1-NB",27,"Sample",33,2,1,8e-05,5,4,104.9374242497,1.44699351740697,"2 - A4",0.000115759481392558,-9.24211925254283e-06,0.0001250016006451,2.50003201290201e-05,0.0250003201290201,500
"125",20230625,10,"B4",710,"F1-WT",27,"Sample",33,2,1,8e-05,5,1,181.384030956848,-1.27120450281426,"2 - B4",-0.000101696360225141,-9.24211925254283e-06,-9.2454240972598e-05,-1.84908481945196e-05,-0.0184908481945196,0.1
"126",20230625,10,"B4",710,"F1-WT",27,"Sample",33,2,1,8e-05,5,2,155.227204081633,-0.275979591836733,"2 - B4",-2.20783673469386e-05,-9.24211925254283e-06,-1.28362480943958e-05,-2.56724961887916e-06,-0.00256724961887916,50
"127",20230625,10,"B4",710,"F1-WT",27,"Sample",33,2,1,8e-05,5,3,116.481117561684,1.06287373004354,"2 - B4",8.50298984034832e-05,-9.24211925254283e-06,9.4272017656026e-05,1.88544035312052e-05,0.0188544035312052,100
"128",20230625,10,"B4",710,"F1-WT",27,"Sample",33,2,1,8e-05,5,4,154.231677784131,0.354617876882028,"2 - B4",2.83694301505622e-05,-9.24211925254283e-06,3.76115494031051e-05,7.52230988062102e-06,0.00752230988062102,500
"129",20230625,16,"C4",710,"F2-NB",27,"Sample",33,2,1,8e-05,5,1,185.780331910858,-1.45298245614035,"2 - C4",-0.000116238596491228,-9.24211925254283e-06,-0.000106996477238685,-2.1399295447737e-05,-0.021399295447737,0.1
"130",20230625,16,"C4",710,"F2-NB",27,"Sample",33,2,1,8e-05,5,2,164.188805916306,-0.563621933621937,"2 - C4",-4.5089754689755e-05,-9.24211925254283e-06,-3.58476354372121e-05,-7.16952708744243e-06,-0.00716952708744243,50
"131",20230625,16,"C4",710,"F2-NB",27,"Sample",33,2,1,8e-05,5,3,114.211191369606,1.07410131332082,"2 - C4",8.59281050656656e-05,-9.24211925254283e-06,9.51702243182084e-05,1.90340448636417e-05,0.0190340448636417,100
"132",20230625,16,"C4",710,"F2-NB",27,"Sample",33,2,1,8e-05,5,4,143.679935064935,0.367705627705628,"2 - C4",2.94164502164502e-05,-9.24211925254283e-06,3.86585694689931e-05,7.73171389379862e-06,0.00773171389379862,500
"133",20230625,22,"D4",710,"F1-NB",27,"Sample",33,2,1,8e-05,5,1,171.293004926108,-2.2591921182266,"2 - D4",-0.000180735369458128,-9.24211925254283e-06,-0.000171493250205585,-3.4298650041117e-05,-0.034298650041117,0.1
"134",20230625,22,"D4",710,"F1-NB",27,"Sample",33,2,1,8e-05,5,2,128.591343589744,-0.209820814479639,"2 - D4",-1.67856651583711e-05,-9.24211925254283e-06,-7.54354590582829e-06,-1.50870918116566e-06,-0.00150870918116566,50
"135",20230625,22,"D4",710,"F1-NB",27,"Sample",33,2,1,8e-05,5,3,72.6736303231651,1.56167925098158,"2 - D4",0.000124934340078526,-9.24211925254283e-06,0.000134176459331069,2.68352918662139e-05,0.0268352918662139,100
"136",20230625,22,"D4",710,"F1-NB",27,"Sample",33,2,1,8e-05,5,4,249.953054968287,-1.98004228329809,"2 - D4",-0.000158403382663847,-9.24211925254283e-06,-0.000149161263411304,-2.98322526822609e-05,-0.0298322526822609,500
"137",20230625,5,"A5",710,"F1-WT",27,"Sample",33,2,1,8e-05,5,1,190.069204508152,-1.03138198927674,"2 - A5",-8.25105591421392e-05,-9.24211925254283e-06,-7.32684398895964e-05,-1.46536879779193e-05,-0.0146536879779193,0.1
"138",20230625,5,"A5",710,"F1-WT",27,"Sample",33,2,1,8e-05,5,2,166.680672121566,0.272161309175919,"2 - A5",2.17729047340735e-05,-9.24211925254283e-06,3.10150239866164e-05,6.20300479732327e-06,0.00620300479732327,50
"139",20230625,5,"A5",710,"F1-WT",27,"Sample",33,2,1,8e-05,5,3,158.34808627451,0.231670588235298,"2 - A5",1.85336470588238e-05,-9.24211925254283e-06,2.77757663113667e-05,5.55515326227333e-06,0.00555515326227334,100
"140",20230625,5,"A5",710,"F1-WT",27,"Sample",33,2,1,8e-05,5,4,59.7878361649447,2.17138051737386,"2 - A5",0.000173710441389909,-9.24211925254283e-06,0.000182952560642452,3.65905121284903e-05,0.0365905121284903,500
"141",20230625,11,"B5",710,"F2-NB",27,"Sample",33,2,1,8e-05,5,1,191.700583214794,-0.813172119487909,"2 - B5",-6.50537695590327e-05,-9.24211925254283e-06,-5.58116503064899e-05,-1.1162330061298e-05,-0.011162330061298,0.1
"142",20230625,11,"B5",710,"F2-NB",27,"Sample",33,2,1,8e-05,5,2,184.526425942685,-0.516267873303166,"2 - B5",-4.13014298642533e-05,-9.24211925254283e-06,-3.20593106117105e-05,-6.41186212234209e-06,-0.00641186212234209,50
"143",20230625,11,"B5",710,"F2-NB",27,"Sample",33,2,1,8e-05,5,3,175.170252081406,-0.128945420906572,"2 - B5",-1.03156336725258e-05,-9.24211925254283e-06,-1.07351441998293e-06,-2.14702883996585e-07,-0.000214702883996585,100
"144",20230625,11,"B5",710,"F2-NB",27,"Sample",33,2,1,8e-05,5,4,152.153835481943,0.416258857679502,"2 - B5",3.33007086143602e-05,-9.24211925254283e-06,4.2542827866903e-05,8.5085655733806e-06,0.0085085655733806,500
"145",20230625,23,"D5",710,"F1-WT",27,"Sample",33,2,1,8e-05,5,1,199.403822299652,-0.328355400696868,"2 - D5",-2.62684320557494e-05,-9.24211925254283e-06,-1.70263128032066e-05,-3.40526256064132e-06,-0.00340526256064132,0.1
"146",20230625,23,"D5",710,"F1-WT",27,"Sample",33,2,1,8e-05,5,2,189.247044025157,0.177106918238987,"2 - D5",1.4168553459119e-05,-9.24211925254283e-06,2.34106727116618e-05,4.68213454233236e-06,0.00468213454233236,50
"147",20230625,23,"D5",710,"F1-WT",27,"Sample",33,2,1,8e-05,5,3,190.664148156254,0.0805427289637735,"2 - D5",6.44341831710188e-06,-9.24211925254283e-06,1.56855375696447e-05,3.13710751392894e-06,0.00313710751392894,100
"148",20230625,23,"D5",710,"F1-WT",27,"Sample",33,2,1,8e-05,5,4,153.664797909408,0.746773519163763,"2 - D5",5.9741881533101e-05,-9.24211925254283e-06,6.89840007856439e-05,1.37968001571288e-05,0.0137968001571288,500
"149",20230625,6,"A6",710,"F2-NB",27,"Sample",33,2,1,8e-05,5,1,184.407016685206,0.857450500556165,"2 - A6",6.85960400444932e-05,-9.24211925254283e-06,7.7838159297036e-05,1.55676318594072e-05,0.0155676318594072,0.1
"150",20230625,6,"A6",710,"F2-NB",27,"Sample",33,2,1,8e-05,5,2,164.987227866473,1.07518142235124,"2 - A6",8.60145137880992e-05,-9.24211925254283e-06,9.5256633040642e-05,1.90513266081284e-05,0.0190513266081284,50
"151",20230625,6,"A6",710,"F2-NB",27,"Sample",33,2,1,8e-05,5,3,190.66340775207,-0.0735422180483209,"2 - A6",-5.88337744386567e-06,-9.24211925254283e-06,3.35874180867716e-06,6.71748361735432e-07,0.000671748361735432,100
"152",20230625,6,"A6",710,"F2-NB",27,"Sample",33,2,1,8e-05,5,4,191.363033381713,0.185453959038864,"2 - A6",1.48363167231091e-05,-9.24211925254283e-06,2.4078435975652e-05,4.81568719513039e-06,0.00481568719513039,500
"153",20230625,12,"B6",710,"F2-WT",27,"Sample",33,2,1,8e-05,5,1,187.911882352941,-1.85788235294118,"2 - B6",-0.000148630588235294,-9.24211925254283e-06,-0.000139388468982752,-2.78776937965503e-05,-0.0278776937965503,0.1
"154",20230625,12,"B6",710,"F2-WT",27,"Sample",33,2,1,8e-05,5,2,159.773019566367,0.100624008461129,"2 - B6",8.04992067689032e-06,-9.24211925254283e-06,1.72920399294332e-05,3.45840798588663e-06,0.00345840798588663,50
"155",20230625,12,"B6",710,"F2-WT",27,"Sample",33,2,1,8e-05,5,3,187.716310204082,-0.752587755102038,"2 - B6",-6.0207020408163e-05,-9.24211925254283e-06,-5.09649011556202e-05,-1.0192980231124e-05,-0.010192980231124,100
"156",20230625,12,"B6",710,"F2-WT",27,"Sample",33,2,1,8e-05,5,4,176.042336407554,-0.596974967061921,"2 - B6",-4.77579973649537e-05,-9.24211925254283e-06,-3.85158781124108e-05,-7.70317562248217e-06,-0.00770317562248217,500
"157",20230625,18,"C6",710,"F1-NB",27,"Sample",33,2,1,8e-05,5,1,184.078961593172,-1.02258890469416,"2 - C6",-8.18071123755328e-05,-9.24211925254283e-06,-7.256499312299e-05,-1.4512998624598e-05,-0.014512998624598,0.1
"158",20230625,18,"C6",710,"F1-NB",27,"Sample",33,2,1,8e-05,5,2,145.47539657444,0.439620553359685,"2 - C6",3.51696442687748e-05,-9.24211925254283e-06,4.44117635213176e-05,8.88235270426353e-06,0.00888235270426353,50
"159",20230625,18,"C6",710,"F1-NB",27,"Sample",33,2,1,8e-05,5,3,145.419026170468,0.442821608643459,"2 - C6",3.54257286914767e-05,-9.24211925254283e-06,4.46678479440196e-05,8.93356958880391e-06,0.00893356958880391,100
"160",20230625,18,"C6",710,"F1-NB",27,"Sample",33,2,1,8e-05,5,4,182.778665537816,-0.0895758748588924,"2 - C6",-7.16606998871139e-06,-9.24211925254283e-06,2.07604926383144e-06,4.15209852766288e-07,0.000415209852766288,500
"161",20230625,1,"A1",641,"F2-WT",33,"Sample",33,3,2,8e-05,5,1,183.204516129032,-0.567338709677428,"3 - A1",-4.53870967741942e-05,-1.78969427596673e-05,-2.74901540145269e-05,-5.49803080290538e-06,-0.00549803080290538,0.1
"162",20230625,1,"A1",641,"F2-WT",33,"Sample",33,3,2,8e-05,5,2,156.480197044335,0.602009852216745,"3 - A1",4.81607881773396e-05,-1.78969427596673e-05,6.6057730937007e-05,1.32115461874014e-05,0.0132115461874014,50
"163",20230625,1,"A1",641,"F2-WT",33,"Sample",33,3,2,8e-05,5,3,160.394279549719,0.454795497185741,"3 - A1",3.63836397748593e-05,-1.78969427596673e-05,5.42805825345266e-05,1.08561165069053e-05,0.0108561165069053,100
"164",20230625,1,"A1",641,"F2-WT",33,"Sample",33,3,2,8e-05,5,4,96.5852063348418,1.7492886877828,"3 - A1",0.000139943095022624,-1.78969427596673e-05,0.000157840037782291,3.15680075564583e-05,0.0315680075564583,500
"165",20230625,7,"B1",641,"F1-NB",33,"Sample",33,3,2,8e-05,5,1,184.202511368511,-0.689436293436284,"3 - B1",-5.51549034749027e-05,-1.78969427596673e-05,-3.72579607152354e-05,-7.45159214304708e-06,-0.00745159214304708,0.1
"166",20230625,7,"B1",641,"F1-NB",33,"Sample",33,3,2,8e-05,5,2,110.427052866211,2.78367592188788,"3 - B1",0.00022269407375103,-1.78969427596673e-05,0.000240591016510698,4.81182033021396e-05,0.0481182033021395,50
"167",20230625,7,"B1",641,"F1-NB",33,"Sample",33,3,2,8e-05,5,3,183.171383753501,0.0022296918767547,"3 - B1",1.78375350140376e-07,-1.78969427596673e-05,1.80753181098077e-05,3.61506362196154e-06,0.00361506362196154,100
"168",20230625,7,"B1",641,"F1-NB",33,"Sample",33,3,2,8e-05,5,4,192.478397212544,0.0194843205574846,"3 - B1",1.55874564459877e-06,-1.78969427596673e-05,1.94556884042661e-05,3.89113768085322e-06,0.00389113768085322,500
"169",20230625,13,"C1",641,"F1-WT",33,"Sample",33,3,2,8e-05,5,1,180.112,-0.703487684729075,"3 - C1",-5.6279014778326e-05,-1.78969427596673e-05,-3.83820720186587e-05,-7.67641440373173e-06,-0.00767641440373173,0.1
"170",20230625,13,"C1",641,"F1-WT",33,"Sample",33,3,2,8e-05,5,2,147.35147737813,0.876299796256516,"3 - C1",7.01039837005213e-05,-1.78969427596673e-05,8.80009264601886e-05,1.76001852920377e-05,0.0176001852920377,50
"171",20230625,13,"C1",641,"F1-WT",33,"Sample",33,3,2,8e-05,5,3,128.23282658518,1.35551413292589,"3 - C1",0.000108441130634071,-1.78969427596673e-05,0.000126338073393739,2.52676146787477e-05,0.0252676146787477,100
"172",20230625,13,"C1",641,"F1-WT",33,"Sample",33,3,2,8e-05,5,4,209.356386759582,0.0948362369337898,"3 - C1",7.58689895470318e-06,-1.78969427596673e-05,2.54838417143705e-05,5.0967683428741e-06,0.0050967683428741,500
"173",20230625,19,"D1",641,"F1-NB",33,"Sample",33,3,2,8e-05,5,1,184.553172568173,-0.184590964590961,"3 - D1",-1.47672771672769e-05,-1.78969427596673e-05,3.12966559239046e-06,6.25933118478092e-07,0.000625933118478092,0.1
"174",20230625,19,"D1",641,"F1-NB",33,"Sample",33,3,2,8e-05,5,2,172.652963709677,0.170822580645168,"3 - D1",1.36658064516134e-05,-1.78969427596673e-05,3.15627492112808e-05,6.31254984225616e-06,0.00631254984225616,50
"175",20230625,19,"D1",641,"F1-NB",33,"Sample",33,3,2,8e-05,5,3,129.875042000918,1.53583340085893,"3 - D1",0.000122866672068714,-1.78969427596673e-05,0.000140763614828382,2.81527229656763e-05,0.0281527229656763,100
"176",20230625,19,"D1",641,"F1-NB",33,"Sample",33,3,2,8e-05,5,4,64.9251607247224,2.82821741671537,"3 - D1",0.00022625739333723,-1.78969427596673e-05,0.000244154336096897,4.88308672193794e-05,0.0488308672193794,500
"177",20230625,2,"A2",641,"F2-NB",33,"Sample",33,3,2,8e-05,5,1,179.144310344828,0.215862068965512,"3 - A2",1.7268965517241e-05,-1.78969427596673e-05,3.51659082769083e-05,7.03318165538166e-06,0.00703318165538166,0.1
"178",20230625,2,"A2",641,"F2-NB",33,"Sample",33,3,2,8e-05,5,2,173.634048795067,-0.00349755657626916,"3 - A2",-2.79804526101533e-07,-1.78969427596673e-05,1.76171382335658e-05,3.52342764671316e-06,0.00352342764671316,50
"179",20230625,2,"A2",641,"F2-NB",33,"Sample",33,3,2,8e-05,5,3,154.38619213141,0.658967055277,"3 - A2",5.271736442216e-05,-1.78969427596673e-05,7.06143071818273e-05,1.41228614363655e-05,0.0141228614363655,100
"180",20230625,2,"A2",641,"F2-NB",33,"Sample",33,3,2,8e-05,5,4,25.3703596588802,3.15035372636263,"3 - A2",0.00025202829810901,-1.78969427596673e-05,0.000269925240868678,5.39850481737356e-05,0.0539850481737356,500
"181",20230625,8,"B2",641,"F1-WT",33,"Sample",33,3,2,8e-05,5,1,175.315124522536,0.827184110007642,"3 - B2",6.61747288006114e-05,-1.78969427596673e-05,8.40716715602787e-05,1.68143343120557e-05,0.0168143343120557,0.1
"182",20230625,8,"B2",641,"F1-WT",33,"Sample",33,3,2,8e-05,5,2,168.224669950739,0.415428571428571,"3 - B2",3.32342857142857e-05,-1.78969427596673e-05,5.1131228473953e-05,1.02262456947906e-05,0.0102262456947906,50
"183",20230625,8,"B2",641,"F1-WT",33,"Sample",33,3,2,8e-05,5,3,155.793760497093,0.794257590205798,"3 - B2",6.35406072164638e-05,-1.78969427596673e-05,8.14375499761312e-05,1.62875099952262e-05,0.0162875099952262,100
"184",20230625,8,"B2",641,"F1-WT",33,"Sample",33,3,2,8e-05,5,4,126.41731092437,1.5647731092437,"3 - B2",0.000125181848739496,-1.78969427596673e-05,0.000143078791499163,2.86157582998327e-05,0.0286157582998327,500
"185",20230625,14,"C2",641,"F2-WT",33,"Sample",33,3,2,8e-05,5,1,178.9284,0.363719658119663,"3 - C2",2.9097572649573e-05,-1.78969427596673e-05,4.69945154092404e-05,9.39890308184808e-06,0.00939890308184808,0.1
"186",20230625,14,"C2",641,"F2-WT",33,"Sample",33,3,2,8e-05,5,2,168.097249331551,0.642259358288769,"3 - C2",5.13807486631015e-05,-1.78969427596673e-05,6.92776914227689e-05,1.38555382845538e-05,0.0138555382845538,50
"187",20230625,14,"C2",641,"F2-WT",33,"Sample",33,3,2,8e-05,5,3,139.85869679396,1.19127694496115,"3 - C2",9.5302155596892e-05,-1.78969427596673e-05,0.000113199098356559,2.26398196713119e-05,0.0226398196713119,100
"188",20230625,14,"C2",641,"F2-WT",33,"Sample",33,3,2,8e-05,5,4,192.597962213226,0.451368421052626,"3 - C2",3.61094736842101e-05,-1.78969427596673e-05,5.40064164438774e-05,1.08012832887755e-05,0.0108012832887755,500
"189",20230625,3,"A3",641,"F2-WT",33,"Sample",33,3,2,8e-05,5,1,186.325645053476,-0.390735294117655,"3 - A3",-3.12588235294124e-05,-1.78969427596673e-05,-1.33618807697451e-05,-2.67237615394901e-06,-0.00267237615394901,0.1
"190",20230625,3,"A3",641,"F2-WT",33,"Sample",33,3,2,8e-05,5,2,176.00899221357,0.209005561735269,"3 - A3",1.67204449388215e-05,-1.78969427596673e-05,3.46173876984889e-05,6.92347753969777e-06,0.00692347753969777,50
"191",20230625,3,"A3",641,"F2-WT",33,"Sample",33,3,2,8e-05,5,3,185.262792682927,0.00112195121951711,"3 - A3",8.97560975613688e-08,-1.78969427596673e-05,1.79866988572287e-05,3.59733977144574e-06,0.00359733977144574,100
"192",20230625,3,"A3",641,"F2-WT",33,"Sample",33,3,2,8e-05,5,4,138.113923583663,1.0393675889328,"3 - A3",8.3149407114624e-05,-1.78969427596673e-05,0.000101046349874291,2.02092699748583e-05,0.0202092699748583,500
"193",20230625,15,"C3",641,"F2-WT",33,"Sample",33,3,2,8e-05,5,1,178.69425,-0.296161290322582,"3 - C3",-2.36929032258066e-05,-1.78969427596673e-05,-5.79596046613922e-06,-1.15919209322784e-06,-0.00115919209322784,0.1
"194",20230625,15,"C3",641,"F2-WT",33,"Sample",33,3,2,8e-05,5,3,163.326493598862,-0.211123755334276,"3 - C3",-1.68899004267421e-05,-1.78969427596673e-05,1.00704233292526e-06,2.01408466585052e-07,0.000201408466585052,100
"195",20230625,15,"C3",641,"F2-WT",33,"Sample",33,3,2,8e-05,5,4,118.409374653099,0.871148936170213,"3 - C3",6.9691914893617e-05,-1.78969427596673e-05,8.75888576532844e-05,1.75177715306569e-05,0.0175177715306569,500
"196",20230625,21,"D3",641,"F2-NB",33,"Sample",33,3,2,8e-05,5,1,182.036502463054,-0.110541871921176,"3 - D3",-8.84334975369408e-06,-1.78969427596673e-05,9.05359300597326e-06,1.81071860119465e-06,0.00181071860119465,0.1
"197",20230625,21,"D3",641,"F2-NB",33,"Sample",33,3,2,8e-05,5,2,171.909192118227,0.244315270935955,"3 - D3",1.95452216748764e-05,-1.78969427596673e-05,3.74421644345437e-05,7.48843288690875e-06,0.00748843288690875,50
"198",20230625,21,"D3",641,"F2-NB",33,"Sample",33,3,2,8e-05,5,3,173.410637127578,0.0179190221543196,"3 - D3",1.43352177234557e-06,-1.78969427596673e-05,1.93304645320129e-05,3.86609290640258e-06,0.00386609290640258,100
"199",20230625,21,"D3",641,"F2-NB",33,"Sample",33,3,2,8e-05,5,4,164.871738675958,0.215937282229965,"3 - D3",1.72749825783972e-05,-1.78969427596673e-05,3.51719253380645e-05,7.03438506761291e-06,0.00703438506761291,500
"200",20230625,4,"A4",641,"F1-NB",33,"Sample",33,3,2,8e-05,5,1,177.348112044818,-1.24075070028012,"3 - A4",-9.92600560224096e-05,-1.78969427596673e-05,-8.13631132627423e-05,-1.62726226525485e-05,-0.0162726226525485,0.1
"201",20230625,4,"A4",641,"F1-NB",33,"Sample",33,3,2,8e-05,5,2,172.09597826087,-1.44438735177867,"3 - A4",-0.000115550988142294,-1.78969427596673e-05,-9.76540453826263e-05,-1.95308090765253e-05,-0.0195308090765253,50
"202",20230625,4,"A4",641,"F1-NB",33,"Sample",33,3,2,8e-05,5,3,166.072539118066,-1.03460407776197,"3 - A4",-8.27683262209576e-05,-1.78969427596673e-05,-6.48713834612903e-05,-1.29742766922581e-05,-0.0129742766922581,100
"203",20230625,4,"A4",641,"F1-NB",33,"Sample",33,3,2,8e-05,5,4,75.1935135135136,0.664807965860596,"3 - A4",5.31846372688477e-05,-1.78969427596673e-05,7.1081580028515e-05,1.4216316005703e-05,0.014216316005703,500
"204",20230625,10,"B4",641,"F1-WT",33,"Sample",33,3,2,8e-05,5,1,169.351473504274,0.775699145299135,"3 - B4",6.20559316239308e-05,-1.78969427596673e-05,7.99528743835981e-05,1.59905748767196e-05,0.0159905748767196,0.1
"205",20230625,10,"B4",641,"F1-WT",33,"Sample",33,3,2,8e-05,5,2,164.830980870981,-0.736043956043953,"3 - B4",-5.88835164835162e-05,-1.78969427596673e-05,-4.09865737238489e-05,-8.19731474476978e-06,-0.00819731474476978,50
"206",20230625,10,"B4",641,"F1-WT",33,"Sample",33,3,2,8e-05,5,3,153.370539811066,-0.238834008097162,"3 - B4",-1.9106720647773e-05,-1.78969427596673e-05,-1.20977788810562e-06,-2.41955577621125e-07,-0.000241955577621125,100
"207",20230625,10,"B4",641,"F1-WT",33,"Sample",33,3,2,8e-05,5,4,237.546777003485,-1.91491289198607,"3 - B4",-0.000153193031358886,-1.78969427596673e-05,-0.000135296088599218,-2.70592177198437e-05,-0.0270592177198437,500
"208",20230625,16,"C4",641,"F2-NB",33,"Sample",33,3,2,8e-05,5,1,179.910171568628,0.362754010695182,"3 - C4",2.90203208556146e-05,-1.78969427596673e-05,4.69172636152819e-05,9.38345272305638e-06,0.00938345272305638,0.1
"209",20230625,16,"C4",641,"F2-NB",33,"Sample",33,3,2,8e-05,5,2,150.883347578347,1.21863247863248,"3 - C4",9.74905982905984e-05,-1.78969427596673e-05,0.000115387541050266,2.30775082100531e-05,0.0230775082100531,50
"210",20230625,16,"C4",641,"F2-NB",33,"Sample",33,3,2,8e-05,5,3,170.72170812738,0.251311887205247,"3 - C4",2.01049509764198e-05,-1.78969427596673e-05,3.80018937360871e-05,7.60037874721742e-06,0.00760037874721742,100
"211",20230625,16,"C4",641,"F2-NB",33,"Sample",33,3,2,8e-05,5,4,225.180591093117,-0.402558704453437,"3 - C4",-3.2204696356275e-05,-1.78969427596673e-05,-1.43077535966076e-05,-2.86155071932152e-06,-0.00286155071932152,500
"212",20230625,22,"D4",641,"F1-NB",33,"Sample",33,3,2,8e-05,5,1,177.857904332904,-0.172844272844268,"3 - D4",-1.38275418275414e-05,-1.78969427596673e-05,4.0694009321259e-06,8.1388018642518e-07,0.00081388018642518,0.1
"213",20230625,22,"D4",641,"F1-NB",33,"Sample",33,3,2,8e-05,5,2,142.232869230769,1.26446153846154,"3 - D4",0.000101156923076923,-1.78969427596673e-05,0.000119053865836591,2.38107731673181e-05,0.0238107731673181,50
"214",20230625,22,"D4",641,"F1-NB",33,"Sample",33,3,2,8e-05,5,3,134.870847503374,1.21771659919028,"3 - D4",9.74173279352224e-05,-1.78969427596673e-05,0.00011531427069489,2.3062854138978e-05,0.023062854138978,100
"215",20230625,22,"D4",641,"F1-NB",33,"Sample",33,3,2,8e-05,5,4,98.3292077294689,1.93524637681159,"3 - D4",0.000154819710144927,-1.78969427596673e-05,0.000172716652904595,3.45433305809189e-05,0.0345433305809189,500
"216",20230625,5,"A5",641,"F1-WT",33,"Sample",33,3,2,8e-05,5,1,184.50577673546,-0.815287054409011,"3 - A5",-6.52229643527209e-05,-1.78969427596673e-05,-4.73260215930535e-05,-9.46520431861071e-06,-0.00946520431861071,0.1
"217",20230625,5,"A5",641,"F1-WT",33,"Sample",33,3,2,8e-05,5,2,164.054661475713,0.00997552836486105,"3 - A5",7.98042269188884e-07,-1.78969427596673e-05,1.86949850288562e-05,3.73899700577124e-06,0.00373899700577124,50
"218",20230625,5,"A5",641,"F1-WT",33,"Sample",33,3,2,8e-05,5,3,178.672184615384,-0.109015384615382,"3 - A5",-8.72123076923056e-06,-1.78969427596673e-05,9.17571199043678e-06,1.83514239808736e-06,0.00183514239808736,100
"219",20230625,5,"A5",641,"F1-WT",33,"Sample",33,3,2,8e-05,5,4,89.980877292494,1.86818248116036,"3 - A5",0.000149454598492829,-1.78969427596673e-05,0.000167351541252496,3.34703082504992e-05,0.0334703082504992,500
"220",20230625,11,"B5",641,"F2-NB",33,"Sample",33,3,2,8e-05,5,1,178.334450146628,-0.946239002932549,"3 - B5",-7.56991202346039e-05,-1.78969427596673e-05,-5.78021774749366e-05,-1.15604354949873e-05,-0.0115604354949873,0.1
"221",20230625,11,"B5",641,"F2-NB",33,"Sample",33,3,2,8e-05,5,2,152.949721925133,0.200036669213148,"3 - B5",1.60029335370518e-05,-1.78969427596673e-05,3.38998762967192e-05,6.77997525934384e-06,0.00677997525934384,50
"222",20230625,11,"B5",641,"F2-NB",33,"Sample",33,3,2,8e-05,5,3,157.419645403377,-0.0715909943714787,"3 - B5",-5.7272795497183e-06,-1.78969427596673e-05,1.2169663209949e-05,2.43393264198981e-06,0.00243393264198981,100
"223",20230625,11,"B5",641,"F2-NB",33,"Sample",33,3,2,8e-05,5,4,94.4197612295063,1.27463576695567,"3 - B5",0.000101970861356454,-1.78969427596673e-05,0.000119867804116121,2.39735608232242e-05,0.0239735608232242,500
"224",20230625,23,"D5",641,"F1-WT",33,"Sample",33,3,2,8e-05,5,1,184.695764705882,0.253086834733891,"3 - D5",2.02469467787113e-05,-1.78969427596673e-05,3.81438895383786e-05,7.62877790767572e-06,0.00762877790767572,0.1
"225",20230625,23,"D5",641,"F1-WT",33,"Sample",33,3,2,8e-05,5,2,200.553353846154,-0.740430769230786,"3 - D5",-5.92344615384629e-05,-1.78969427596673e-05,-4.13375187787955e-05,-8.26750375575911e-06,-0.00826750375575911,50
"226",20230625,23,"D5",641,"F1-WT",33,"Sample",33,3,2,8e-05,5,3,185.759387755102,-0.0313265306122466,"3 - D5",-2.50612244897973e-06,-1.78969427596673e-05,1.53908203106876e-05,3.07816406213752e-06,0.00307816406213752,100
"227",20230625,23,"D5",641,"F1-WT",33,"Sample",33,3,2,8e-05,5,4,228.747150308203,-0.486903745851113,"3 - D5",-3.8952299668089e-05,-1.78969427596673e-05,-2.10553569084217e-05,-4.21107138168434e-06,-0.00421107138168434,500
"228",20230625,6,"A6",641,"F2-NB",33,"Sample",33,3,2,8e-05,5,1,180.417736694678,-0.218801120448179,"3 - A6",-1.75040896358543e-05,-1.78969427596673e-05,3.92853123813017e-07,7.85706247626035e-08,7.85706247626035e-05,0.1
"229",20230625,6,"A6",641,"F2-NB",33,"Sample",33,3,2,8e-05,5,2,170.881699604743,-0.250592885375498,"3 - A6",-2.00474308300398e-05,-1.78969427596673e-05,-2.1504880703725e-06,-4.30097614074501e-07,-0.000430097614074501,50
"230",20230625,6,"A6",641,"F2-NB",33,"Sample",33,3,2,8e-05,5,3,173.855101971762,-0.249827432403336,"3 - A6",-1.99861945922669e-05,-1.78969427596673e-05,-2.08925183259954e-06,-4.17850366519909e-07,-0.000417850366519909,100
"231",20230625,6,"A6",641,"F2-NB",33,"Sample",33,3,2,8e-05,5,4,147.24219269103,0.458218944980148,"3 - A6",3.66575155984118e-05,-1.78969427596673e-05,5.45544583580792e-05,1.09108916716158e-05,0.0109108916716158,500
"232",20230625,12,"B6",641,"F2-WT",33,"Sample",33,3,2,8e-05,5,1,191.119455645161,-1.61548387096774,"3 - B6",-0.000129238709677419,-1.78969427596673e-05,-0.000111341766917752,-2.22683533835504e-05,-0.0222683533835504,0.1
"233",20230625,12,"B6",641,"F2-WT",33,"Sample",33,3,2,8e-05,5,2,161.757822580645,0.0534838709677415,"3 - B6",4.27870967741932e-06,-1.78969427596673e-05,2.21756524370867e-05,4.43513048741733e-06,0.00443513048741733,50
"234",20230625,12,"B6",641,"F2-WT",33,"Sample",33,3,2,8e-05,5,3,164.622756097561,0.339414634146342,"3 - B6",2.71531707317074e-05,-1.78969427596673e-05,4.50501134913747e-05,9.01002269827494e-06,0.00901002269827494,100
"235",20230625,12,"B6",641,"F2-WT",33,"Sample",33,3,2,8e-05,5,4,103.809437229437,1.48258874458874,"3 - B6",0.000118607099567099,-1.78969427596673e-05,0.000136504042326767,2.73008084653533e-05,0.0273008084653533,500
"236",20230625,18,"C6",641,"F1-NB",33,"Sample",33,3,2,8e-05,5,1,183.756276397855,-0.259385053069268,"3 - C6",-2.07508042455414e-05,-1.78969427596673e-05,-2.8538614858741e-06,-5.70772297174821e-07,-0.000570772297174821,0.1
"237",20230625,18,"C6",641,"F1-NB",33,"Sample",33,3,2,8e-05,5,2,158.810069230769,0.44095384615384,"3 - C6",3.52763076923072e-05,-1.78969427596673e-05,5.31732504519745e-05,1.06346500903949e-05,0.0106346500903949,50
"238",20230625,18,"C6",641,"F1-NB",33,"Sample",33,3,2,8e-05,5,3,170.190164642375,0.0651659919028342,"3 - C6",5.21327935222674e-06,-1.78969427596673e-05,2.31102221118941e-05,4.62204442237882e-06,0.00462204442237882,100
"239",20230625,18,"C6",641,"F1-NB",33,"Sample",33,3,2,8e-05,5,4,128.875833130756,0.962424438862335,"3 - C6",7.69939551089868e-05,-1.78969427596673e-05,9.48908978686541e-05,1.89781795737308e-05,0.0189781795737308,500
"240",20230625,1,"A1",710,"F1-NB",33,"Sample",33,4,2,8e-05,5,1,169.356738461538,-0.470276923076919,"4 - A1",-3.76221538461535e-05,-3.73509586536809e-05,-2.71195192472616e-07,-5.42390384945232e-08,-5.42390384945232e-05,0.1
"241",20230625,1,"A1",710,"F1-NB",33,"Sample",33,4,2,8e-05,5,2,157.199404866273,-0.123014293882218,"4 - A1",-9.84114351057744e-06,-3.73509586536809e-05,2.75098151431035e-05,5.50196302862069e-06,0.00550196302862069,50
"242",20230625,1,"A1",710,"F1-NB",33,"Sample",33,4,2,8e-05,5,3,157.026437246963,-0.0569878542510047,"4 - A1",-4.55902834008038e-06,-3.73509586536809e-05,3.27919303136005e-05,6.5583860627201e-06,0.0065583860627201,100
"243",20230625,1,"A1",710,"F1-NB",33,"Sample",33,4,2,8e-05,5,4,123.768142857143,0.613261324041809,"4 - A1",4.90609059233447e-05,-3.73509586536809e-05,8.64118645770256e-05,1.72823729154051e-05,0.0172823729154051,500
"244",20230625,7,"B1",710,"F2-NB",33,"Sample",33,4,2,8e-05,5,1,171.991241351241,-1.1185347985348,"4 - B1",-8.9482783882784e-05,-3.73509586536809e-05,-5.21318252291031e-05,-1.04263650458206e-05,-0.0104263650458206,0.1
"245",20230625,7,"B1",710,"F2-NB",33,"Sample",33,4,2,8e-05,5,2,165.928830252101,-0.725785354141652,"4 - B1",-5.80628283313322e-05,-3.73509586536809e-05,-2.07118696776513e-05,-4.14237393553025e-06,-0.00414237393553025,50
"246",20230625,7,"B1",710,"F2-NB",33,"Sample",33,4,2,8e-05,5,3,146.782809523809,0.0588571428571448,"4 - B1",4.70857142857158e-06,-3.73509586536809e-05,4.20595300822525e-05,8.4119060164505e-06,0.0084119060164505,100
"247",20230625,7,"B1",710,"F2-NB",33,"Sample",33,4,2,8e-05,5,4,26.234118065434,2.26011379800853,"4 - B1",0.000180809103840682,-3.73509586536809e-05,0.000218160062494363,4.36320124988727e-05,0.0436320124988727,500
"248",20230625,13,"C1",710,"F2-WT",33,"Sample",33,4,2,8e-05,5,1,186.190269607843,-1.30241978609626,"4 - C1",-0.000104193582887701,-3.73509586536809e-05,-6.68426242340199e-05,-1.3368524846804e-05,-0.013368524846804,0.1
"249",20230625,13,"C1",710,"F2-WT",33,"Sample",33,4,2,8e-05,5,2,182.758707986432,-1.05174714770274,"4 - C1",-8.41397718162192e-05,-3.73509586536809e-05,-4.67888131625383e-05,-9.35776263250766e-06,-0.00935776263250766,50
"250",20230625,13,"C1",710,"F2-WT",33,"Sample",33,4,2,8e-05,5,3,170.933174307911,-0.343696246854139,"4 - C1",-2.74956997483311e-05,-3.73509586536809e-05,9.85525890534978e-06,1.97105178106996e-06,0.00197105178106996,100
"251",20230625,13,"C1",710,"F2-WT",33,"Sample",33,4,2,8e-05,5,4,82.5919027484144,1.4714527333132,"4 - C1",0.000117716218665056,-3.73509586536809e-05,0.000155067177318737,3.10134354637474e-05,0.0310134354637474,500
"252",20230625,19,"D1",710,"F1-WT",33,"Sample",33,4,2,8e-05,5,1,173.07318226601,-0.253280788177337,"4 - D1",-2.0262463054187e-05,-3.73509586536809e-05,1.70884955994939e-05,3.41769911989879e-06,0.00341769911989879,0.1
"253",20230625,19,"D1",710,"F1-WT",33,"Sample",33,4,2,8e-05,5,2,174.27038852914,-0.943176071538699,"4 - D1",-7.54540857230959e-05,-3.73509586536809e-05,-3.8103127069415e-05,-7.620625413883e-06,-0.007620625413883,50
"254",20230625,19,"D1",710,"F1-WT",33,"Sample",33,4,2,8e-05,5,3,163.563471428571,-0.499644897959184,"4 - D1",-3.99715918367347e-05,-3.73509586536809e-05,-2.62063318305382e-06,-5.24126636610764e-07,-0.000524126636610764,100
"255",20230625,19,"D1",710,"F1-WT",33,"Sample",33,4,2,8e-05,5,4,60.41178012685,1.54429598308668,"4 - D1",0.000123543678646934,-3.73509586536809e-05,0.000160894637300615,3.21789274601231e-05,0.0321789274601231,500
"256",20230625,2,"A2",710,"F1-WT",33,"Sample",33,4,2,8e-05,5,1,179.570773109244,-0.877703081232492,"4 - A2",-7.02162464985994e-05,-3.73509586536809e-05,-3.28652878449185e-05,-6.57305756898369e-06,-0.00657305756898369,0.1
"257",20230625,2,"A2",710,"F1-WT",33,"Sample",33,4,2,8e-05,5,2,158.568441558441,-0.125427043544689,"4 - A2",-1.00341634835751e-05,-3.73509586536809e-05,2.73167951701058e-05,5.46335903402116e-06,0.00546335903402116,50
"258",20230625,2,"A2",710,"F1-WT",33,"Sample",33,4,2,8e-05,5,3,159.690825339366,-0.240021719457008,"4 - A2",-1.92017375565606e-05,-3.73509586536809e-05,1.81492210971203e-05,3.62984421942405e-06,0.00362984421942405,100
"259",20230625,2,"A2",710,"F1-WT",33,"Sample",33,4,2,8e-05,5,4,90.1528690958166,1.15804858299595,"4 - A2",9.2643886639676e-05,-3.73509586536809e-05,0.000129994845293357,2.59989690586714e-05,0.0259989690586714,500
"260",20230625,8,"B2",710,"F1-WT",33,"Sample",33,4,2,8e-05,5,1,173.842019704433,-0.832501368363436,"4 - B2",-6.66001094690749e-05,-3.73509586536809e-05,-2.9249150815394e-05,-5.8498301630788e-06,-0.0058498301630788,0.1
"261",20230625,8,"B2",710,"F1-WT",33,"Sample",33,4,2,8e-05,5,2,172.958602251407,-0.712645403377104,"4 - B2",-5.70116322701683e-05,-3.73509586536809e-05,-1.96606736164874e-05,-3.93213472329748e-06,-0.00393213472329748,50
"262",20230625,8,"B2",710,"F1-WT",33,"Sample",33,4,2,8e-05,5,3,112.802390013495,1.12175708502025,"4 - B2",8.974056680162e-05,-3.73509586536809e-05,0.000127091525455301,2.54183050910602e-05,0.0254183050910602,100
"263",20230625,8,"B2",710,"F1-WT",33,"Sample",33,4,2,8e-05,5,4,45.7747537002777,2.50918131359852,"4 - B2",0.000200734505087882,-3.73509586536809e-05,0.000238085463741563,4.76170927483125e-05,0.0476170927483125,500
"264",20230625,14,"C2",710,"F1-NB",33,"Sample",33,4,2,8e-05,5,1,170.26422556391,-1.30270676691731,"4 - C2",-0.000104216541353385,-3.73509586536809e-05,-6.68655826997039e-05,-1.33731165399408e-05,-0.0133731165399408,0.1
"265",20230625,14,"C2",710,"F1-NB",33,"Sample",33,4,2,8e-05,5,2,166.676024793134,-1.16140391891476,"4 - C2",-9.29123135131808e-05,-3.73509586536809e-05,-5.55613548594999e-05,-1.11122709719e-05,-0.0111122709719,50
"266",20230625,14,"C2",710,"F1-NB",33,"Sample",33,4,2,8e-05,5,3,156.117411764706,-0.435663865546216,"4 - C2",-3.48531092436973e-05,-3.73509586536809e-05,2.49784940998362e-06,4.99569881996724e-07,0.000499569881996724,100
"267",20230625,14,"C2",710,"F1-NB",33,"Sample",33,4,2,8e-05,5,4,87.1916024132732,1.0505628959276,"4 - C2",8.4045031674208e-05,-3.73509586536809e-05,0.000121395990327889,2.42791980655778e-05,0.0242791980655778,500
"268",20230625,3,"A3",710,"F2-WT",33,"Sample",33,4,2,8e-05,5,1,167.056535923754,-1.08134897360703,"4 - A3",-8.65079178885624e-05,-3.73509586536809e-05,-4.91569592348815e-05,-9.8313918469763e-06,-0.0098313918469763,0.1
"269",20230625,3,"A3",710,"F2-WT",33,"Sample",33,4,2,8e-05,5,2,156.155013660036,-0.734971399299919,"4 - A3",-5.87977119439935e-05,-3.73509586536809e-05,-2.14467532903126e-05,-4.28935065806252e-06,-0.00428935065806252,50
"270",20230625,3,"A3",710,"F2-WT",33,"Sample",33,4,2,8e-05,5,3,106.792152496626,0.861457489878544,"4 - A3",6.89165991902835e-05,-3.73509586536809e-05,0.000106267557843964,2.12535115687929e-05,0.0212535115687929,100
"271",20230625,3,"A3",710,"F2-WT",33,"Sample",33,4,2,8e-05,5,4,101.403524390244,0.819797373358352,"4 - A3",6.55837898686682e-05,-3.73509586536809e-05,0.000102934748522349,2.05869497044698e-05,0.0205869497044698,500
"272",20230625,9,"B3",710,"F1-NB",33,"Sample",33,4,2,8e-05,5,1,166.487899159664,0.0331184110007659,"4 - B3",2.64947288006127e-06,-3.73509586536809e-05,4.00004315337422e-05,8.00008630674844e-06,0.00800008630674844,0.1
"273",20230625,9,"B3",710,"F1-NB",33,"Sample",33,4,2,8e-05,5,2,160.086202040816,0.112330612244899,"4 - B3",8.98644897959192e-06,-3.73509586536809e-05,4.63374076332728e-05,9.26748152665456e-06,0.00926748152665456,50
"274",20230625,9,"B3",710,"F1-NB",33,"Sample",33,4,2,8e-05,5,3,163.001101871102,-0.154865959076485,"4 - B3",-1.23892767261188e-05,-3.73509586536809e-05,2.49616819275621e-05,4.99233638551242e-06,0.00499233638551242,100
"275",20230625,9,"B3",710,"F1-NB",33,"Sample",33,4,2,8e-05,5,4,115.583106485671,0.805542081447962,"4 - B3",6.4443366515837e-05,-3.73509586536809e-05,0.000101794325169518,2.03588650339036e-05,0.0203588650339036,500
"276",20230625,15,"C3",710,"F2-NB",33,"Sample",33,4,2,8e-05,5,1,177.493762096774,-0.745209677419358,"4 - C3",-5.96167741935486e-05,-3.73509586536809e-05,-2.22658155398677e-05,-4.45316310797355e-06,-0.00445316310797355,0.1
"277",20230625,15,"C3",710,"F2-NB",33,"Sample",33,4,2,8e-05,5,2,185.24733892383,-1.46254088050315,"4 - C3",-0.000117003270440252,-3.73509586536809e-05,-7.96523117865711e-05,-1.59304623573142e-05,-0.0159304623573142,50
"278",20230625,15,"C3",710,"F2-NB",33,"Sample",33,4,2,8e-05,5,3,152.92309009009,-0.165297297297294,"4 - C3",-1.32237837837835e-05,-3.73509586536809e-05,2.41271748698974e-05,4.82543497397948e-06,0.00482543497397948,100
"279",20230625,15,"C3",710,"F2-NB",33,"Sample",33,4,2,8e-05,5,4,95.4597674418609,0.928710359408028,"4 - C3",7.42968287526422e-05,-3.73509586536809e-05,0.000111647787406323,2.23295574812646e-05,0.0223295574812646,500
"280",20230625,21,"D3",710,"F2-WT",33,"Sample",33,4,2,8e-05,5,1,187.806753694581,-0.747054187192112,"4 - D3",-5.9764334975369e-05,-3.73509586536809e-05,-2.24133763216881e-05,-4.48267526433761e-06,-0.00448267526433761,0.1
"281",20230625,21,"D3",710,"F2-WT",33,"Sample",33,4,2,8e-05,5,2,172.21623877551,-0.674689795918362,"4 - D3",-5.3975183673469e-05,-3.73509586536809e-05,-1.66242250197881e-05,-3.32484500395761e-06,-0.00332484500395761,50
"282",20230625,21,"D3",710,"F2-WT",33,"Sample",33,4,2,8e-05,5,3,134.714549500651,0.435981328701694,"4 - D3",3.48785062961355e-05,-3.73509586536809e-05,7.22294649498164e-05,1.44458929899633e-05,0.0144458929899633,100
"283",20230625,21,"D3",710,"F2-WT",33,"Sample",33,4,2,8e-05,5,4,92.972436014406,1.31140072028811,"4 - D3",0.000104912057623049,-3.73509586536809e-05,0.00014226301627673,2.84526032553459e-05,0.0284526032553459,500
"284",20230625,10,"B4",710,"F1-WT",33,"Sample",33,4,2,8e-05,5,1,169.209803921569,-0.776918767507003,"4 - B4",-6.21535014005602e-05,-3.73509586536809e-05,-2.48025427468793e-05,-4.96050854937587e-06,-0.00496050854937587,0.1
"285",20230625,10,"B4",710,"F1-WT",33,"Sample",33,4,2,8e-05,5,2,160.383632653061,-0.40710204081632,"4 - B4",-3.25681632653056e-05,-3.73509586536809e-05,4.7827953883753e-06,9.56559077675061e-07,0.000956559077675061,50
"286",20230625,10,"B4",710,"F1-WT",33,"Sample",33,4,2,8e-05,5,3,136.575220483642,0.406173541963015,"4 - B4",3.24938833570412e-05,-3.73509586536809e-05,6.98448420107221e-05,1.39689684021444e-05,0.0139689684021444,100
"287",20230625,10,"B4",710,"F1-WT",33,"Sample",33,4,2,8e-05,5,4,56.6723363191667,2.12394739851343,"4 - B4",0.000169915791881074,-3.73509586536809e-05,0.000207266750534755,4.14533501069511e-05,0.0414533501069511,500
"288",20230625,16,"C4",710,"F2-NB",33,"Sample",33,4,2,8e-05,5,1,176.090683651026,-0.724332844574777,"4 - C4",-5.79466275659822e-05,-3.73509586536809e-05,-2.05956689123013e-05,-4.11913378246025e-06,-0.00411913378246025,0.1
"289",20230625,16,"C4",710,"F2-NB",33,"Sample",33,4,2,8e-05,5,2,176.754369747899,-0.873857906799084,"4 - C4",-6.99086325439267e-05,-3.73509586536809e-05,-3.25576738902458e-05,-6.51153477804916e-06,-0.00651153477804916,50
"290",20230625,16,"C4",710,"F2-NB",33,"Sample",33,4,2,8e-05,5,3,153.54212145749,0.0572631578947368,"4 - C4",4.58105263157894e-06,-3.73509586536809e-05,4.19320112852599e-05,8.38640225705197e-06,0.00838640225705197,100
"291",20230625,16,"C4",710,"F2-NB",33,"Sample",33,4,2,8e-05,5,4,127.728030806403,0.545738447598908,"4 - C4",4.36590758079126e-05,-3.73509586536809e-05,8.10100344615936e-05,1.62020068923187e-05,0.0162020068923187,500
"292",20230625,22,"D4",710,"F1-NB",33,"Sample",33,4,2,8e-05,5,1,187.412785332315,-2.04819556913674,"4 - D4",-0.000163855645530939,-3.73509586536809e-05,-0.000126504686877258,-2.53009373754517e-05,-0.0253009373754517,0.1
"293",20230625,22,"D4",710,"F1-NB",33,"Sample",33,4,2,8e-05,5,2,165.815341836735,-1.1678,"4 - D4",-9.3424e-05,-3.73509586536809e-05,-5.60730413463191e-05,-1.12146082692638e-05,-0.0112146082692638,50
"294",20230625,22,"D4",710,"F1-NB",33,"Sample",33,4,2,8e-05,5,3,111.92987854251,0.508599190283403,"4 - D4",4.06879352226722e-05,-3.73509586536809e-05,7.80388938763531e-05,1.56077787752706e-05,0.0156077787752706,100
"295",20230625,22,"D4",710,"F1-NB",33,"Sample",33,4,2,8e-05,5,4,133.792220166512,0.128014801110084,"4 - D4",1.02411840888067e-05,-3.73509586536809e-05,4.75921427424876e-05,9.51842854849753e-06,0.00951842854849753,500
"296",20230625,5,"A5",710,"F1-NB",33,"Sample",33,4,2,8e-05,5,1,165.455000370782,-0.692502780867624,"4 - A5",-5.54002224694099e-05,-3.73509586536809e-05,-1.8049263815729e-05,-3.6098527631458e-06,-0.0036098527631458,0.1
"297",20230625,5,"A5",710,"F1-NB",33,"Sample",33,4,2,8e-05,5,2,172.370697088705,-1.08400922052421,"4 - A5",-8.67207376419368e-05,-3.73509586536809e-05,-4.93697789882559e-05,-9.87395579765118e-06,-0.00987395579765118,50
"298",20230625,5,"A5",710,"F1-NB",33,"Sample",33,4,2,8e-05,5,3,141.047391363023,-0.071271255060727,"4 - A5",-5.70170040485816e-06,-3.73509586536809e-05,3.16492582488227e-05,6.32985164976455e-06,0.00632985164976455,100
"299",20230625,5,"A5",710,"F1-NB",33,"Sample",33,4,2,8e-05,5,4,120.634887218045,0.326917293233078,"4 - A5",2.61533834586462e-05,-3.73509586536809e-05,6.35043421123271e-05,1.27008684224654e-05,0.0127008684224654,500
"300",20230625,11,"B5",710,"F2-WT",33,"Sample",33,4,2,8e-05,5,1,187.506748980349,-0.942656284760847,"4 - B5",-7.54125027808678e-05,-3.73509586536809e-05,-3.80615441271869e-05,-7.61230882543737e-06,-0.00761230882543737,0.1
"301",20230625,11,"B5",710,"F2-WT",33,"Sample",33,4,2,8e-05,5,2,184.830422832981,-0.992473572938692,"4 - B5",-7.93978858350954e-05,-3.73509586536809e-05,-4.20469271814145e-05,-8.40938543628289e-06,-0.00840938543628289,50
"302",20230625,11,"B5",710,"F2-WT",33,"Sample",33,4,2,8e-05,5,3,168.378739002932,-0.263504398826976,"4 - B5",-2.10803519061581e-05,-3.73509586536809e-05,1.62706067475228e-05,3.25412134950456e-06,0.00325412134950457,100
"303",20230625,11,"B5",710,"F2-WT",33,"Sample",33,4,2,8e-05,5,4,93.8138673693457,1.34718313570487,"4 - B5",0.00010777465085639,-3.73509586536809e-05,0.000145125609510071,2.90251219020141e-05,0.0290251219020141,500
"304",20230625,23,"D5",710,"F2-NB",33,"Sample",33,4,2,8e-05,5,1,176.137612903226,-0.854177419354834,"4 - D5",-6.83341935483867e-05,-3.73509586536809e-05,-3.09832348947058e-05,-6.19664697894116e-06,-0.00619664697894116,0.1
"305",20230625,23,"D5",710,"F2-NB",33,"Sample",33,4,2,8e-05,5,2,178.594605263158,-1.12104579630896,"4 - D5",-8.96836637047168e-05,-3.73509586536809e-05,-5.23327050510359e-05,-1.04665410102072e-05,-0.0104665410102072,50
"306",20230625,23,"D5",710,"F2-NB",33,"Sample",33,4,2,8e-05,5,3,146.034780780781,0.0625945945945938,"4 - D5",5.0075675675675e-06,-3.73509586536809e-05,4.23585262212484e-05,8.47170524424968e-06,0.00847170524424968,100
"307",20230625,23,"D5",710,"F2-NB",33,"Sample",33,4,2,8e-05,5,4,86.3211367159972,1.16836927413672,"4 - D5",9.34695419309376e-05,-3.73509586536809e-05,0.000130820500584619,2.61641001169237e-05,0.0261641001169237,500
"308",20230625,6,"A6",710,"F2-NB",33,"Sample",33,4,2,8e-05,5,1,175.637906403941,-0.534745484400665,"4 - A6",-4.27796387520532e-05,-3.73509586536809e-05,-5.4286800983723e-06,-1.08573601967446e-06,-0.00108573601967446,0.1
"309",20230625,6,"A6",710,"F2-NB",33,"Sample",33,4,2,8e-05,5,2,174.479954116059,-0.434275303643722,"4 - A6",-3.47420242914978e-05,-3.73509586536809e-05,2.60893436218314e-06,5.21786872436629e-07,0.000521786872436629,50
"310",20230625,6,"A6",710,"F2-NB",33,"Sample",33,4,2,8e-05,5,3,165.554912891986,0.0797212543553969,"4 - A6",6.37770034843175e-06,-3.73509586536809e-05,4.37286590021127e-05,8.74573180042253e-06,0.00874573180042253,100
"311",20230625,6,"A6",710,"F2-NB",33,"Sample",33,4,2,8e-05,5,4,112.131581135792,1.10481234270708,"4 - A6",8.83849874165664e-05,-3.73509586536809e-05,0.000125735946070247,2.51471892140495e-05,0.0251471892140495,500
"312",20230625,12,"B6",710,"F2-WT",33,"Sample",33,4,2,8e-05,5,1,176.113595652174,-1.76205217391305,"4 - B6",-0.000140964173913044,-3.73509586536809e-05,-0.000103613215259363,-2.07226430518726e-05,-0.0207226430518726,0.1
"313",20230625,12,"B6",710,"F2-WT",33,"Sample",33,4,2,8e-05,5,2,185.426899765011,-1.82658131431813,"4 - B6",-0.00014612650514545,-3.73509586536809e-05,-0.00010877554649177,-2.17551092983539e-05,-0.0217551092983539,50
"314",20230625,12,"B6",710,"F2-WT",33,"Sample",33,4,2,8e-05,5,3,151.996258141555,-0.84339122883196,"4 - B6",-6.74712983065568e-05,-3.73509586536809e-05,-3.01203396528759e-05,-6.02406793057518e-06,-0.00602406793057518,100
"315",20230625,12,"B6",710,"F2-WT",33,"Sample",33,4,2,8e-05,5,4,55.722909090909,1.36460606060606,"4 - B6",0.000109168484848485,-3.73509586536809e-05,0.000146519443502166,2.93038887004331e-05,0.0293038887004331,500
"316",20230625,18,"C6",710,"F1-WT",33,"Sample",33,4,2,8e-05,5,1,175.325679985337,-0.592602639296186,"4 - C6",-4.74082111436949e-05,-3.73509586536809e-05,-1.0057252490014e-05,-2.01145049800279e-06,-0.00201145049800279,0.1
"317",20230625,18,"C6",710,"F1-WT",33,"Sample",33,4,2,8e-05,5,2,162.451008064516,-0.656612903225802,"4 - C6",-5.25290322580642e-05,-3.73509586536809e-05,-1.51780736043833e-05,-3.03561472087665e-06,-0.00303561472087665,50
"318",20230625,18,"C6",710,"F1-WT",33,"Sample",33,4,2,8e-05,5,3,170.909459377831,-0.831476895197825,"4 - C6",-6.6518151615826e-05,-3.73509586536809e-05,-2.91671929621451e-05,-5.83343859242902e-06,-0.00583343859242902,100
"319",20230625,18,"C6",710,"F1-WT",33,"Sample",33,4,2,8e-05,5,4,138.455530612245,0.0674775510204057,"4 - C6",5.39820408163246e-06,-3.73509586536809e-05,4.27491627353134e-05,8.54983254706267e-06,0.00854983254706267,500
"320",20230625,1,"A1",641,"F1-NB",27,"Sample",33,1,1,8e-05,5,5,336.574553846155,-1.95452307692309,"1 - A1",-0.000156361846153847,-2.29485308157111e-06,-0.000154066993072276,-3.08133986144552e-05,-0.0308133986144552,0.2
"321",20230625,7,"B1",641,"F2-NB",27,"Sample",33,1,1,8e-05,5,5,305.718559384163,-1.5906964809384,"1 - B1",-0.000127255718475072,-2.29485308157111e-06,-0.000124960865393501,-2.49921730787002e-05,-0.0249921730787002,0.2
"322",20230625,13,"C1",641,"F2-WT",27,"Sample",33,1,1,8e-05,5,5,371.028073529412,-2.32435294117647,"1 - C1",-0.000185948235294118,-2.29485308157111e-06,-0.000183653382212546,-3.67306764425093e-05,-0.0367306764425093,0.2
"323",20230625,19,"D1",641,"F1-WT",27,"Sample",33,1,1,8e-05,5,5,417.808153225807,-2.98520967741936,"1 - D1",-0.000238816774193549,-2.29485308157111e-06,-0.000236521921111978,-4.73043842223955e-05,-0.0473043842223955,0.2
"324",20230625,2,"A2",641,"F1-WT",27,"Sample",33,1,1,8e-05,5,5,398.156701612904,-2.67133870967742,"1 - A2",-0.000213707096774194,-2.29485308157111e-06,-0.000211412243692622,-4.22824487385245e-05,-0.0422824487385245,0.2
"325",20230625,8,"B2",641,"F1-WT",27,"Sample",33,1,1,8e-05,5,5,308.087355580274,-1.96449388209121,"1 - B2",-0.000157159510567297,-2.29485308157111e-06,-0.000154864657485726,-3.09729314971451e-05,-0.0309729314971451,0.2
"326",20230625,14,"C2",641,"F1-NB",27,"Sample",33,1,1,8e-05,5,5,424.996822660097,-3.00889983579637,"1 - C2",-0.00024071198686371,-2.29485308157111e-06,-0.000238417133782138,-4.76834267564277e-05,-0.0476834267564277,0.2
"327",20230625,3,"A3",641,"F2-WT",27,"Sample",33,1,1,8e-05,5,5,430.823297571992,-3.39631846414453,"1 - A3",-0.000271705477131562,-2.29485308157111e-06,-0.000269410624049991,-5.38821248099983e-05,-0.0538821248099983,0.2
"328",20230625,9,"B3",641,"F1-NB",27,"Sample",33,1,1,8e-05,5,5,401.624421052631,-3.00603508771928,"1 - B3",-0.000240482807017542,-2.29485308157111e-06,-0.000238187953935971,-4.76375907871943e-05,-0.0476375907871943,0.2
"329",20230625,15,"C3",641,"F2-NB",27,"Sample",33,1,1,8e-05,5,5,452.551538461539,-3.99384615384617,"1 - C3",-0.000319507692307694,-2.29485308157111e-06,-0.000317212839226122,-6.34425678452245e-05,-0.0634425678452245,0.2
"330",20230625,21,"D3",641,"F2-WT",27,"Sample",33,1,1,8e-05,5,5,323.1565,-1.95093548387096,"1 - D3",-0.000156074838709677,-2.29485308157111e-06,-0.000153779985628106,-3.07559971256211e-05,-0.0307559971256211,0.2
"331",20230625,10,"B4",641,"F1-WT",27,"Sample",33,1,1,8e-05,5,5,311.354172043011,-2.36057842046718,"1 - B4",-0.000188846273637374,-2.29485308157111e-06,-0.000186551420555803,-3.73102841111607e-05,-0.0373102841111607,0.2
"332",20230625,16,"C4",641,"F2-NB",27,"Sample",33,1,1,8e-05,5,5,337.294213903743,-2.1291550802139,"1 - C4",-0.000170332406417112,-2.29485308157111e-06,-0.000168037553335541,-3.36075106671082e-05,-0.0336075106671082,0.2
"333",20230625,22,"D4",641,"F1-NB",27,"Sample",33,1,1,8e-05,5,5,283.451746031746,-1.20264915161467,"1 - D4",-9.62119321291736e-05,-2.29485308157111e-06,-9.39170790476025e-05,-1.87834158095205e-05,-0.0187834158095205,0.2
"334",20230625,5,"A5",641,"F1-NB",27,"Sample",33,1,1,8e-05,5,5,361.628414492755,-2.51255652173914,"1 - A5",-0.000201004521739131,-2.29485308157111e-06,-0.00019870966865756,-3.9741933731512e-05,-0.039741933731512,0.2
"335",20230625,11,"B5",641,"F2-WT",27,"Sample",33,1,1,8e-05,5,5,412.877000344,-3.23236326109395,"1 - B5",-0.000258589060887516,-2.29485308157111e-06,-0.000256294207805945,-5.1258841561189e-05,-0.051258841561189,0.2
"336",20230625,23,"D5",641,"F2-NB",27,"Sample",33,1,1,8e-05,5,5,264.264393029292,-1.22875194660735,"1 - D5",-9.8300155728588e-05,-2.29485308157111e-06,-9.60053026470169e-05,-1.92010605294034e-05,-0.0192010605294034,0.2
"337",20230625,6,"A6",641,"F2-NB",27,"Sample",33,1,1,8e-05,5,5,239.92152631579,-1.16273684210526,"1 - A6",-9.30189473684208e-05,-2.29485308157111e-06,-9.07240942868497e-05,-1.81448188573699e-05,-0.0181448188573699,0.2
"338",20230625,12,"B6",641,"F2-WT",27,"Sample",33,1,1,8e-05,5,5,307.865153846154,-1.81012307692308,"1 - B6",-0.000144809846153846,-2.29485308157111e-06,-0.000142514993072275,-2.85029986144551e-05,-0.0285029986144551,0.2
"339",20230625,18,"C6",641,"F1-WT",27,"Sample",33,1,1,8e-05,5,5,273.568804347826,-1.40217391304348,"1 - C6",-0.000112173913043478,-2.29485308157111e-06,-0.000109879059961907,-2.19758119923815e-05,-0.0219758119923815,0.2
"340",20230625,1,"A1",710,"F2-WT",27,"Sample",33,2,1,8e-05,5,5,283.652258064517,-1.29935483870969,"2 - A1",-0.000103948387096775,-9.24211925254283e-06,-9.47062678442324e-05,-1.89412535688465e-05,-0.0189412535688465,0.2
"341",20230625,7,"B1",710,"F1-NB",27,"Sample",33,2,1,8e-05,5,5,317.157812030075,-2.19004511278195,"2 - B1",-0.000175203609022556,-9.24211925254283e-06,-0.000165961489770013,-3.31922979540026e-05,-0.0331922979540026,0.2
"342",20230625,13,"C1",710,"F1-WT",27,"Sample",33,2,1,8e-05,5,5,218.64504398827,-1.70191348973607,"2 - C1",-0.000136153079178886,-9.24211925254283e-06,-0.000126910959926343,-2.53821919852686e-05,-0.0253821919852686,0.2
"343",20230625,19,"D1",710,"F1-NB",27,"Sample",33,2,1,8e-05,5,5,250.561715686274,-2.06656862745097,"2 - D1",-0.000165325490196078,-9.24211925254283e-06,-0.000156083370943535,-3.1216674188707e-05,-0.031216674188707,0.2
"344",20230625,2,"A2",710,"F2-NB",27,"Sample",33,2,1,8e-05,5,5,189.742556390978,-0.551127819548874,"2 - A2",-4.40902255639099e-05,-9.24211925254283e-06,-3.48481063113671e-05,-6.96962126227342e-06,-0.00696962126227342,0.2
"345",20230625,8,"B2",710,"F1-WT",27,"Sample",33,2,1,8e-05,5,5,389.225347985348,-3.02930402930403,"2 - B2",-0.000242344322344322,-9.24211925254283e-06,-0.00023310220309178,-4.66204406183559e-05,-0.0466204406183559,0.2
"346",20230625,14,"C2",710,"F2-WT",27,"Sample",33,2,1,8e-05,5,5,232.872355169341,-1.09683155080215,"2 - C2",-8.7746524064172e-05,-9.24211925254283e-06,-7.85044048116292e-05,-1.57008809623258e-05,-0.0157008809623258,0.2
"347",20230625,3,"A3",710,"F2-WT",27,"Sample",33,2,1,8e-05,5,5,274.634666666666,-1.62565517241378,"2 - A3",-0.000130052413793102,-9.24211925254283e-06,-0.00012081029454056,-2.41620589081119e-05,-0.0241620589081119,0.2
"348",20230625,15,"C3",710,"F2-WT",27,"Sample",33,2,1,8e-05,5,5,289.413346376813,-2.08749565217393,"2 - C3",-0.000166999652173914,-9.24211925254283e-06,-0.000157757532921372,-3.15515065842743e-05,-0.0315515065842743,0.2
"349",20230625,21,"D3",710,"F2-NB",27,"Sample",33,2,1,8e-05,5,5,175.634393029292,-1.43675194660734,"2 - D3",-0.000114940155728587,-9.24211925254283e-06,-0.000105698036476044,-2.11396072952089e-05,-0.0211396072952089,0.2
"350",20230625,4,"A4",710,"F1-NB",27,"Sample",33,2,1,8e-05,5,5,288.012468376069,-1.74405470085471,"2 - A4",-0.000139524376068377,-9.24211925254283e-06,-0.000130282256815834,-2.60564513631668e-05,-0.0260564513631668,0.2
"351",20230625,10,"B4",710,"F1-WT",27,"Sample",33,2,1,8e-05,5,5,290.457206742347,-1.94790505675955,"2 - B4",-0.000155832404540764,-9.24211925254283e-06,-0.000146590285288221,-2.93180570576442e-05,-0.0293180570576442,0.2
"352",20230625,16,"C4",710,"F2-NB",27,"Sample",33,2,1,8e-05,5,5,281.482369230771,-1.97209230769233,"2 - C4",-0.000157767384615386,-9.24211925254283e-06,-0.000148525265362844,-2.97050530725687e-05,-0.0297050530725687,0.2
"353",20230625,22,"D4",710,"F1-NB",27,"Sample",33,2,1,8e-05,5,5,316.314032258064,-3.03669354838708,"2 - D4",-0.000242935483870966,-9.24211925254283e-06,-0.000233693364618424,-4.67386729236847e-05,-0.0467386729236847,0.2
"354",20230625,5,"A5",710,"F1-WT",27,"Sample",33,2,1,8e-05,5,5,386.404889855074,-3.23610434782611,"2 - A5",-0.000258888347826089,-9.24211925254283e-06,-0.000249646228573546,-4.99292457147092e-05,-0.0499292457147092,0.2
"355",20230625,11,"B5",710,"F2-NB",27,"Sample",33,2,1,8e-05,5,5,263.294512315271,-1.54687684729064,"2 - B5",-0.000123750147783251,-9.24211925254283e-06,-0.000114508028530708,-2.29016057061417e-05,-0.0229016057061417,0.2
"356",20230625,23,"D5",710,"F1-WT",27,"Sample",33,2,1,8e-05,5,5,232.062276069519,-0.685467914438505,"2 - D5",-5.48374331550804e-05,-9.24211925254283e-06,-4.55953139025376e-05,-9.11906278050751e-06,-0.00911906278050751,0.2
"357",20230625,6,"A6",710,"F2-NB",27,"Sample",33,2,1,8e-05,5,5,302.782642574816,-1.79503105590062,"2 - A6",-0.00014360248447205,-9.24211925254283e-06,-0.000134360365219507,-2.68720730439014e-05,-0.0268720730439014,0.2
"358",20230625,12,"B6",710,"F2-WT",27,"Sample",33,2,1,8e-05,5,5,269.846133004926,-2.22530925013683,"2 - B6",-0.000178024740010946,-9.24211925254283e-06,-0.000168782620758404,-3.37565241516807e-05,-0.0337565241516807,0.2
"359",20230625,18,"C6",710,"F1-NB",27,"Sample",33,2,1,8e-05,5,5,444.484107246378,-4.2720695652174,"2 - C6",-0.000341765565217392,-9.24211925254283e-06,-0.000332523445964849,-6.65046891929699e-05,-0.0665046891929699,0.2
"360",20230625,1,"A1",641,"F2-WT",33,"Sample",33,3,2,8e-05,5,5,368.233911290321,-2.48975806451611,"3 - A1",-0.000199180645161289,-1.78969427596673e-05,-0.000181283702401621,-3.62567404803243e-05,-0.0362567404803243,0.2
"361",20230625,7,"B1",641,"F1-NB",33,"Sample",33,3,2,8e-05,5,5,391.707256521741,-2.91233043478263,"3 - B1",-0.00023298643478261,-1.78969427596673e-05,-0.000215089492022943,-4.30178984045886e-05,-0.0430178984045886,0.2
"362",20230625,13,"C1",641,"F1-WT",33,"Sample",33,3,2,8e-05,5,5,365.968205645162,-2.40101612903227,"3 - C1",-0.000192081290322582,-1.78969427596673e-05,-0.000174184347562914,-3.48368695125829e-05,-0.0348368695125829,0.2
"363",20230625,19,"D1",641,"F1-NB",33,"Sample",33,3,2,8e-05,5,5,441.650788177339,-3.35576354679802,"3 - D1",-0.000268461083743842,-1.78969427596673e-05,-0.000250564140984174,-5.01128281968349e-05,-0.0501128281968349,0.2
"364",20230625,2,"A2",641,"F2-NB",33,"Sample",33,3,2,8e-05,5,5,376.168696864112,-2.57137979094077,"3 - A2",-0.000205710383275262,-1.78969427596673e-05,-0.000187813440515594,-3.75626881031189e-05,-0.0375626881031189,0.2
"365",20230625,8,"B2",641,"F1-WT",33,"Sample",33,3,2,8e-05,5,5,416.675362903226,-2.90815249266862,"3 - B2",-0.00023265219941349,-1.78969427596673e-05,-0.000214755256653822,-4.29510513307645e-05,-0.0429510513307645,0.2
"366",20230625,14,"C2",641,"F2-WT",33,"Sample",33,3,2,8e-05,5,5,340.009449961802,-1.9892742551566,"3 - C2",-0.000159141940412528,-1.78969427596673e-05,-0.000141244997652861,-2.82489995305721e-05,-0.0282489995305721,0.2
"367",20230625,3,"A3",641,"F2-WT",33,"Sample",33,3,2,8e-05,5,5,420.600694980695,-3.54465894465894,"3 - A3",-0.000283572715572715,-1.78969427596673e-05,-0.000265675772813048,-5.31351545626096e-05,-0.0531351545626096,0.2
"368",20230625,15,"C3",641,"F2-WT",33,"Sample",33,3,2,8e-05,5,5,272.038485867074,-1.64682658517952,"3 - C3",-0.000131746126814362,-1.78969427596673e-05,-0.000113849184054694,-2.27698368109389e-05,-0.0227698368109389,0.2
"369",20230625,21,"D3",641,"F2-NB",33,"Sample",33,3,2,8e-05,5,5,273.435944741534,-1.57074866310161,"3 - D3",-0.000125659893048129,-1.78969427596673e-05,-0.000107762950288461,-2.15525900576923e-05,-0.0215525900576923,0.2
"370",20230625,4,"A4",641,"F1-NB",33,"Sample",33,3,2,8e-05,5,5,342.725115864528,-3.7860962566845,"3 - A4",-0.00030288770053476,-1.78969427596673e-05,-0.000284990757775093,-5.69981515550185e-05,-0.0569981515550185,0.2
"371",20230625,10,"B4",641,"F1-WT",33,"Sample",33,3,2,8e-05,5,5,275.187640394089,-2.3975763546798,"3 - B4",-0.000191806108374384,-1.78969427596673e-05,-0.000173909165614717,-3.47818331229433e-05,-0.0347818331229433,0.2
"372",20230625,16,"C4",641,"F2-NB",33,"Sample",33,3,2,8e-05,5,5,300.603842083842,-1.66725274725275,"3 - C4",-0.00013338021978022,-1.78969427596673e-05,-0.000115483277020553,-2.30966554041105e-05,-0.0230966554041105,0.2
"373",20230625,22,"D4",641,"F1-NB",33,"Sample",33,3,2,8e-05,5,5,459.856630434783,-3.69810823311748,"3 - D4",-0.000295848658649398,-1.78969427596673e-05,-0.000277951715889731,-5.55903431779462e-05,-0.0555903431779462,0.2
"374",20230625,5,"A5",641,"F1-WT",33,"Sample",33,3,2,8e-05,5,5,397.109559032717,-2.92938833570413,"3 - A5",-0.00023435106685633,-1.78969427596673e-05,-0.000216454124096663,-4.32908248193326e-05,-0.0432908248193326,0.2
"375",20230625,11,"B5",641,"F2-NB",33,"Sample",33,3,2,8e-05,5,5,337.551761904762,-2.68798879551821,"3 - B5",-0.000215039103641457,-1.78969427596673e-05,-0.000197142160881789,-3.94284321763579e-05,-0.0394284321763579,0.2
"376",20230625,23,"D5",641,"F1-WT",33,"Sample",33,3,2,8e-05,5,5,312.636448334273,-1.73416149068321,"3 - D5",-0.000138732919254657,-1.78969427596673e-05,-0.000120835976494989,-2.41671952989979e-05,-0.0241671952989979,0.2
"377",20230625,6,"A6",641,"F2-NB",33,"Sample",33,3,2,8e-05,5,5,316.896817186644,-2.36102900930486,"3 - A6",-0.000188882320744389,-1.78969427596673e-05,-0.000170985377984721,-3.41970755969443e-05,-0.0341970755969443,0.2
"378",20230625,12,"B6",641,"F2-WT",33,"Sample",33,3,2,8e-05,5,5,402.175533428165,-3.23062114746326,"3 - B6",-0.000258449691797061,-1.78969427596673e-05,-0.000240552749037393,-4.81105498074787e-05,-0.0481105498074787,0.2
"379",20230625,18,"C6",641,"F1-NB",33,"Sample",33,3,2,8e-05,5,5,346.701119691119,-2.53213384813384,"3 - C6",-0.000202570707850707,-1.78969427596673e-05,-0.00018467376509104,-3.6934753018208e-05,-0.036934753018208,0.2
"380",20230625,1,"A1",710,"F1-NB",33,"Sample",33,4,2,8e-05,5,5,316.972789915966,-2.42346218487394,"4 - A1",-0.000193876974789915,-3.73509586536809e-05,-0.000156526016136234,-3.13052032272469e-05,-0.0313052032272469,0.2
"381",20230625,7,"B1",710,"F2-NB",33,"Sample",33,4,2,8e-05,5,5,325.084168067226,-2.60369747899159,"4 - B1",-0.000208295798319327,-3.73509586536809e-05,-0.000170944839665646,-3.41889679331293e-05,-0.0341889679331293,0.2
"382",20230625,13,"C1",710,"F2-WT",33,"Sample",33,4,2,8e-05,5,5,365.265039408867,-3.09735960591133,"4 - C1",-0.000247788768472906,-3.73509586536809e-05,-0.000210437809819226,-4.20875619638451e-05,-0.0420875619638451,0.2
"383",20230625,19,"D1",710,"F1-WT",33,"Sample",33,4,2,8e-05,5,5,296.638543894831,-2.35605614973263,"4 - D1",-0.00018848449197861,-3.73509586536809e-05,-0.00015113353332493,-3.02267066649859e-05,-0.0302267066649859,0.2
"384",20230625,2,"A2",710,"F1-WT",33,"Sample",33,4,2,8e-05,5,5,381.996328205128,-3.31197264957265,"4 - A2",-0.000264957811965812,-3.73509586536809e-05,-0.000227606853312131,-4.55213706624262e-05,-0.0455213706624262,0.2
"385",20230625,8,"B2",710,"F1-WT",33,"Sample",33,4,2,8e-05,5,5,358.136792264268,-2.72019123247711,"4 - B2",-0.000217615298598169,-3.73509586536809e-05,-0.000180264339944488,-3.60528679888976e-05,-0.0360528679888976,0.2
"386",20230625,14,"C2",710,"F1-NB",33,"Sample",33,4,2,8e-05,5,5,330.753825825825,-2.75027541827541,"4 - C2",-0.000220022033462033,-3.73509586536809e-05,-0.000182671074808352,-3.65342149616704e-05,-0.0365342149616704,0.2
"387",20230625,3,"A3",710,"F2-WT",33,"Sample",33,4,2,8e-05,5,5,461.024817733991,-4.72930049261085,"4 - A3",-0.000378344039408868,-3.73509586536809e-05,-0.000340993080755187,-6.81986161510374e-05,-0.0681986161510374,0.2
"388",20230625,9,"B3",710,"F1-NB",33,"Sample",33,4,2,8e-05,5,5,353.218833943834,-2.95387057387058,"4 - B3",-0.000236309645909646,-3.73509586536809e-05,-0.000198958687255966,-3.97917374511931e-05,-0.0397917374511931,0.2
"389",20230625,15,"C3",710,"F2-NB",33,"Sample",33,4,2,8e-05,5,5,219.631463247863,-1.3215452991453,"4 - C3",-0.000105723623931624,-3.73509586536809e-05,-6.83726652779431e-05,-1.36745330555886e-05,-0.0136745330555886,0.2
"390",20230625,21,"D3",710,"F2-WT",33,"Sample",33,4,2,8e-05,5,5,514.040256916998,-5.11454545454548,"4 - D3",-0.000409163636363638,-3.73509586536809e-05,-0.000371812677709957,-7.43625355419915e-05,-0.0743625355419915,0.2
"391",20230625,10,"B4",710,"F1-WT",33,"Sample",33,4,2,8e-05,5,5,428.664374999999,-3.8056818181818,"4 - B4",-0.000304454545454544,-3.73509586536809e-05,-0.000267103586800863,-5.34207173601726e-05,-0.0534207173601726,0.2
"392",20230625,16,"C4",710,"F2-NB",33,"Sample",33,4,2,8e-05,5,5,293.197281639928,-2.19791443850267,"4 - C4",-0.000175833155080214,-3.73509586536809e-05,-0.000138482196426533,-2.76964392853065e-05,-0.0276964392853065,0.2
"393",20230625,22,"D4",710,"F1-NB",33,"Sample",33,4,2,8e-05,5,5,380.846973461319,-3.63672501411629,"4 - D4",-0.000290938001129303,-3.73509586536809e-05,-0.000253587042475622,-5.07174084951245e-05,-0.0507174084951245,0.2
"394",20230625,5,"A5",710,"F1-NB",33,"Sample",33,4,2,8e-05,5,5,332.594121951219,-2.9370243902439,"4 - A5",-0.000234961951219512,-3.73509586536809e-05,-0.000197610992565831,-3.95221985131662e-05,-0.0395221985131662,0.2
"395",20230625,11,"B5",710,"F2-WT",33,"Sample",33,4,2,8e-05,5,5,436.896502466525,-4.02712614517265,"4 - B5",-0.000322170091613812,-3.73509586536809e-05,-0.000284819132960131,-5.69638265920262e-05,-0.0569638265920262,0.2
"396",20230625,23,"D5",710,"F2-NB",33,"Sample",33,4,2,8e-05,5,5,321.426240215925,-2.61110931174089,"4 - D5",-0.000208888744939271,-3.73509586536809e-05,-0.00017153778628559,-3.43075572571181e-05,-0.0343075572571181,0.2
"397",20230625,6,"A6",710,"F2-NB",33,"Sample",33,4,2,8e-05,5,5,287.908001969582,-1.75256811467339,"4 - A6",-0.000140205449173871,-3.73509586536809e-05,-0.00010285449052019,-2.05708981040381e-05,-0.0205708981040381,0.2
"398",20230625,12,"B6",710,"F2-WT",33,"Sample",33,4,2,8e-05,5,5,304.962562731275,-2.58403370877563,"4 - B6",-0.00020672269670205,-3.73509586536809e-05,-0.00016937173804837,-3.38743476096739e-05,-0.0338743476096739,0.2
"399",20230625,18,"C6",710,"F1-WT",33,"Sample",33,4,2,8e-05,5,5,315.323277310925,-2.55222408963586,"4 - C6",-0.000204177927170869,-3.73509586536809e-05,-0.000166826968517188,-3.33653937034376e-05,-0.0333653937034376,0.2
