Measurement Name :,20230624_SDR641_Run01_Plate01_PR,,Generated On :,"24/06/2023, 11:08:24",,,Calibration details for Oxygen,,,Report :,"@m01:IDENTIFICATION
Serial number     : SEBX0007000641      
MUX channel       : ON - 01

PARAMETERS
Sig LED current   : 045
Ref LED current   : 095
Frequency         : 060
Sending interval  : 0000
Pulse lenght      : 06
Red REF comp.     : ON
Temperature comp. : ON

FIRMWARE
ver.4.039.A3.ST   : 04/30/07, 09:14:36
@m01:RDY

",,Other Report :,"Start Temperature : 
End Temperature        : 
Start Humidity         : 
End Humidity           : 
Ref.phase Corre        : 1
Dig. Ampl.Factor       : 
Mod. Coarse Freq.      : 
Mod. Fine Freq.        : 
Mod. Shape             : 
Mono or Stero          : 
Phase Shift            : 
Sampling Rate          : 
Temp. Corr Slop Coef   : 
",,,,,,,,,,,,,,,,,
Start Date/Time:,"24/06/2023, 10:04:32",,,,,,Batch No.:  ,PSt5-1624-01_25°C,,,,,,,,,,,,,,,,,,,,,,,
End Date/Time:,"24/06/2023, 11:08:07",,,,,,O2_cal0 [°],54.76,,Adjustment at ,100, % air saturation,,,,,,,,,,,,,,,,,,,
User Comment :,0,,Meas. Created By :,admin,,,O2_cal2nd [°],47.47,,Adjustment at ,27, °C,,,,,,,,,,,,,,,,,,,
SDR Serial No. :,S-641,,,,,,O2_T0 [°C],24.8,,Adjustment at ,965, mbar,,,,,,,,,,,,,,,,,,,
Parameter :,Oxygen [cO2 [µmol/L]],,,,,,O2_T2nd [°C],24.8,,,,,,,,,,,,,,,,,,,,,,,
,,,,,,,O2_patm [mbar],965,,,,,,,,,,,,,,,,,,,,,,,
,,,,,,,O2_2nd [% a.s.],100,,,,,,,,,,,,,,,,,,,,,,,
,,,,,,,,,,,,,,,,,,,,,,,,,,,,,,,
,,,,,,,,,,,,,,,,,,,,,,,,,,,,,,,
OPA Phase values  ,,46.23,46.09,46.15,46.09,46.14,46.03,46.03,45.84,46.25,46.18,46.04,45.96,46.14,46.05,46.08,45.99,46.19,46.24,46.15,46.55,46.06,46.16,46,45.98,,,,,,
,,,,,,,,,,,,,,,,,,,,,,,,,,,,,,,
Date/Time,Time/Min.,A1,B1,C1,D1,A2,B2,C2,D2,A3,B3,C3,D3,A4,B4,C4,D4,A5,B5,C5,D5,A6,B6,C6,D6,,Tm [°C],p [mbar],Salinity [g/1000g],T_internal [°C],Error
24.06.23 10:04:34,0.03,231.64,212.68,202.03,201.15,203.14,214.28,222.84,210.89,187.83,190.9,216.29,226.1,190.64,191.77,225.29,185.03,206.3,182.33,168.76,184.77,171.62,185.7,193.69,183.7,,27,965,33,31.61,965D6-(E1);
24.06.23 10:04:49,0.28,279.17,222.13,217.09,220.98,202.02,256.26,211.17,237.25,195.34,232.05,246.65,214.16,237.54,239.84,228.78,216.76,224.14,227.52,206.82,210.25,222.92,194.78,242.89,221.29,,27,965,33,31.11,965D6-(E1);
24.06.23 10:05:04,0.53,257.11,222.13,229.59,202.27,190.09,243.62,233.87,223.78,231.41,214.27,234.2,201.9,240.22,197.26,183.33,192.06,192,204.64,204,227.62,208.12,179.99,209.16,202.74,,27,965,33,30.82,965D6-(E1);
24.06.23 10:05:19,0.78,215.52,197.26,199.51,223.58,198.67,220.26,199.46,229.76,182.87,225.87,219.14,185.06,221.97,192.86,213.24,202.2,194.22,202.94,194.78,194.49,208.68,177.56,211.69,215.04,,27,965,33,30.65,965D6-(E1);
24.06.23 10:05:34,1.03,230.15,217.25,271.89,227.64,190.64,233.29,226.59,248.67,211.52,240.99,257.23,241.53,229.85,230.14,219.81,232.27,235.35,240.35,214.22,212.32,209.53,200.91,239.93,233.11,,27,965,33,30.55,965D6-(E1);
24.06.23 10:05:49,1.28,189.5,223,213.64,186.3,197.28,198.9,224.86,210.89,205.79,226.46,226.04,220.67,226.63,188.5,212.38,216.76,197.01,205.5,202.59,195.93,177.99,192.84,209.72,208.58,,27,965,33,30.5,965D6-(E1);
24.06.23 10:06:04,1.53,269.3,229.69,237.58,229.1,226.92,255.96,244.51,243.67,226.67,197.01,278.65,236.54,228.97,223.47,214.37,229.66,258.72,221.65,234.02,216.78,215.19,202.88,239.05,240.14,,27,965,33,30.46,965B6-(E1);
24.06.23 10:06:19,1.78,221.33,188.48,266.56,184.67,202.86,181.24,200.01,222.08,201.53,227.92,219.71,213.88,200.06,199.19,211.53,195.6,184.03,198.42,189.81,223.38,197.53,210.81,230.27,214.19,,27,965,33,30.47,965D6-(E1);
24.06.23 10:06:34,2.03,227.49,261.51,224.62,227.06,200.06,245.41,237.1,230.62,248.29,281.02,232.15,211.35,235.46,242.22,249.25,211.96,206.58,202.09,207.95,235.57,227.26,206.26,233.47,239.26,,27,965,33,30.47,965D6-(E1);
24.06.23 10:06:49,2.28,195.9,204.22,209.94,208.44,177.05,190.96,254.13,227.19,218.46,259.28,246.95,187.48,212.2,197.26,181.98,206.08,189.52,194.78,204,181.94,191.76,184.6,189.07,198.34,,27,965,33,30.47,965D6-(E1);
24.06.23 10:07:04,2.53,271.2,197.26,203.71,204.22,236.94,240.06,246.31,248.67,233.19,211.12,240.39,195.32,214.48,210.36,234.64,240.48,236.25,200.11,233.72,258.44,218.61,204.29,228.24,211.66,,27,965,33,30.5,965D6-(E1);
24.06.23 10:07:19,2.78,222.21,224.74,208.8,201.15,242.92,227.46,227.17,212.28,224.9,273.06,232.15,213.03,245.32,238.07,210.4,217.61,246.77,227.52,211.93,211.13,184.97,190.08,213.1,204.13,,27,965,33,30.51,965B6-(E1);
24.06.23 10:07:34,3.03,280.78,254.77,256.33,269.9,208.5,228.04,233.58,243.67,223.14,192.01,248.75,245.98,255.66,247.9,220.67,215.91,198.69,219.31,201.47,253.35,216.9,201.75,236.99,226.74,,27,965,33,30.54,965B6-(E1);
24.06.23 10:07:49,3.28,239.1,222.71,204.56,249,233.39,263.3,225.44,248.38,255.06,233.83,266.76,240.36,257.2,214.32,253.8,229.37,215.73,209.78,223.16,233.11,205.31,209.95,222.48,219.58,,27,965,33,30.54,965D6-(E1);
24.06.23 10:08:04,3.53,240.91,238.23,238.17,229.4,225.75,208.08,248.4,232.92,255.06,273.37,247.85,204.66,268.05,277.46,223.26,215.34,244.35,192.55,206.82,235.26,217.18,223.77,232.31,227.02,,27,965,33,30.57,965D6-(E1);
24.06.23 10:08:19,3.78,267.73,245.69,272.84,245.39,239.33,264.22,265.15,222.64,238.89,291.37,269.87,250.45,240.52,230.14,264.85,238.12,245.86,236.44,234.02,225.8,213.77,223.48,232.89,230.78,,27,965,33,30.58,965D6-(E1);
24.06.23 10:08:34,4.03,262.39,224.16,240.56,269.9,218.51,270.73,238.87,267.92,242.81,244.61,264.59,224.09,241.12,237.48,251.07,224.17,240.44,245.19,217.95,239.58,224.94,213.09,238.16,231.36,,27,965,33,30.6,965B6-(E1);
24.06.23 10:08:49,4.28,254.32,204.78,244.17,241.2,222.26,254.44,252.32,222.64,232,230.57,223.45,246.57,247.74,246.7,254.71,223.89,236.84,237.64,217.66,203.49,174.79,199.51,236.11,210.54,,27,965,33,30.63,965B6-(E1);
24.06.23 10:09:04,4.53,250.33,265.85,249,276.5,228.68,242.73,289.73,255.82,247.68,214.85,269.24,240.65,213.63,226.94,245.34,236.95,232.68,225.17,221.42,242.06,217.47,209.95,224.78,231.07,,27,965,33,30.65,965D6-(E1);
24.06.23 10:09:19,4.78,277.25,237.93,228.12,227.64,201.46,229.79,216.84,237.54,236.48,238,260.9,206.33,219.37,204.75,223.55,222.17,229.43,215.25,219.39,205.54,217.18,217.4,224.49,217.87,,27,965,33,30.66,965D6-(E1);
24.06.23 10:09:34,5.03,283.04,240.01,255.72,255.38,220.24,243.02,232.7,246.9,208.36,227.34,259.06,244.49,234.57,259.43,239.97,234.31,233.57,233.16,252.35,220.67,238.11,213.09,234.06,232.82,,27,965,33,30.71,965D6-(E1);
24.06.23 10:11:21,6.82,252.17,223,218.53,258.13,232.5,263.61,249.3,249.26,255.06,253.43,258.45,242.12,251.69,242.81,247.14,245.22,247.69,244.28,237.88,246.74,236.04,249.05,251.56,244.88,,27,965,33,30.47,
24.06.23 10:11:36,7.07,257.42,234.38,234.31,252.33,236.35,260.53,239.76,251.64,241.3,250.98,244.56,243.01,254.13,248.8,241.75,240.78,245.26,247.63,237.28,246.43,239.59,255.16,253.37,248.46,,27,965,33,30.4,
24.06.23 10:11:51,7.32,245.15,227.64,215.08,253.55,232.21,265.77,237.69,246.31,258.78,246.73,252.07,229.27,243.52,241.33,235.53,240.78,242.54,245.5,231.95,244.24,235.45,247.84,246.16,247.26,,27,965,33,30.32,
24.06.23 10:12:06,7.57,250.33,236.75,226.95,246.89,232.21,267,240.06,251.04,250.44,251.9,253.28,244.49,252.3,238.95,240.27,246.41,248.29,244.89,231.36,251.77,245.55,253.63,252.16,251.76,,27,965,33,30.25,
24.06.23 10:12:21,7.82,250.94,229.4,228.12,251.12,233.09,259.92,234.75,251.94,246.77,254.04,246.35,233.91,246.83,240.44,243.84,236.65,242.54,240.05,236.69,248,242.86,253.93,252.46,247.56,,27,965,33,30.18,
24.06.23 10:12:36,8.07,255.25,229.69,237.88,254.46,230.15,255.04,249.3,246.61,251.97,258.66,247.25,242.12,248.04,245.8,251.07,238.42,250.12,241.26,237.88,254.94,246.45,252.4,249.45,243.99,,27,965,33,30.1,
24.06.23 10:12:51,8.32,250.02,225.03,217.66,242.39,228.09,264.53,221.98,249.56,239.49,246.73,230.69,222.66,241.72,236,233.17,232.56,244.35,238.24,227.24,239.89,235.45,244.21,243.48,241.32,,27,965,33,30.04,
24.06.23 10:13:06,8.57,232.82,229.69,231.36,252.64,234.57,254.74,238.58,255.22,245.24,256.81,253.28,238.88,238.43,235.71,239.97,227.92,251.65,239.75,232.24,237.73,241.07,250.57,239.64,240.73,,27,965,33,30,
24.06.23 10:13:21,8.82,250.33,238.23,224.03,254.16,238.43,271.36,235.34,251.64,251.66,255.27,254.8,240.36,247.14,243.71,243.84,248.21,245.56,249.77,242.06,247.37,246.45,252.4,247.96,247.26,,27,965,33,29.93,
24.06.23 10:13:36,9.07,246.97,228.52,218.53,245.39,228.97,262.07,235.04,254.02,250.13,251.9,244.86,235.66,250.47,232.77,232.58,241.96,244.35,237.04,230.47,246.74,244.35,254.55,248.85,241.62,,27,965,33,29.88,
24.06.23 10:13:51,9.32,265.21,248.4,227.24,262.44,242.32,269.49,247.2,243.08,264.71,261.14,269.24,249.26,252.3,244.01,251.98,239.89,249.21,254.38,236.98,250.2,247.05,261.95,257.31,247.56,,27,965,33,29.83,
24.06.23 10:14:06,9.57,236.11,232.03,218.82,252.33,229.26,255.04,235.93,243.67,240.39,247.03,231.57,230.72,250.17,235.41,242.95,240.19,242.54,239.75,235.79,245.18,234.86,245.12,248.56,242.51,,27,965,33,29.76,
24.06.23 10:14:21,9.82,241.21,231.44,210.79,246.89,217.64,258.09,247.2,233.49,244.63,251.9,247.55,229.56,244.42,240.44,239.08,231.69,236.55,231.97,230.18,234.96,232.22,247.54,241.11,239.55,,27,965,33,29.71,
24.06.23 10:14:36,10.07,234.61,237.93,218.53,247.49,234.87,266.38,244.21,258.82,246.46,265.5,255.71,230.43,243.22,245.5,246.24,241.96,236.84,236.74,241.16,255.89,253.69,249.97,260.97,254.17,,27,965,33,29.65,
24.06.23 10:14:51,10.32,241.51,224.45,215.65,248.4,227.51,256.87,245.11,245.13,252.9,264.57,259.37,232.75,236.94,247.3,253.19,234.6,244.05,249.77,238.17,245.18,255.82,250.27,249.75,256.59,,27,965,33,29.61,
24.06.23 10:15:07,10.58,262.39,235.56,225.78,261.21,239.62,260.84,241.54,250.75,244.94,261.76,252.67,243.9,257.2,250.61,236.12,250.3,243.14,240.95,230.77,259.07,238.11,259.47,256.4,250.25,,27,965,33,29.54,
24.06.23 10:15:22,10.83,245.75,227.35,228.71,267.4,236.05,261.45,243.02,258.52,251.97,283.27,253.89,235.08,253.52,249.1,251.07,244.03,262.45,246.41,239.97,261.95,245.55,257.62,248.85,254.47,,27,965,33,29.5,
24.06.23 10:15:37,11.08,237,241.8,215.65,239.12,230.73,267.31,233.58,253.13,247.99,253.43,248.15,240.65,246.53,245.8,245.94,249.4,245.86,249.77,229.59,242.38,248.55,257,252.76,254.17,,27,965,33,29.43,
24.06.23 10:15:52,11.33,233.72,224.16,223.45,234.68,231.62,249.61,232.99,236.67,238.89,242.8,238.62,221.52,236.05,231.89,239.08,230.82,235.06,234.95,230.77,245.18,240.78,238.21,240.82,236.62,,27,965,33,29.38,
24.06.23 10:16:07,11.58,239.71,220.41,216.22,255.38,227.21,258.39,241.83,242.2,248.6,244.31,245.75,226.96,228.68,222.9,234.64,230.24,237.74,250.38,223.45,238.96,243.46,249.66,247.66,238.67,,27,965,33,29.33,
24.06.23 10:16:22,11.83,241.51,238.82,212.5,242.69,219.08,258.09,238.58,242.79,240.7,254.35,245.16,225.81,237.84,227.52,232.58,234.6,250.43,251.3,228.71,250.2,230.47,247.54,236.4,241.92,,27,965,33,29.28,
24.06.23 10:16:37,12.08,244.84,223.58,215.36,249,229.26,255.65,246.6,246.31,246.46,273.06,241.28,244.2,245.63,237.77,251.07,244.63,235.35,241.86,226.08,244.87,243.16,245.72,244.08,252.36,,27,965,33,29.22,
24.06.23 10:16:52,12.33,247.28,226.19,225.49,249.61,247.14,266.69,236.51,243.96,250.74,258.05,261.82,240.94,249.56,242.81,236.12,236.07,243.75,247.94,230.47,252.09,256.73,242.41,240.23,248.46,,27,965,33,29.18,
24.06.23 10:17:07,12.58,246.06,241.2,224.03,253.55,226.05,252.02,228.33,248.97,260.96,264.88,260.9,253.16,250.17,250.61,251.67,241.96,254.41,252.53,231.06,249.25,241.37,257.62,253.97,257.19,,27,965,33,29.14,
24.06.23 10:17:22,12.83,239.1,215.82,217.95,239.12,205.96,243.02,233.58,242.2,244.94,248.85,245.45,236.54,241.42,224.92,228.2,240.19,244.96,236.15,224.03,243.31,235.45,247.54,247.06,240.44,,27,965,33,29.11,
24.06.23 10:17:37,13.08,248.19,231.74,228.42,252.33,234.27,253.23,217.12,244.25,240.7,249.16,256.32,218.39,240.22,217.73,212.38,240.78,235.35,235.85,227.83,238.96,235.45,242.71,245.57,238.08,,27,965,33,29.08,
24.06.23 10:17:52,13.33,228.38,237.04,221.71,241.2,226.05,249.61,236.81,242.79,249.21,240.39,249.05,240.65,234.87,224.34,243.55,236.36,245.56,243.37,225.49,244.87,246.15,249.36,247.96,246.07,,27,965,33,29.07,
24.06.23 10:18:07,13.58,237.3,224.16,217.09,233.5,229.85,249.61,235.93,240.74,223.73,244.31,246.35,234.79,239.03,236.3,243.84,236.95,236.55,233.16,229.3,248.94,241.37,250.27,248.26,236.03,,27,965,33,29.05,
24.06.23 10:18:23,13.85,242.42,225.9,227.83,251.42,224.01,269.49,248.1,248.67,243.72,261.45,263.98,248.96,244.72,236.3,225.87,252.71,249.82,235.85,229.88,255.57,250.96,256.08,250.36,245.18,,27,965,33,29.04,
24.06.23 10:18:38,14.1,238.2,218.11,209.37,237.93,217.64,238.87,224.57,245.13,240.7,246.42,266.14,228.69,239.92,236,221.24,235.78,237.14,238.85,223.74,244.56,235.45,250.88,244.38,243.1,,27,965,33,29.03,
24.06.23 10:18:53,14.35,245.75,234.09,221.13,245.99,226.34,246.01,230.37,241.62,246.16,254.04,259.68,238.88,242.92,237.77,239.08,230.82,245.86,237.04,225.78,251.14,233.1,246.63,245.87,239.55,,27,965,33,29.01,
24.06.23 10:19:08,14.6,239.71,220.41,217.66,238.52,229.26,258.09,228.62,233.49,230.52,245.82,265.21,233.33,240.22,228.98,223.55,233.14,241.64,239.15,233.42,249.25,235.75,249.66,248.56,239.85,,27,965,33,29,
24.06.23 10:19:23,14.85,246.06,226.19,204.56,250.21,222.55,255.96,237.4,239.57,247.07,260.52,263.05,243.31,245.32,244.31,234.94,235.78,241.04,230.48,222.58,242.69,236.63,244.51,248.26,243.1,,27,965,33,28.97,
24.06.23 10:19:38,15.1,246.36,223.29,222.29,249.61,220.82,243.02,233.29,254.32,250.44,246.12,252.67,236.25,239.62,228.1,236.71,245.82,250.43,240.05,221.71,243.93,239.88,249.97,250.36,241.92,,27,965,33,28.97,
24.06.23 10:19:53,15.35,230.74,227.06,210.22,243.89,221.1,249.91,233.87,249.86,244.94,254.35,249.96,244.49,244.42,241.03,228.49,244.93,241.34,236.74,225.78,249.57,241.07,252.71,251.86,242.8,,27,965,33,28.96,
24.06.23 10:20:08,15.6,251.25,227.94,219.68,244.19,233.68,253.23,246.9,246.31,236.78,249.16,266.76,240.06,242.32,239.25,230.83,252.71,245.26,236.74,223.74,250.2,256.73,260.09,250.66,246.07,,27,965,33,28.96,
24.06.23 10:20:23,15.85,256.49,208.44,214.22,245.09,221.68,233.29,235.63,247.79,241,255.58,263.36,222.66,239.62,244.01,225.29,241.07,244.35,235.25,219.1,234.03,242.56,253.32,244.08,243.4,,27,965,33,28.93,
24.06.23 10:20:38,16.1,240.91,229.98,219.1,247.19,219.66,258.39,232.12,255.22,254.44,255.27,260.59,244.79,248.04,236.89,237.3,252.11,249.21,236.44,229.88,248.62,242.56,253.32,248.56,240.44,,27,965,33,28.93,
24.06.23 10:20:53,16.35,250.94,222.71,208.23,250.51,227.21,250.51,229.2,247.49,252.9,258.05,265.52,225.53,233.09,238.07,236.12,237.54,250.43,239.75,223.16,248.31,246.15,257.31,244.97,246.67,,27,965,33,28.93,
24.06.23 10:21:08,16.6,232.82,221.85,222.58,252.64,222.84,255.04,249.91,257.31,249.21,258.05,256.62,240.65,242.62,242.81,233.76,249.4,247.69,247.63,227.54,254.3,240.48,257,251.56,249.95,,27,965,33,28.91,
24.06.23 10:21:23,16.85,234.61,211.55,217.09,243.59,226.63,259.62,230.37,244.84,238.89,244.31,252.67,228.41,231.32,229.85,235.82,241.07,241.94,231.97,219.97,243,231.64,252.1,242.89,241.92,,27,965,33,28.91,
24.06.23 10:21:38,17.1,235.21,214.96,217.37,252.03,227.21,253.83,243.32,251.64,234.09,259.59,260.29,231.59,238.43,238.07,228.78,243.14,243.45,233.46,227.54,248.94,242.56,258.55,257.61,246.37,,27,965,33,28.9,
24.06.23 10:21:53,17.35,229.56,227.94,211.64,243.29,226.34,253.53,225.15,239.28,248.6,250.98,246.35,228.98,242.32,238.95,230.24,240.78,230.61,241.26,229,245.18,239.88,250.57,251.56,250.55,,27,965,33,28.9,
24.06.23 10:22:08,17.6,245.75,223,215.36,240.31,221.68,257.78,235.34,241.32,247.99,246.12,248.45,231.01,248.04,242.52,239.67,249.7,234.76,242.77,220.55,239.58,249.45,259.16,244.67,246.67,,27,965,33,28.89,
24.06.23 10:22:23,17.85,234.91,217.82,222.87,247.49,222.84,264.22,231.82,248.67,244.03,251.29,259.68,227.25,225.46,231.6,234.64,244.33,238.64,241.56,211.64,247.68,236.63,257.31,245.57,246.37,,27,965,33,28.88,
24.06.23 10:22:38,18.1,248.5,224.16,213.93,249.61,216.2,255.96,238.28,243.96,236.78,247.94,263.05,233.04,245.02,244.31,231.7,249.7,238.04,243.37,228.12,244.56,236.34,267.25,253.97,248.76,,27,965,33,28.86,
24.06.23 10:22:53,18.35,244.24,228.52,215.36,250.82,228.97,271.36,231.82,241.03,253.51,253.43,255.4,240.06,240.82,238.95,247.14,249.7,243.45,243.98,234.61,255.89,241.96,269.76,253.37,251.15,,27,965,33,28.86,
24.06.23 10:23:08,18.6,237.3,213.25,226.66,237.34,231.03,252.02,231.24,252.83,234.99,238.89,246.65,231.88,238.13,236.89,244.74,247.01,245.86,235.25,234.02,236.8,235.16,250.57,246.46,252.36,,27,965,33,28.86,
24.06.23 10:23:23,18.85,239.1,230.86,214.22,249.3,220.82,265.77,238.58,247.49,254.44,238.6,252.37,228.41,242.62,237.48,235.53,240.19,235.95,248.85,232.24,251.46,250.06,265.68,257,249.95,,27,965,33,28.86,
24.06.23 10:23:38,19.1,246.06,226.48,218.24,252.33,223.72,259.62,257.78,250.15,248.9,240.99,262.75,232.46,230.73,237.48,242.95,250.91,241.64,244.59,226.66,254.62,243.16,261.02,262.19,257.8,,27,965,33,28.83,
24.06.23 10:23:53,19.35,236.7,212.68,210.51,249,212.2,252.02,233.58,226.9,226.96,249.16,235.08,215,234.57,225.49,238.48,232.85,229.43,237.94,221.13,234.34,244.95,256.7,245.57,240.14,,27,965,33,28.83,
24.06.23 10:24:08,19.6,247.58,216.39,202.87,246.59,208.79,256.87,236.51,239.57,244.63,251.29,249.96,222.66,240.22,232.19,235.23,240.48,241.34,234.65,220.55,248,245.85,259.47,241.71,241.03,,27,965,33,28.83,
24.06.23 10:24:23,19.85,235.51,225.61,223.16,257.21,213.91,258.7,242.13,249.56,243.42,249.46,260.9,229.56,245.32,238.07,237.89,248.81,248.9,240.35,236.09,240.82,244.05,261.33,253.37,247.86,,27,965,33,28.83,
24.06.23 10:24:38,20.1,245.45,223.58,215.65,247.19,227.21,247.2,237.69,249.86,253.51,241.29,257.54,237.71,252.3,243.41,242.95,253.62,247.69,239.15,230.18,246.12,238.4,257,253.67,251.46,,27,965,33,28.83,
24.06.23 10:24:53,20.35,231.04,219.26,208.23,243.59,212.77,254.13,235.04,249.26,241,237.4,264.29,228.69,236.05,235.71,242.05,249.11,246.77,234.35,218.53,245.18,252.78,253.32,253.67,245.18,,27,965,33,28.82,
24.06.23 10:25:08,20.6,237.3,215.53,211.93,247.49,215.06,243.62,236.22,242.2,248.6,247.03,255.1,231.01,244.42,233.36,234.64,240.78,242.24,232.56,214.5,241.44,238.7,261.02,247.96,241.32,,27,965,33,28.82,
24.06.23 10:25:23,20.85,230.45,223,208.52,246.89,213.63,251.71,225.73,245.13,247.38,240.99,253.89,236.54,235.76,238.95,235.23,241.66,232.09,239.75,222.58,253.35,239.88,259.47,249.15,233.11,,27,965,33,28.8,
24.06.23 10:25:38,21.1,239.71,209,201.47,255.38,205.11,250.51,222.27,246.31,244.94,247.33,245.75,222.66,232.5,232.77,233.47,242.85,232.68,221.06,208.8,240.82,231.05,252.1,242.89,241.62,,27,965,33,28.8,
24.06.23 10:25:54,21.37,248.19,228.23,208.8,255.07,223.42,249.91,237.69,243.08,255.67,261.45,260.29,231.59,248.65,241.03,235.82,250.61,239.24,238.85,220.55,244.56,241.37,260.71,256.7,248.76,,27,965,33,28.8,
24.06.23 10:26:09,21.62,257.73,237.93,206.53,249.91,219.95,252.62,241.24,254.92,246.46,265.82,262.75,244.2,234.87,243.11,237.89,244.93,241.04,240.35,229,257.48,237.52,259.78,260.66,258.1,,27,965,33,28.79,
24.06.23 10:26:24,21.87,252.17,225.9,219.39,252.64,224.01,262.68,240.65,247.79,255.06,253.74,263.05,228.41,242.02,239.84,222.11,245.52,247.69,243.07,222.87,252.72,252.48,268.82,250.66,250.55,,27,965,33,28.79,
24.06.23 10:26:39,22.12,261.77,234.09,222,263.06,225.17,260.53,235.93,240.74,242.21,243.1,262.13,239.47,251.08,257.9,230.83,244.63,235.35,255,227.83,259.71,242.26,259.16,257.92,246.67,,27,965,33,28.79,
24.06.23 10:26:54,22.37,237.9,228.81,208.52,242.99,219.66,249.3,243.62,246.9,244.94,250.07,257.54,234.5,241.42,241.33,231.12,250,239.84,234.65,219.1,256.52,246.15,261.33,247.96,244.58,,27,965,33,28.78,
24.06.23 10:27:09,22.62,237.9,213.82,206.53,242.1,215.06,251.71,240.65,246.61,239.19,255.27,254.8,241.83,229.85,243.71,239.37,237.24,242.24,244.28,222.29,239.89,239,256.08,251.26,249.65,,27,965,33,28.78,
24.06.23 10:27:24,22.87,260.21,227.35,205.69,248.1,222.55,246.6,237.99,243.96,250.13,256.5,251.16,235.96,239.03,244.6,224.71,251.81,236.84,240.95,217.95,253.99,245.55,262.26,253.37,250.25,,27,965,33,28.78,
24.06.23 10:27:39,23.12,256.18,225.9,205.4,260.59,222.55,267.31,243.02,252.83,251.36,258.36,263.67,239.18,238.43,241.62,238.19,248.51,243.75,238.24,221.71,245.18,247.95,270.39,253.07,248.46,,27,965,33,28.76,
24.06.23 10:27:54,23.37,247.28,229.69,218.53,251.12,215.34,266.08,246.01,248.67,254.44,257.74,256.32,235.96,238.73,233.94,228.49,234.02,239.84,239.75,228.42,254.3,241.67,250.88,244.67,253.26,,27,965,33,28.76,
24.06.23 10:28:09,23.62,242.72,225.03,205.12,246.59,223.72,255.65,230.08,242.2,240.39,242.5,242.47,221.24,230.73,238.07,235.23,238.42,227.37,233.16,219.68,238.65,240.48,258.24,243.19,247.56,,27,965,33,28.76,
24.06.23 10:28:24,23.87,248.8,233.5,212.22,247.19,228.68,259.62,248.7,246.31,247.68,258.97,260.59,238.3,248.95,239.55,240.27,244.03,244.65,248.55,228.42,250.51,249.15,261.02,256.4,243.99,,27,965,33,28.76,
24.06.23 10:28:39,24.12,251.56,226.48,213.93,251.42,220.82,257.17,243.02,246.31,260.65,254.66,261.21,231.59,251.38,253.33,237.6,247.31,233.87,244.59,229,256.52,244.35,260.09,259.74,245.47,,27,965,33,28.75,
24.06.23 10:28:54,24.37,240.31,226.48,205.4,251.42,215.06,253.23,226.88,236.38,244.94,244.31,250.56,228.12,220.53,226.65,228.49,243.44,234.76,236.74,219.97,241.75,235.16,253.32,248.26,239.26,,27,965,33,28.75,
24.06.23 10:29:10,24.63,254.63,223.87,213.36,246.89,213.05,259.92,242.13,241.03,250.13,240.99,259.68,223.24,232.21,249.1,228.78,243.44,238.34,234.95,215.94,249.57,250.36,264.75,245.57,241.92,,27,965,33,28.75,
24.06.23 10:29:25,24.88,249.72,229.4,223.74,254.46,216.49,268.87,238.87,246.9,259.09,256.81,268.93,232.75,245.32,242.22,242.35,249.4,251.34,237.94,233.72,249.25,246.45,264.44,250.96,248.76,,27,965,33,28.74,
24.06.23 10:29:40,25.13,258.35,222.42,222.58,246.59,215.34,263.3,231.53,253.42,243.12,254.97,246.05,224.95,241.72,240.14,234.94,238.42,241.64,234.35,222.29,254.3,244.05,258.24,240.23,249.36,,27,965,33,28.75,
24.06.23 10:29:55,25.38,241.51,231.74,213.64,247.49,225.75,267.62,253.83,246.61,244.63,266.13,249.05,232.75,239.33,246.7,237.6,246.71,235.35,239.15,219.97,250.83,247.35,266.94,257.31,252.36,,27,965,33,28.74,
24.06.23 10:30:10,25.63,256.18,225.9,212.22,247.8,217.07,264.84,229.79,238.12,241.91,252.51,251.46,227.25,230.73,236.3,237.89,234.9,230.02,232.26,220.55,244.24,239.29,258.85,241.11,243.1,,27,965,33,28.74,
24.06.23 10:30:25,25.88,254.32,219.26,206.53,242.69,216.78,259.92,236.81,248.67,249.52,249.16,255.71,228.12,245.63,247.3,234.05,240.78,233.57,237.04,222.87,251.77,243.75,261.02,245.57,248.76,,27,965,33,28.75,
24.06.23 10:30:40,26.13,254.02,234.68,215.08,252.64,216.49,276.68,238.87,244.84,251.66,251.6,254.8,234.79,241.12,248.2,240.27,237.83,230.31,244.59,220.84,250.51,234.27,269.76,254.27,247.56,,27,965,33,28.74,
24.06.23 10:30:55,26.38,258.66,218.68,211.36,240.9,221.39,254.44,239.76,242.2,246.16,254.97,264.9,219.81,242.92,246.1,234.94,234.6,240.74,235.55,217.37,245.8,238.4,257.31,251.86,244.29,,27,965,33,28.72,
24.06.23 10:31:10,26.63,263.96,229.98,217.95,253.55,213.63,267.62,236.22,241.03,255.37,238.3,246.05,221.52,239.33,246.4,239.37,238.12,239.84,233.16,220.55,253.67,236.34,262.26,250.36,244.29,,27,965,33,28.72,
24.06.23 10:33:14,28.7,292.8,202.83,217.95,250.51,211.63,251.41,239.17,273.76,255.67,232.64,247.55,233.04,239.03,246.1,231.41,234.6,210.57,231.67,222.58,261.63,224.08,252.1,256.4,240.44,,27,965,33,28.79,
24.06.23 10:33:29,28.95,250.33,216.68,211.07,249.61,199.5,261.15,228.04,233.49,242.51,232.64,255.4,223.52,228.97,234.53,209.84,229.08,233.87,209.21,193.4,261.95,225.23,260.09,250.36,263.29,,27,965,33,28.79,
24.06.23 10:33:44,29.2,232.23,198.37,202.03,255.68,208.22,283.97,228.62,242.49,260.65,235.91,253.28,239.18,236.35,228.1,277.37,259.38,221.23,257.47,219.68,241.75,207.28,267.25,260.97,252.36,,27,965,33,28.8,
24.06.23 10:33:59,29.45,269.3,231.44,234.31,287.67,218.79,267.62,259.31,249.56,253.2,276.55,278.65,236.83,245.32,235.12,236.71,253.31,245.26,249.77,225.49,261.95,255.82,261.95,260.66,263.29,,27,965,33,28.83,
24.06.23 10:34:14,29.7,270.25,219.83,234.9,254.77,217.35,266.08,254.74,250.45,261.58,255.58,262.13,221.52,241.42,268.38,208.99,254.22,224.14,253.76,233.42,248,227.26,258.85,259.44,270.08,,27,965,33,28.85,
24.06.23 10:34:29,29.95,236.11,229.98,207.95,223.58,226.92,263.91,250.51,267.92,231.41,251.9,286.6,229.85,243.52,247.9,249.25,252.71,253.18,262.14,231.65,274.91,239.29,262.57,247.96,265.75,,27,965,33,28.86,
24.06.23 10:34:44,30.2,233.42,234.68,208.23,249.3,237.54,272.92,269.8,259.72,259.09,245.82,266.14,220.95,217.93,243.41,248.35,262.74,231.2,243.07,224.91,258.12,241.96,267.87,257.92,271.32,,27,965,33,28.88,
24.06.23 10:34:59,30.45,243.63,236.16,214.22,258.44,230.44,255.65,286.84,256.71,263.15,265.82,289.49,250.75,237.84,246.7,236.41,258.16,253.79,248.55,225.78,271.65,239.29,284.07,283.09,245.47,,27,965,33,28.88,
24.06.23 10:35:14,30.7,250.33,199.76,207.95,254.46,204.27,266.38,252.32,275.3,262.83,254.66,262.75,231.88,224.01,217.45,226.16,257.86,259.65,233.16,226.37,243.93,233.69,286.33,227.08,237.5,,27,965,33,28.9,
24.06.23 10:35:29,30.95,293.79,223.58,217.09,255.07,190.37,244.51,259,263.65,240.39,233.24,247.85,230.14,243.82,266.52,231.41,225.61,248.6,205.5,224.62,243.31,236.93,263.5,259.44,249.95,,27,965,33,28.9,
24.06.23 10:35:44,31.2,250.64,222.42,208.23,254.16,211.63,260.84,232.7,240.74,236.78,249.16,240.39,228.98,227.8,223.47,239.67,259.99,231.5,230.78,215.65,273.6,250.96,256.39,248.56,255.98,,27,965,33,28.9,
24.06.23 10:35:59,31.45,210.05,252.03,183.53,250.51,196.44,244.81,257.78,266.7,211.81,269.9,262.44,208.55,265.86,222.32,227.32,242.85,232.68,235.25,208.8,248.62,217.18,249.05,253.67,243.1,,27,965,33,28.93,
24.06.23 10:36:14,31.7,290.84,265.54,240.56,263.68,237.54,296.85,255.96,299.64,308.97,288.12,281.5,260.73,259.97,284.13,247.45,265.51,260.27,266.53,236.98,281.49,260.1,297.08,272.71,259.02,,27,965,33,28.91,
24.06.23 10:36:30,31.97,267.41,232.03,207.67,274.61,251.69,268.55,263.61,285.93,269.76,266.76,269.56,272.42,272.13,264.35,249.56,242.85,284.32,254.69,232.24,260.67,234.86,285.04,273.33,256.89,,27,965,33,28.93,
24.06.23 10:36:45,32.22,238.2,217.53,224.62,239.12,225.17,274.17,262.99,251.64,234.69,223.53,274.87,231.88,267.43,285.41,250.46,252.11,236.55,237.04,219.97,268.72,250.06,267.25,264.65,278.83,,27,965,33,28.93,
24.06.23 10:37:00,32.47,230.15,219.54,209.94,210.7,206.81,252.02,240.94,257.31,245.24,230.28,265.83,213.59,255.35,244.6,283.73,240.48,235.06,226.64,212.79,240.51,231.64,261.95,249.45,249.95,,27,965,33,28.93,
24.06.23 10:37:15,32.72,256.49,236.45,231.06,243.89,198.11,278.58,267.93,255.22,299.6,252.21,244.86,216.98,248.35,258.51,268.58,260.3,250.73,235.25,225.78,276.55,252.48,276.4,273.02,276.31,,27,965,33,28.96,
24.06.23 10:37:30,32.97,269.93,232.33,255.1,246.89,206.81,285.24,243.62,253.42,232,266.76,247.55,234.79,257.5,241.33,277.06,269.84,242.54,236.15,216.22,248.31,247.65,265.06,257.92,259.32,,27,965,33,28.96,
24.06.23 10:37:45,33.22,254.94,270.21,190.64,248.7,191.19,258.39,266.69,279.65,254.75,228.51,248.75,250.75,247.44,238.07,221.82,244.93,258.72,219.9,227.24,272.3,259.18,278.94,278.98,291.23,,27,965,33,28.97,
24.06.23 10:38:00,33.47,231.93,226.19,200.63,231.74,190.92,268.55,247.2,240.16,241.3,270.84,266.45,254.96,238.43,243.11,249.25,245.22,213.72,231.08,216.8,246.74,255.82,261.95,266.19,276.63,,27,965,33,28.97,
24.06.23 10:38:15,33.72,232.82,223.58,188.44,260.59,209.35,269.8,267.31,252.83,258.78,274.64,249.96,275.85,259.35,240.14,215.23,246.12,224.73,231.97,233.72,253.35,239.29,284.39,265.26,262.07,,27,965,33,28.97,
24.06.23 10:38:30,33.97,258.35,232.62,236.09,271.78,226.05,285.88,275.74,295.46,307.96,264.26,291.43,252.55,231.32,265.59,238.78,267.67,237.74,249.16,240.86,270.02,243.75,269.76,279.29,283.57,,27,965,33,29,
24.06.23 10:38:45,34.22,285.63,238.23,239.07,245.09,213.91,288.77,235.34,243.67,284.5,283.27,231.57,257.38,263.38,236.3,268.89,252.41,247.38,245.19,240.86,254.94,247.35,261.02,279.29,279.46,,27,965,33,29,
24.06.23 10:39:00,34.47,276.93,206.75,230.18,237.34,193.95,277.94,256.87,236.09,276.45,251.29,283.73,222.95,240.52,242.52,245.94,256.64,229.13,244.28,218.24,261.95,227.26,255.47,271.46,255.98,,27,965,33,29.01,
24.06.23 10:39:15,34.72,292.15,204.22,217.09,260.9,186.26,260.53,254.74,248.97,233.79,318.71,253.89,246.27,231.91,247.9,244.74,255.43,255.02,229.89,213.64,257.8,230.47,256.08,263.42,278.51,,27,965,33,29.01,
24.06.23 10:39:30,34.97,252.17,212.12,200.07,251.12,204.27,249.3,275.74,230.9,241.91,248.24,254.49,208.83,224.01,240.44,231.7,264.89,222.98,225.17,194.78,262.92,216.9,263.5,266.5,256.59,,27,965,33,29.01,
24.06.23 10:39:45,35.22,248.8,210.7,221.71,274.29,215.06,265.15,232.41,245.43,278.69,271.16,272.99,217.83,238.73,218.02,207.86,265.2,247.38,228.41,218.53,248,231.05,260.4,273.95,252.36,,27,965,33,29.01,
24.06.23 10:40:00,35.47,269.62,215.53,220.26,252.94,233.09,279.52,249.61,259.42,268.18,221.2,281.19,221.81,233.39,226.94,263.61,254.83,232.68,248.24,221.13,255.25,232.81,282.46,270.53,273.5,,27,965,33,29.03,
24.06.23 10:40:15,35.72,290.84,216.39,197.56,262.44,208.22,256.56,244.51,227.19,234.69,233.24,271.74,223.52,252.3,248.2,219.52,243.14,231.5,233.75,206.53,266.14,211.22,264.75,257.61,263.91,,27,965,33,29.01,
24.06.23 10:40:30,35.97,214.65,238.82,225.49,293.49,188.99,264.84,271.36,246.31,251.36,261.14,265.83,261.95,253.82,238.66,247.14,257.86,245.56,237.34,215.65,268.4,223.5,255.47,255.18,263.29,,27,965,33,29.03,
24.06.23 10:40:45,36.22,280.14,220.98,196.72,234.68,218.22,258.39,270.42,248.67,258.16,261.45,278.34,228.98,234.87,263.42,232,251.81,255.64,239.45,234.61,276.88,255.82,276.08,265.88,281.03,,27,965,33,29.03,
24.06.23 10:41:00,36.47,233.42,205.06,193.67,278.72,182.45,247.8,230.37,252.53,236.78,246.12,268.31,206.33,223.13,215.74,217.51,244.03,208,223.4,186.8,250.83,236.93,241.51,235.23,243.99,,27,965,33,29.04,
24.06.23 10:41:15,36.72,261.46,233.5,222.87,260.9,213.05,245.11,255.35,262.44,269.44,249.16,293.04,227.54,240.82,252.42,233.47,261.21,248.29,267.79,211.93,287.13,239.88,285.04,282.77,279.14,,27,965,33,29.04,
24.06.23 10:41:30,36.97,268.67,223.58,205.97,244.79,224.01,269.18,252.62,247.79,271.35,230.57,290.46,244.2,260.9,216.02,242.05,260.6,243.75,254.07,195.61,275.89,235.16,273.23,245.27,278.51,,27,965,33,29.05,
24.06.23 10:41:45,37.22,270.88,248.4,198.39,274.92,216.78,277.94,260.53,259.72,266.6,279.74,278.97,274.92,251.99,267.45,242.35,282.06,264.32,240.35,239.97,273.93,259.18,301.04,287.87,272.88,,27,965,33,29.05,
24.06.23 10:42:01,37.48,209.19,218.11,224.62,222.71,190.92,249,217.41,233.78,231.11,233.83,259.37,235.08,244.42,238.95,192.58,230.53,203.47,232.86,211.64,245.49,227.55,260.71,239.05,249.65,,27,965,33,29.05,
24.06.23 10:42:16,37.73,265.52,209.85,215.94,235.27,201.74,279.52,253.53,247.49,246.46,258.36,284.69,254.66,242.62,256.07,230.24,268.6,224.73,233.16,212.5,266.14,261.33,292.17,282.14,259.63,,27,965,33,29.08,
24.06.23 10:42:31,37.98,250.64,200.32,197.84,239.42,217.35,279.21,246.01,274.07,224.02,257.12,301.85,232.46,239.03,265.9,267.02,271.7,258.42,238.24,207.38,265.81,222.92,253.32,273.02,253.26,,27,965,33,29.1,
24.06.23 10:42:46,38.23,257.73,248.7,231.06,282.86,183.54,301.42,260.23,272.83,252.9,291.37,324.59,257.69,239.33,262.19,261.45,268.29,257.8,255,227.83,251.77,265.34,288.92,261.58,287.07,,27,965,33,29.11,
24.06.23 10:43:01,38.48,243.63,220.69,221.42,238.23,210.21,252.02,254.74,256.11,270.08,248.24,265.52,245.68,255.05,270.56,247.75,273.26,267.45,229,225.2,256.52,259.79,277.67,253.97,277.57,,27,965,33,29.13,
24.06.23 10:43:16,38.73,250.33,218.97,190.64,211.83,233.39,238.58,275.11,245.72,246.77,255.27,254.49,210.79,254.13,228.69,233.47,248.81,230.02,205.21,184.34,238.04,214.05,274.49,252.46,255.98,,27,965,33,29.13,
24.06.23 10:43:31,38.98,241.21,222.13,212.22,254.16,189.27,269.49,262.07,246.61,249.52,257.12,252.67,245.09,210.77,232.19,249.86,239.89,226.19,221.65,216.51,261.63,237.81,271.02,246.46,266.99,,27,965,33,29.15,
24.06.23 10:43:46,39.23,285.63,209.29,220.84,273.03,184.62,264.53,239.46,256.11,271.98,251.9,255.4,208.83,232.8,247.9,225,248.21,238.94,244.28,209.37,239.58,229.59,243.01,252.76,259.93,,27,965,33,29.16,
24.06.23 10:44:01,39.48,265.52,221.85,218.24,241.2,188.45,306.03,242.73,234.93,257.84,248.85,294.66,231.01,268.68,250.61,231.12,262.44,251.04,230.19,209.37,251.46,259.18,279.58,259.13,264.83,,27,965,33,29.18,
24.06.23 10:44:16,39.73,294.45,212.97,218.24,264.61,201.18,266.08,235.63,238.12,252.9,250.37,288.53,231.01,247.74,246.1,255.32,251.51,222.1,235.55,202.31,268.72,244.95,262.26,254.58,246.67,,27,965,33,29.19,
24.06.23 10:44:31,39.98,247.28,210.7,185.43,234.68,219.08,240.94,222.27,255.52,262.52,232.94,246.35,222.95,257.2,259.73,214.37,249.4,218.62,218.73,186.52,226.11,224.94,233.46,219.34,241.32,,27,965,33,29.21,
24.06.23 10:44:46,40.23,244.24,253.55,178.11,235.86,192.84,280.47,267.31,287.19,247.07,243.1,257.23,238.3,254.44,235.41,237,257.86,227.07,241.26,225.49,258.12,239.88,280.22,252.76,265.14,,27,965,33,29.21,
24.06.23 10:45:01,40.48,243.63,216.96,175.69,272.41,194.78,264.53,261.45,263.35,282.23,241.59,299.55,269.63,258.73,226.07,242.35,243.74,216.88,232.56,233.42,257.16,232.22,260.4,249.15,257.5,,27,965,33,29.22,
24.06.23 10:45:16,40.73,242.72,231.44,224.91,239.42,189.27,251.11,259.92,248.97,222.85,227.63,252.37,211.63,239.92,241.03,246.24,261.82,220.94,245.8,202.59,253.67,243.16,260.71,261.88,270.08,,27,965,33,29.24,
24.06.23 10:45:31,40.98,239.71,209.29,188.99,262.13,193.4,262.38,253.53,238.99,262.83,293.33,273.3,239.47,247.74,226.36,228.49,255.73,225.61,244.59,201.19,242.38,232.51,256.39,263.42,262.07,,27,965,33,29.25,
24.06.23 10:45:46,41.23,268.99,227.64,215.08,269.9,236.35,287.48,261.76,267,263.15,247.94,292.07,212.75,281.34,249.71,242.95,254.83,221.81,230.78,202.87,250.51,239.59,256.08,253.07,246.07,,27,965,33,29.26,
24.06.23 10:46:01,41.48,308.08,220.41,209.65,246.59,200.9,268.87,282.38,289.09,237.08,266.76,286.6,257.38,274.66,258.2,262.69,275.45,275.35,255.31,228.42,278.85,244.35,277.03,269.59,276,,27,965,33,29.26,
24.06.23 10:46:16,41.73,298.08,202.83,219.97,272.72,207.65,246.31,258.7,256.71,244.63,280.38,265.83,228.41,245.02,242.52,256.54,272.32,261.21,247.63,226.66,244.87,257.35,277.67,285.32,266.37,,27,965,33,29.26,
24.06.23 10:46:31,41.98,332.08,225.03,204.84,298.72,207.09,253.23,229.49,272.21,244.03,251.6,304.81,239.47,267.43,231.6,238.78,241.37,244.65,224.28,204,263.56,248.55,266.62,262.5,270.7,,27,965,33,29.26,
24.06.23 10:46:46,42.23,292.15,249.91,194.78,255.99,205.11,267.62,260.84,254.92,240.09,270.21,323.23,264.4,254.44,234.83,244.44,257.86,233.87,221.06,198.11,270.02,218.9,263.81,256.7,254.47,,27,965,33,29.26,
24.06.23 10:47:01,42.48,303.06,233.8,198.39,266.78,203.99,247.5,246.9,261.84,290.69,276.87,288.53,252.25,259.04,257.59,241.16,262.13,253.49,237.64,198.39,265.49,249.45,270.39,264.65,274.44,,27,965,33,29.29,
24.06.23 10:47:16,42.73,281.42,233.5,193.95,244.49,211.06,246.6,265.46,260.32,263.15,275.91,267.69,256.47,270.56,212.05,263.3,248.21,252.87,247.94,229,261.95,229.3,268.19,241.11,270.7,,27,965,33,29.29,
24.06.23 10:47:31,42.98,308.76,248.4,254.18,294.14,226.63,305.37,292.31,274.07,281.91,295.95,311.78,273.67,296.89,270.87,276.11,276.07,249.51,268.11,240.86,296.54,255.21,271.33,293.66,306.85,,27,965,33,29.29,
24.06.23 10:47:46,43.23,257.11,240.31,209.37,255.99,184.35,248.1,253.23,261.84,270.39,279.1,278.65,211.63,276.56,230.72,226.45,259.69,220.94,232.26,205.69,260.35,241.96,242.41,238.46,275.06,,27,965,33,29.29,
24.06.23 10:48:01,43.48,289.53,248.1,252.05,296.1,234.87,274.17,268.24,295.14,258.16,268.95,285.33,241.53,278.47,288.94,277.69,260.91,264.32,255,251.74,283.81,264.1,305.02,294.3,287.38,,27,965,33,29.32,
24.06.23 10:48:16,43.73,267.1,232.62,212.5,276.19,197,265.77,262.68,285.3,292.99,276.23,280.87,259.2,250.17,244.31,252.28,270.46,251.04,258.72,214.79,279.84,227.55,303.36,252.76,278.51,,27,965,33,29.3,
24.06.23 10:48:32,44,257.11,228.81,200.35,245.39,224.01,277.63,219.4,255.22,257.53,281.34,281.5,235.96,255.66,241.92,249.25,256.95,231.5,233.16,211.64,242.69,223.21,257.62,257.92,257.8,,27,965,33,29.33,
24.06.23 10:48:47,44.25,290.18,252.03,196.17,264.92,205.68,285.24,264.53,253.42,244.03,281.66,245.45,239.18,257.2,241.62,242.05,252.41,220.94,249.16,224.91,268.72,257.04,290.54,282.46,269.46,,27,965,33,29.33,
24.06.23 10:49:02,44.5,255.87,222.71,183.8,279.04,192.02,264.22,245.11,268.22,234.99,274.64,274.87,248.36,249.26,239.55,236.41,241.37,254.41,224.87,200.91,260.35,236.04,253.93,253.97,251.76,,27,965,33,29.35,
24.06.23 10:49:17,44.75,280.46,275.55,230.18,284.78,253.21,293.93,340.35,293.22,278.05,293.66,295.96,271.18,289.07,271.18,296.33,282.06,243.75,285.06,232.54,273.28,287.41,289.89,307.05,297.04,,27,965,33,29.36,
24.06.23 10:49:32,45,278.21,263.37,183.53,272.09,193.12,270.73,266.69,276.23,250.44,246.73,310.11,252.55,238.43,246.1,240.27,244.03,217.75,232.56,211.36,261.63,262.25,297.41,272.08,259.32,,27,965,33,29.36,
24.06.23 10:49:47,45.25,225.14,246.59,193.4,288.96,211.91,283.01,267.31,273.14,268.18,318.71,257.23,297.83,247.74,254.85,244.14,290.67,249.82,259.65,219.39,289.47,255.21,288.59,260.97,288.98,,27,965,33,29.36,
24.06.23 10:50:02,45.5,268.67,233.8,224.62,253.25,185.71,251.41,249.3,248.38,234.99,268.33,256.32,235.66,225.75,255.46,231.41,248.21,201.77,236.74,213.07,253.35,234.86,280.54,237.57,250.85,,27,965,33,29.36,
24.06.23 10:50:17,45.75,243.93,217.53,208.52,250.82,210.21,273.54,266.08,253.13,244.33,275.59,269.56,273.05,268.05,250.01,241.46,239.6,253.18,241.86,207.38,272.95,227.84,274.81,259.13,254.17,,27,965,33,29.38,
24.06.23 10:50:32,46,272.47,222.42,218.82,244.49,175.71,255.35,237.99,273.76,249.52,265.82,267.69,257.99,252.6,261.58,264.85,241.66,231.2,246.72,209.65,271.32,264.1,279.9,248.56,260.54,,27,965,33,29.38,
24.06.23 10:50:47,46.25,319.28,215.53,218.82,256.29,224.88,284.29,267.62,264.87,243.72,271.16,285.96,250.75,246.83,265.9,250.77,250.61,249.21,255.93,217.95,266.46,233.1,276.71,283.41,262.07,,27,965,33,29.39,
24.06.23 10:51:02,46.5,247.58,246.29,226.95,277.13,205.96,284.6,280.79,297.39,240.39,294.31,302.5,266.85,231.62,250.61,263.61,275.45,239.84,258.41,222.29,252.72,239,263.81,278.03,280.09,,27,965,33,29.39,
24.06.23 10:51:17,46.75,283.36,230.86,213.07,295.77,213.05,254.74,290.7,288.45,294.63,270.84,254.8,263.48,268.68,242.52,283.41,253.62,233.57,244.89,230.18,296.54,251.57,276.08,273.33,280.09,,27,965,33,29.4,
24.06.23 10:53:25,48.88,264.27,234.09,200.91,256.91,210.77,276.05,253.53,264.26,263.15,271.47,274.24,242.12,257.2,249.4,246.24,253.31,235.06,242.77,207.38,259.71,241.67,271.33,256.4,259.93,,27,965,33,29.13,
24.06.23 10:53:40,49.13,262.7,233.21,201.19,255.68,211.06,273.86,253.23,263.65,261.89,270.53,272.99,241.24,254.74,248.5,246.84,253.31,234.46,240.95,207.67,259.07,241.07,269.76,255.79,259.02,,27,965,33,29.11,
24.06.23 10:53:55,49.38,261.77,231.74,200.63,253.85,210.49,271.98,252.32,263.05,261.27,269.58,272.05,239.77,253.52,246.7,245.94,252.11,233.57,239.45,207.38,257.8,239.29,268.5,254.27,258.1,,27,965,33,29.11,
24.06.23 10:54:10,49.63,260.21,231.44,200.63,253.55,210.49,270.73,251.41,261.53,260.65,268.64,270.18,239.18,251.99,247.3,244.14,251.51,232.09,237.34,207.67,256.84,238.4,267.87,254.27,258.1,,27,965,33,29.1,
24.06.23 10:54:25,49.88,260.52,230.86,200.35,252.33,210.21,269.8,250.21,261.53,260.02,268.33,269.56,239.47,250.47,247,243.25,251.51,231.2,236.15,206.82,255.89,237.22,267.87,253.37,256.59,,27,965,33,29.08,
24.06.23 10:54:40,50.13,258.04,229.4,200.07,251.73,209.92,268.87,248.7,259.42,258.47,266.13,268.31,237.13,248.95,246.7,242.65,250,229.43,234.95,206.25,254.3,236.63,266.62,251.26,255.68,,27,965,33,29.07,
24.06.23 10:54:55,50.38,256.8,229.1,200.35,252.03,209.35,267.31,247.8,259.42,257.22,265.82,266.45,237.42,248.65,244.31,241.75,250,229.13,234.05,206.25,252.72,235.45,264.75,249.75,254.47,,27,965,33,29.04,
24.06.23 10:55:10,50.63,256.18,228.52,199.23,250.21,208.22,265.77,247.8,258.82,256.6,263.32,264.9,236.25,247.44,244.6,241.16,249.11,227.66,231.67,205.69,253.35,234.57,264.13,248.26,253.86,,27,965,33,29.04,
24.06.23 10:55:25,50.88,255.25,228.52,199.51,249.3,208.5,264.53,246.9,256.71,255.37,263.01,263.67,234.2,245.63,243.71,239.37,248.81,227.66,230.78,205.69,252.72,233.1,264.44,247.36,253.86,,27,965,33,29.01,
24.06.23 10:55:41,51.15,254.63,227.35,199.23,248.4,208.22,263.61,245.71,255.82,252.59,261.14,262.44,233.62,244.42,243.11,238.19,248.51,226.19,229.89,205.69,251.77,232.22,263.19,245.57,252.06,,27,965,33,29.01,
24.06.23 10:55:56,51.4,254.02,226.19,198.95,248.1,207.94,264.22,246.6,256.11,251.66,259.9,261.21,232.17,242.92,242.81,237.89,247.31,225.31,229.3,205.4,251.77,231.34,261.95,244.97,251.46,,27,965,33,28.99,
24.06.23 10:56:11,51.65,251.86,225.9,198.67,246.89,207.65,261.76,243.32,255.52,250.44,259.28,260.59,231.01,242.02,241.62,237.6,246.71,224.44,228.11,204,250.51,230.76,261.64,244.38,250.25,,27,965,33,28.97,
24.06.23 10:56:26,51.9,250.33,224.74,198.39,245.39,207.09,259.92,240.94,254.32,249.82,258.66,259.37,229.56,239.92,240.73,237,244.63,225.31,226.93,204.84,248.62,229.88,260.71,243.19,249.36,,27,965,33,28.96,
24.06.23 10:56:41,52.15,249.41,224.16,198.11,244.49,206.24,259,240.35,252.83,248.6,256.81,258.76,228.69,239.62,240.44,236.71,245.22,220.94,225.46,203.71,248,229.88,259.78,242,249.06,,27,965,33,28.96,
24.06.23 10:56:56,52.4,249.11,223.29,198.39,243.89,207.37,258.7,239.17,251.64,248.6,255.27,258.15,228.12,239.33,239.55,237.3,244.33,219.78,226.34,204,247.37,229.59,258.55,241.71,247.86,,27,965,33,28.93,
24.06.23 10:57:11,52.65,247.89,221.85,197.56,242.69,206.52,257.48,239.17,250.15,247.38,254.97,256.01,226.96,237.24,238.66,235.82,243.14,218.91,226.05,203.71,246.43,227.55,257.93,241.41,246.37,,27,965,33,28.91,
24.06.23 10:57:26,52.9,246.97,222.42,197.84,241.5,207.37,256.26,238.58,250.75,246.16,254.35,254.8,226.96,235.76,238.07,235.53,241.66,220.36,225.75,203.15,245.8,227.26,257.62,241.41,245.47,,27,965,33,28.9,
24.06.23 10:57:41,53.15,245.45,220.41,197.56,240.9,205.96,255.65,238.28,248.97,244.63,252.21,253.89,225.81,235.46,237.48,234.05,241.96,218.91,224.58,203.71,244.87,225.81,256.08,238.46,244.88,,27,965,33,28.89,
24.06.23 10:57:56,53.4,244.54,220.12,196.72,240.31,205.39,255.04,237.99,248.97,242.81,250.98,252.37,224.95,234.27,237.77,232.88,241.07,218.33,224.28,202.31,244.24,224.65,255.47,237.28,243.69,,27,965,33,28.86,
24.06.23 10:58:11,53.65,242.42,219.26,197,239.42,206.24,254.74,235.93,248.08,243.12,249.16,252.07,227.25,232.5,236,232.29,240.19,216.59,224.28,202.87,243.31,224.37,255.16,237.57,243.1,,27,965,33,28.85,
24.06.23 10:58:26,53.9,241.82,218.68,196.72,239.12,205.39,255.04,235.34,246.02,241.6,248.85,250.56,225.24,231.03,234.83,231.7,240.19,216.02,223.4,202.03,243.31,223.21,253.63,236.4,242.8,,27,965,33,28.83,
24.06.23 10:58:41,54.15,241.51,217.53,196.44,237.04,205.39,253.83,235.93,245.72,240.7,247.33,249.96,223.52,230.44,235.41,229.95,240.78,215.73,222.53,202.31,242.06,222.35,253.32,235.81,241.62,,27,965,33,28.83,
24.06.23 10:58:56,54.4,241.82,217.25,196.44,236.75,205.11,252.92,234.46,245.13,239.79,247.33,247.25,222.38,229.26,234.83,229.66,240.19,213.43,222.53,202.31,242.38,222.35,252.4,234.64,241.03,,27,965,33,28.82,
24.06.23 10:59:11,54.65,241.51,215.25,195.89,235.86,204.83,252.62,233.29,244.55,238.89,246.42,246.65,222.66,228.09,234.24,229.36,239.89,213.43,221.06,201.75,241.44,221.77,252.4,232.89,239.26,,27,965,33,28.79,
24.06.23 10:59:26,54.9,241.82,216.1,195.89,235.27,204.55,251.11,232.12,242.79,237.08,244.31,244.86,220.95,228.09,233.94,228.2,239.6,211.71,221.36,201.19,241.13,220.62,252.1,230.85,238.08,,27,965,33,28.78,
24.06.23 10:59:41,55.15,242.42,214.11,195.89,234.68,204.55,249.61,230.08,243.08,236.78,243.1,243.66,219.25,227.21,233.06,227.03,238.12,209.99,221.36,201.19,239.89,219.76,250.57,229.11,238.08,,27,965,33,28.78,
24.06.23 10:59:56,55.4,241.82,214.39,195.33,234.09,205.11,249,231.24,242.49,235.29,243.1,242.77,220.38,226.05,232.48,227.61,238.42,210.28,220.48,201.47,240.51,219.76,249.05,229.11,237.79,,27,965,33,28.76,
24.06.23 11:00:11,55.65,240.61,212.97,195.06,233.21,203.99,247.8,228.91,241.32,235.29,242.5,242.18,216.41,224.59,232.77,225.87,237.24,209.42,220.19,200.35,240.2,218.04,248.45,226.79,236.32,,27,965,33,28.76,
24.06.23 11:00:26,55.9,240.61,212.97,195.06,232.91,204.27,246.6,228.33,240.74,234.69,240.99,240.69,215.57,224.01,232.48,225.29,237.83,209.42,219.31,200.91,238.04,218.9,247.84,228.53,235.74,,27,965,33,28.72,
24.06.23 11:00:41,56.15,240.61,210.98,194.78,231.44,203.71,246.31,227.75,239.57,234.69,240.69,239.8,213.88,222.84,231.6,224.71,236.36,208.28,217.86,199.51,236.49,217.76,248.14,226.79,234.86,,27,965,33,28.72,
24.06.23 11:00:56,56.4,240.01,210.7,194.78,231.44,203.99,246.6,228.04,239.28,233.49,240.09,239.21,214.16,221.68,230.14,223.26,235.78,209.42,216.99,200.07,236.19,216.9,247.84,226.51,233.98,,27,965,33,28.69,
24.06.23 11:01:11,56.65,239.41,209.57,194.78,230.86,203.42,246.6,229.49,237.83,232.6,240.39,238.03,213.59,220.82,230.72,223.26,234.6,208.85,215.25,199.79,235.88,216.61,246.63,225.93,232.24,,27,965,33,28.68,
24.06.23 11:01:26,56.9,238.8,209,193.95,230.57,203.14,246.01,229.2,237.54,231.41,238,237.44,214.16,220.82,229.85,223.26,235.19,207.43,215.25,199.79,234.65,215.76,246.02,223.63,233.11,,27,965,33,28.68,
24.06.23 11:01:41,57.15,238.5,208.72,194.5,230.27,202.58,244.51,227.17,236.38,231.11,236.8,236.85,212.19,219.66,228.98,220.67,234.02,205.16,215.25,199.23,235.26,216.61,244.21,222.19,232.24,,27,965,33,28.65,
24.06.23 11:01:56,57.4,238.2,208.44,193.95,228.81,202.86,244.21,228.04,236.09,230.81,236.21,235.96,212.47,216.78,227.52,220.96,232.56,204.6,213.81,199.23,234.34,215.47,245.72,222.19,231.07,,27,965,33,28.65,
24.06.23 11:02:12,57.67,238.2,207.03,193.4,228.81,202.86,243.02,226.02,236.09,230.81,235.91,235.96,214.44,216.49,227.81,218.37,232.27,203.47,212.65,198.95,233.42,214.91,243.61,220.19,230.78,,27,965,33,28.64,
24.06.23 11:02:27,57.92,237.9,206.47,193.12,227.94,203.71,243.02,227.46,235.51,230.81,235.61,235.96,213.59,215.92,227.52,219.81,231.98,202.62,213.52,198.95,233.42,215.19,244.21,220.19,229.91,,27,965,33,28.61,
24.06.23 11:02:42,58.17,236.7,205.91,192.84,226.48,203.14,241.54,226.02,233.2,231.11,234.13,235.67,209.67,214.77,227.23,218.09,231.11,202.06,212.37,198.39,232.81,214.05,242.71,218.2,228.18,,27,965,33,28.61,
24.06.23 11:02:57,58.42,235.51,205.06,192.57,226.19,202.3,241.54,224,232.05,231.11,233.24,236.85,207.72,214.2,227.23,217.51,231.98,200.09,210.64,198.39,233.11,213.77,241.51,217.06,227.89,,27,965,33,28.61,
24.06.23 11:03:12,58.67,234.91,204.78,191.74,223.87,201.74,240.65,223.71,231.76,230.22,232.64,236.55,206.61,212.2,225.78,217.8,231.98,198.41,211.5,197.84,232.2,213.2,241.21,216.49,226.74,,27,965,33,28.58,
24.06.23 11:03:27,58.92,234.02,204.5,192.57,224.45,202.02,240.06,224.86,230.9,228.15,230.57,236.26,204.39,210.49,224.92,216.94,232.56,197.57,208.92,197.84,231.28,213.2,240.91,216.21,227.31,,27,965,33,28.58,
24.06.23 11:03:42,59.17,233.12,203.66,192.01,223.29,202.3,239.76,224.86,229.19,227.55,230.57,236.26,202.73,209.64,224.92,216.37,231.69,196.45,207.78,197.28,230.67,212.35,239.41,215.64,223.86,,27,965,33,28.55,
24.06.23 11:03:57,59.42,232.23,203.1,191.46,222.71,202.02,240.35,221.98,228.61,226.67,229.69,235.38,203,210.77,224.05,215.51,229.37,197.85,207.21,196.44,230.36,212.63,239.71,215.93,222.72,,27,965,33,28.54,
24.06.23 11:04:12,59.67,231.64,202.55,191.46,222.42,201.74,239.46,222.56,228.04,226.37,228.22,234.79,202.18,209.64,223.76,214.94,229.66,197.57,206.92,196.72,230.36,212.63,238.81,216.21,220.43,,27,965,33,28.54,
24.06.23 11:04:27,59.92,231.34,202.55,191.74,221.56,201.74,239.17,221.41,226.9,226.37,226.75,235.96,201.07,207.94,221.75,213.24,229.08,198.41,206.07,196.17,229.75,212.07,239.11,216.49,219.58,,27,965,33,28.51,
24.06.23 11:04:42,60.17,230.15,201.99,191.46,220.98,202.02,237.99,221.41,227.47,225.78,227.63,234.49,200.8,206.81,221.17,211.82,229.66,197.85,205.78,197,228.53,211.22,238.51,214.51,218.15,,27,965,33,28.51,
24.06.23 11:04:57,60.42,229.26,200.87,191.19,220.98,200.9,238.87,221.12,226.62,223.73,226.46,233.03,201.07,205.96,219.45,212.38,229.08,198.69,205.21,196.17,229.14,212.07,237.62,213.1,217.3,,27,965,33,28.5,
24.06.23 11:05:12,60.67,228.97,200.04,190.91,220.12,200.9,237.99,221.41,227.19,222.26,225.58,233.03,200.25,205.39,218.59,210.68,229.08,198.41,204.93,195.89,228.53,210.94,237.02,213.66,217.3,,27,965,33,28.47,
24.06.23 11:05:27,60.92,229.26,198.65,190.64,219.26,200.9,236.81,223.13,226.33,221.67,224.41,232.15,199.15,203.99,218.31,209.27,229.08,198.13,204.64,195.33,226.41,209.53,236.72,214.23,216.17,,27,965,33,28.47,
24.06.23 11:05:42,61.17,229.56,198.93,190.91,218.97,200.9,236.81,220.55,226.62,222.55,224.12,230.98,200.25,203.42,217.73,210.4,229.37,197.01,204.36,196.17,227.32,209.24,237.32,213.38,215.32,,27,965,33,28.46,
24.06.23 11:05:57,61.42,229.26,197.54,190.91,218.11,200.62,235.93,220.26,226.05,221.97,223.82,229.82,201.07,202.3,216.59,209.55,228.79,196.17,202.94,195.89,227.02,208.68,236.43,212.25,215.89,,27,965,33,28.43,
24.06.23 11:06:12,61.67,228.67,196.99,190.09,216.96,200.62,234.75,219.69,224.06,222.26,221.79,229.24,199.15,201.74,216.31,209.55,227.92,194.22,201.24,195.06,226.41,208.68,235.83,212.25,214.47,,27,965,33,28.43,
24.06.23 11:06:27,61.92,228.08,196.16,189.81,216.68,200.34,233.58,220.26,223.49,221.09,222.66,228.65,198.33,200.34,216.88,208.14,226.19,191.45,201.53,194.78,225.5,209.81,235.54,211.69,213.35,,27,965,33,28.43,
24.06.23 11:06:42,62.17,228.08,196.99,189.81,216.96,200.06,232.41,221.41,223.21,219.63,222.08,228.65,201.07,200.06,218.02,207.3,226.76,190.34,200.68,194.23,224.89,208.4,234.64,211.41,214.19,,27,965,33,28.41,
24.06.23 11:06:57,62.42,228.08,197.54,188.99,216.68,200.06,231.82,221.41,223.21,219.63,220.91,228.94,199.15,200.06,216.31,206.46,227.63,190.07,200.4,194.78,225.5,207.56,233.76,211.13,213.07,,27,965,33,28.4,
24.06.23 11:07:13,62.68,226.61,197.54,189.54,215.25,200.34,231.24,221.41,223.21,218.76,220.62,227.78,196.14,199.5,216.02,205.33,226.76,190.34,199.83,194.78,224.59,206.44,232.57,210.85,213.35,,27,965,33,28.4,
24.06.23 11:07:28,62.93,224.84,196.99,188.71,214.96,199.5,229.79,221.12,222.64,218.76,218.02,227.2,195.32,199.23,212.9,203.93,226.48,189.52,198.99,194.5,224.29,205.87,232.57,209.44,211.94,,27,965,33,28.39,
24.06.23 11:07:43,63.18,226.61,195.61,188.99,213.82,199.5,229.2,220.84,221.8,219.92,218.31,225.75,194.78,198.67,212.33,203.38,225.32,190.07,197.86,193.67,224.89,205.04,232.57,207.77,212.22,,27,965,33,28.36,
24.06.23 11:07:58,63.43,226.31,195.05,188.71,214.11,199.23,227.75,219.69,220.95,220.21,216.86,224.6,195.05,199.23,212.62,202.54,224.17,190.34,197.58,193.67,223.99,204.48,231.98,206.65,211.94,,27,965,33,28.36,