"","Date","Plate","Sample.ID","Chamber.ID","Light","Intercept","umol.L.min"
"2","20230622","3","1","A1","1",187.776152882206,-0.750152968628472
"3","20230622","3","7","B1","1",191.3183728223,-0.913358885017424
"4","20230622","3","13","C1","1",189.541999278499,-1.01656854256854
"5","20230622","3","19","D1","1",195.679420806546,-1.35142255990649
"6","20230622","3","2","A2","1",183.215928118393,-0.670762508809019
"7","20230622","3","8","B2","1",196.467922625897,-0.908925504874874
"8","20230622","3","14","C2","1",190.175430718006,-0.821118415435836
"9","20230622","3","20","D2","1",194.494027149321,-0.961791855203617
"10","20230622","3","3","A3","1",175.95934320074,-1.01237280296022
"11","20230622","3","9","B3","1",193.973652173913,-0.974978916980145
"12","20230622","3","15","C3","1",195.457865296804,-0.606551894360112
"13","20230622","3","21","D3","1",193.614205989111,-0.897695099818508
"14","20230622","3","4","A4","1",183.26209926224,-0.827378940308518
"15","20230622","3","10","B4","1",178.965202741502,-0.509646012781326
"16","20230622","3","16","C4","1",190.856251217137,-0.398599805258035
"17","20230622","3","22","D4","1",185.859015606242,-1.1881200480192
"18","20230622","3","5","A5","1",192.328811127635,-0.383466013472137
"19","20230622","3","11","B5","1",187.357256874581,-0.553869885982559
"20","20230622","3","17","C5","1",191.469348088531,-0.55692555331992
"21","20230622","3","23","D5","1",190.283969918402,-1.23618998903909
"22","20230622","3","6","A6","1",190.954904032893,-0.254603096841915
"23","20230622","3","12","B6","1",185.016471015112,-0.755833689063435
"24","20230622","3","18","C6","1",192.169268518518,-1.02153658536585
"25","20230622","3","24","D6","1",189.070134021521,-0.588382468725398
"26","20230622","3","1","A1","2",186.912688145667,-0.705353271380725
"27","20230622","3","7","B1","2",184.940990430622,-0.40388516746411
"28","20230622","3","13","C1","2",181.236540392447,-0.419839170677525
"29","20230622","3","19","D1","2",194.002774770174,-0.545263193735103
"30","20230622","3","2","A2","2",160.041694468832,0.347954345917472
"31","20230622","3","8","B2","2",190.001544997629,-0.473188051209101
"32","20230622","3","14","C2","2",173.866801850048,-0.216929892891915
"33","20230622","3","20","D2","2",188.229437424495,-0.273971332484408
"34","20230622","3","3","A3","2",165.544626242096,-0.428822944896113
"35","20230622","3","9","B3","2",187.612046157593,-0.462013883814395
"36","20230622","3","15","C3","2",189.263435204232,-0.171461315645862
"37","20230622","3","21","D3","2",182.758034196406,-0.356151543844757
"38","20230622","3","4","A4","2",186.620581954887,-0.4477987696514
"39","20230622","3","10","B4","2",161.395222554444,0.0475474315306011
"40","20230622","3","16","C4","2",186.305300631096,-0.182348081401233
"41","20230622","3","22","D4","2",166.920671308109,-0.518691404826127
"42","20230622","3","5","A5","2",182.244774193549,0.0240148069804287
"43","20230622","3","11","B5","2",183.78597152839,-0.326366495793474
"44","20230622","3","17","C5","2",186.566485286865,-0.282517988340768
"45","20230622","3","23","D5","2",177.007686671224,-0.56595324675325
"46","20230622","3","6","A6","2",199.929423337856,-0.355793758480327
"47","20230622","3","12","B6","2",164.244678507273,0.0312017892994287
"48","20230622","3","18","C6","2",187.283189007,-0.675302048224011
"49","20230622","3","24","D6","2",179.679643694327,-0.127215658696667
"50","20230622","3","1","A1","3",220.215714285714,-1.34
"51","20230622","3","7","B1","3",197.737326086957,-0.632086956521743
"52","20230622","3","13","C1","3",130.955838461539,0.587969230769224
"53","20230622","3","19","D1","3",173.981578947369,-0.0581654135338379
"54","20230622","3","2","A2","3",157.155708695653,0.252678260869555
"55","20230622","3","8","B2","3",142.845555555556,0.412698412698403
"56","20230622","3","14","C2","3",144.242266666667,0.337859829059825
"57","20230622","3","20","D2","3",187.47645614035,-0.258385964912268
"58","20230622","3","3","A3","3",133.859798294401,0.187417130144603
"59","20230622","3","9","B3","3",217.732230769231,-0.993261538461544
"60","20230622","3","15","C3","3",159.042829775588,0.44759715380405
"61","20230622","3","21","D3","3",168.215923076923,-0.0802153846153901
"62","20230622","3","4","A4","3",155.621027667984,0.0861208356860539
"63","20230622","3","10","B4","3",201.563276923077,-0.775784615384625
"64","20230622","3","16","C4","3",191.285795652175,-0.316921739130451
"65","20230622","3","22","D4","3",133.619344729345,0.0340170940170956
"66","20230622","3","5","A5","3",216.816353846154,-0.682523076923078
"67","20230622","3","11","B5","3",135.936701449276,0.605947826086945
"68","20230622","3","17","C5","3",194.215719932242,-0.375448898927164
"69","20230622","3","23","D5","3",130.339684210527,0.342526315789469
"70","20230622","3","6","A6","3",219.474307692308,-0.65682051282052
"71","20230622","3","12","B6","3",184.864353383459,-0.510676691729322
"72","20230622","3","18","C6","3",187.373398692811,-0.541176470588251
"73","20230622","3","24","D6","3",102.585608695652,1.29634782608695
"74","20230622","3","1","A1","4",162.837611430681,-0.280318680980654
"75","20230622","3","7","B1","4",217.124710801394,-0.882006968641115
"76","20230622","3","13","C1","4",128.675641087973,0.505278340491042
"77","20230622","3","19","D1","4",135.045118577075,0.655309617918311
"78","20230622","3","2","A2","4",165.664832464901,0.0643182805036867
"79","20230622","3","8","B2","4",187.302775263952,-0.169230769230774
"80","20230622","3","14","C2","4",148.288384828862,0.234501387604068
"81","20230622","3","20","D2","4",187.546986385595,-0.245206851119889
"82","20230622","3","3","A3","4",131.644971775945,0.17056665219279
"83","20230622","3","9","B3","4",177.094893617021,-0.136806660499531
"84","20230622","3","15","C3","4",184.275434690799,0.00794932126697077
"85","20230622","3","21","D3","4",161.222928571428,0.0245510204081643
"86","20230622","3","4","A4","4",180.617252361674,-0.437036437246969
"87","20230622","3","10","B4","4",219.933976320111,-0.802934923515685
"88","20230622","3","16","C4","4",228.262105779903,-0.960104157773413
"89","20230622","3","22","D4","4",165.418098375055,-0.524268774703558
"90","20230622","3","5","A5","4",202.992922448979,-0.422334693877547
"91","20230622","3","11","B5","4",178.552577316803,-0.159568916619402
"92","20230622","3","17","C5","4",169.439110037632,0.0710421189752456
"93","20230622","3","23","D5","4",176.16571969697,-0.547032085561498
"94","20230622","3","6","A6","4",198.074889778286,-0.252182199352014
"95","20230622","3","12","B6","4",189.745536091815,-0.726614315916639
"96","20230622","3","18","C6","4",175.480717171717,-0.348049062049062
"97","20230622","3","24","D6","4",150.997044025158,0.330817610062887
"98","20230622","3","1","A1","5",114.526654332408,0.373330866481654
"99","20230622","3","7","B1","5",183.017439516129,-0.370887096774189
"100","20230622","3","13","C1","5",102.470894291755,0.888191684284705
"101","20230622","3","19","D1","5",165.139745048692,0.24833789254842
"102","20230622","3","2","A2","5",178.400766997707,-0.097032849503424
"103","20230622","3","8","B2","5",32.3823389103397,1.76770141570141
"104","20230622","3","14","C2","5",40.7310042406069,1.55189044647922
"105","20230622","3","20","D2","5",127.777929717341,0.534576012223076
"106","20230622","3","3","A3","5",112.884096618358,0.482719367588931
"107","20230622","3","9","B3","5",89.3435362505364,1.16099871299871
"108","20230622","3","15","C3","5",77.9354362108482,1.35875324675325
"109","20230622","3","21","D3","5",93.8626295918366,0.904216326530614
"110","20230622","3","4","A4","5",169.0763390426,-0.249949934123844
"111","20230622","3","10","B4","5",174.656757128383,-0.0927637863656024
"112","20230622","3","16","C4","5",191.131075630252,-0.375563025210087
"113","20230622","3","22","D4","5",45.8266445182729,1.0109634551495
"114","20230622","3","5","A5","5",184.80585052106,-0.182029960920548
"115","20230622","3","11","B5","5",111.745433403806,0.695089096949558
"116","20230622","3","17","C5","5",169.401249999999,0.128636363636377
"117","20230622","3","23","D5","5",140.271969540969,0.0023526383526419
"118","20230622","3","6","A6","5",196.906770527859,-0.120586510263925
"119","20230622","3","12","B6","5",161.48965063685,-0.331369952236212
"120","20230622","3","18","C6","5",101.453039811066,0.652008097165995
"121","20230622","3","24","D6","5",111.797054579093,0.872399629972249
"122","20230622","3","1","A1","6",149.955549682875,-0.0665116279069778
"123","20230622","3","7","B1","6",153.749042016807,-0.114597402597406
"124","20230622","3","13","C1","6",229.397065527066,-0.478998778998782
"125","20230622","3","19","D1","6",156.510921200751,0.375290806754219
"126","20230622","3","2","A2","6",211.52121657754,-0.384010695187169
"127","20230622","3","8","B2","6",176.180617638175,0.120392630625196
"128","20230622","3","14","C2","6",189.32521063921,-0.148643500643495
"129","20230622","3","20","D2","6",270.079444005271,-0.972859025032943
"130","20230622","3","3","A3","6",214.276453295401,-0.645955429113323
"131","20230622","3","9","B3","6",188.262644709486,-0.0299726447094833
"132","20230622","3","15","C3","6",129.466171122995,0.63629640947288
"133","20230622","3","21","D3","6",305.19105006105,-1.37736263736263
"134","20230622","3","4","A4","6",187.91986863711,-0.441948549534758
"135","20230622","3","10","B4","6",266.575093596059,-1.0775566502463
"136","20230622","3","16","C4","6",210.54981115503,-0.60179183135706
"137","20230622","3","22","D4","6",147.158445993032,-0.118801393728226
"138","20230622","3","5","A5","6",742.13090909091,-5.975012987013
"139","20230622","3","11","B5","6",104.849624685415,0.591719006455844
"140","20230622","3","17","C5","6",168.428684615385,0.190676923076922
"141","20230622","3","23","D5","6",237.341358463727,-0.970763394973921
"142","20230622","3","6","A6","6",301.946129773498,-1.23293139293139
"143","20230622","3","12","B6","6",171.655819993959,-0.537215342796737
"144","20230622","3","18","C6","6",182.195307164307,-0.231001287001284
"145","20230622","3","24","D6","6",127.729472329473,0.605194337194335
"146","20230622","3","1","A1","7",159.495904761904,-0.105904761904756
"147","20230622","3","7","B1","7",107.636396311791,0.294816016392041
"148","20230622","3","13","C1","7",273.470742240215,-0.659870445344124
"149","20230622","3","19","D1","7",86.0093729750337,1.09836935391652
"150","20230622","3","2","A2","7",95.7558879492602,0.73505285412262
"151","20230622","3","8","B2","7",90.5295391363024,0.928202429149797
"152","20230622","3","14","C2","7",145.631886674669,0.468390876350545
"153","20230622","3","20","D2","7",74.7152114164913,1.01670754052149
"154","20230622","3","3","A3","7",146.225049833888,0.126064633041372
"155","20230622","3","9","B3","7",152.210512257169,0.40910730804811
"156","20230622","3","15","C3","7",130.482249637155,0.667634252539915
"157","20230622","3","21","D3","7",77.9234738691266,0.937306982872196
"158","20230622","3","4","A4","7",249.950473733584,-1.00482551594747
"159","20230622","3","10","B4","7",185.977496706193,-0.229944664031629
"160","20230622","3","16","C4","7",266.610889795918,-1.02502857142857
"161","20230622","3","22","D4","7",205.197450773843,-0.49866299327445
"162","20230622","3","5","A5","7",171.959272697952,-0.114433155942593
"163","20230622","3","11","B5","7",187.649535353537,-0.128606060606072
"164","20230622","3","17","C5","7",149.42424390244,0.367219512195113
"165","20230622","3","23","D5","7",259.726634167765,-0.976337285902505
"166","20230622","3","6","A6","7",259.372278043379,-0.697833238797508
"167","20230622","3","12","B6","7",113.668379236379,-0.00108622908622712
"168","20230622","3","18","C6","7",113.923112244898,0.552726877985236
"169","20230622","3","24","D6","7",78.1362331825042,1.15645610859728
"170","20230622","3","1","A1","8",178.584926004229,-0.229288231148699
"171","20230622","3","7","B1","8",343.320564292321,-1.57494912118408
"172","20230622","3","13","C1","8",-81.2929725158553,2.1947399577167
"173","20230622","3","19","D1","8",271.780033738191,-0.463732793522263
"174","20230622","3","2","A2","8",282.185205254516,-0.682375478927204
"175","20230622","3","8","B2","8",118.228557223263,0.75613508442778
"176","20230622","3","14","C2","8",61.1646570135745,1.28302624434389
"177","20230622","3","20","D2","8",115.077358156028,0.596330872774645
"178","20230622","3","3","A3","8",496.030721542452,-2.57066963292545
"179","20230622","3","9","B3","8",196.791120448179,0.124661064425772
"180","20230622","3","15","C3","8",132.879519739519,0.60420024420025
"181","20230622","3","21","D3","8",204.28099099099,-0.000360360360355141
"182","20230622","3","4","A4","8",223.221006435006,-0.662944658944658
"183","20230622","3","10","B4","8",191.717744839702,-0.120743083003961
"184","20230622","3","16","C4","8",-88.2077967914447,1.76814056531704
"185","20230622","3","22","D4","8",-74.8119156785237,1.85477733860342
"186","20230622","3","5","A5","8",-14.0636638655474,1.28043697478992
"187","20230622","3","11","B5","8",157.092765478424,0.156003752345213
"188","20230622","3","17","C5","8",-5.4604523172914,1.59407754010696
"189","20230622","3","23","D5","8",40.7050213371262,0.96403982930299
"190","20230622","3","6","A6","8",90.8422095779997,0.750365101944045
"191","20230622","3","12","B6","8",78.3429836734694,0.237689795918367
"192","20230622","3","18","C6","8",94.8335458937222,0.763478260869547
"193","20230622","3","24","D6","8",184.875080943571,0.31296484736355
"194","20230622","3","1","A1","9",-49.8004888355349,1.41197791116447
"195","20230622","3","7","B1","9",-13.2278378378404,1.10379253747677
"196","20230622","3","13","C1","9",154.733746938775,0.463118367346941
"197","20230622","3","19","D1","9",184.515745278874,0.296411067193685
"198","20230622","3","2","A2","9",-48.9640897959177,1.76972653061224
"199","20230622","3","8","B2","9",201.122652908068,0.329789868667911
"200","20230622","3","14","C2","9",183.767363265305,0.352032653061231
"201","20230622","3","20","D2","9",-89.0761371186952,2.01530051344005
"202","20230622","3","3","A3","9",-34.8581975452964,1.45953711279954
"203","20230622","3","9","B3","9",348.122788536953,-0.814530316742078
"204","20230622","3","15","C3","9",181.628567587035,0.346763985594236
"205","20230622","3","21","D3","9",249.012608600502,-0.23468213152423
"206","20230622","3","4","A4","9",154.990537601933,-0.115258230141953
"207","20230622","3","10","B4","9",-64.101696060038,1.74611257035648
"208","20230622","3","16","C4","9",280.89289640592,-0.928094231350045
"209","20230622","3","22","D4","9",133.129643848289,0.33578168362627
"210","20230622","3","5","A5","9",236.360727010804,-0.576969987995197
"211","20230622","3","11","B5","9",265.666674089066,-0.591975708502006
"212","20230622","3","17","C5","9",191.350516594517,0.136473304473302
"213","20230622","3","23","D5","9",482.792357410881,-2.13196622889305
"214","20230622","3","6","A6","9",284.589172455452,-0.665859257022052
"215","20230622","3","12","B6","9",122.861658536588,-0.0600139372822445
"216","20230622","3","18","C6","9",161.245764254654,0.271375091159542
"217","20230622","3","24","D6","9",190.04282122428,0.28004439511654
"218","20230622","3","1","A1","10",158.149975810353,0.0598871149814542
"219","20230622","3","7","B1","10",301.515637823372,-0.908986434525824
"220","20230622","3","13","C1","10",33.7975652896146,1.30096650158416
"221","20230622","3","19","D1","10",9.21515592515361,1.48161505635191
"222","20230622","3","2","A2","10",153.825931174089,0.408825910931174
"223","20230622","3","8","B2","10",223.674032495031,0.271413015296862
"224","20230622","3","14","C2","10",-375.799467181464,4.03862548262546
"225","20230622","3","20","D2","10",200.474980090497,0.115659728506791
"226","20230622","3","3","A3","10",-31.5619827130851,1.33784585834334
"227","20230622","3","9","B3","10",70.7176061224494,1.11736326530612
"228","20230622","3","15","C3","10",12.2044860627107,1.50494076655056
"229","20230622","3","21","D3","10",232.814377551021,0.00162448979591563
"230","20230622","3","4","A4","10",199.332527960386,-0.380693246819773
"231","20230622","3","10","B4","10",180.040638914027,0.114577375565612
"232","20230622","3","16","C4","10",243.751502466527,-0.589981677237498
"233","20230622","3","22","D4","10",79.097430012003,0.773166866746709
"234","20230622","3","5","A5","10",167.672615248229,-0.0941489361702246
"235","20230622","3","11","B5","10",-25.5105623784403,1.36848457904975
"236","20230622","3","17","C5","10",8.31262156448163,1.35866505587436
"237","20230622","3","23","D5","10",95.7212485726831,0.565085638998684
"238","20230622","3","6","A6","10",0.62575922565131,1.17372050816696
"239","20230622","3","12","B6","10",-3.77543839238486,0.792270756213643
"240","20230622","3","18","C6","10",-114.725174763829,2.04240485829957
"241","20230622","3","24","D6","10",-44.5639796709234,1.81942595769011
"242","20230622","3","1","A1","11",252.103155080213,-0.420748663101598
"243","20230622","3","7","B1","11",543.53102564103,-2.16859584859587
"244","20230622","3","13","C1","11",197.931862068963,0.319172413793115
"245","20230622","3","19","D1","11",138.762588235293,0.758072829131657
"246","20230622","3","2","A2","11",289.08117944251,-0.311310104529624
"247","20230622","3","8","B2","11",61.2395678362118,1.29394700591523
"248","20230622","3","14","C2","11",845.495374931568,-3.13813902572516
"249","20230622","3","20","D2","11",159.14415143889,0.393951198161716
"250","20230622","3","3","A3","11",192.245877378437,0.0257022047719647
"251","20230622","3","9","B3","11",219.157385522664,0.281771507863089
"252","20230622","3","15","C3","11",264.39904694168,0.0141678520625811
"253","20230622","3","21","D3","11",382.703129432623,-0.781276595744676
"254","20230622","3","4","A4","11",251.1225,-0.637268292682926
"255","20230622","3","10","B4","11",-37.1280730933348,1.3733318743845
"256","20230622","3","16","C4","11",278.812675928723,-0.701093325279373
"257","20230622","3","22","D4","11",374.325268199238,-0.868385331143975
"258","20230622","3","5","A5","11",187.915825825826,-0.210450450450449
"259","20230622","3","11","B5","11",265.901222483321,-0.313050806255569
"260","20230622","3","17","C5","11",342.680489781538,-0.527033121916852
"261","20230622","3","23","D5","11",-76.9297009222672,1.58271936758894
"262","20230622","3","6","A6","11",152.26403088803,0.236442728442732
"263","20230622","3","12","B6","11",-22.2229616724752,0.890675958188161
"264","20230622","3","18","C6","11",-17.0499859287047,1.40894183864915
"265","20230622","3","24","D6","11",286.977219512196,-0.155853658536589
"266","20230622","3","1","A1","1",187.776152882206,-0.750152968628472
"267","20230622","3","7","B1","1",191.3183728223,-0.913358885017424
"268","20230622","3","13","C1","1",189.541999278499,-1.01656854256854
"269","20230622","3","19","D1","1",195.679420806546,-1.35142255990649
"270","20230622","3","2","A2","1",183.215928118393,-0.670762508809019
"271","20230622","3","8","B2","1",196.467922625897,-0.908925504874874
"272","20230622","3","14","C2","1",190.175430718006,-0.821118415435836
"273","20230622","3","20","D2","1",194.494027149321,-0.961791855203617
"274","20230622","3","3","A3","1",175.95934320074,-1.01237280296022
"275","20230622","3","9","B3","1",193.973652173913,-0.974978916980145
"276","20230622","3","15","C3","1",195.457865296804,-0.606551894360112
"277","20230622","3","21","D3","1",193.614205989111,-0.897695099818508
"278","20230622","3","4","A4","1",183.26209926224,-0.827378940308518
"279","20230622","3","10","B4","1",178.965202741502,-0.509646012781326
"280","20230622","3","16","C4","1",190.856251217137,-0.398599805258035
"281","20230622","3","22","D4","1",185.859015606242,-1.1881200480192
"282","20230622","3","5","A5","1",192.328811127635,-0.383466013472137
"283","20230622","3","11","B5","1",187.357256874581,-0.553869885982559
"284","20230622","3","17","C5","1",191.469348088531,-0.55692555331992
"285","20230622","3","23","D5","1",190.283969918402,-1.23618998903909
"286","20230622","3","6","A6","1",190.954904032893,-0.254603096841915
"287","20230622","3","12","B6","1",185.016471015112,-0.755833689063435
"288","20230622","3","18","C6","1",192.169268518518,-1.02153658536585
"289","20230622","3","24","D6","1",189.070134021521,-0.588382468725398
"290","20230622","3","1","A1","2",186.912688145667,-0.705353271380725
"291","20230622","3","7","B1","2",184.940990430622,-0.40388516746411
"292","20230622","3","13","C1","2",181.236540392447,-0.419839170677525
"293","20230622","3","19","D1","2",194.002774770174,-0.545263193735103
"294","20230622","3","2","A2","2",160.041694468832,0.347954345917472
"295","20230622","3","8","B2","2",190.001544997629,-0.473188051209101
"296","20230622","3","14","C2","2",173.866801850048,-0.216929892891915
"297","20230622","3","20","D2","2",188.229437424495,-0.273971332484408
"298","20230622","3","3","A3","2",165.544626242096,-0.428822944896113
"299","20230622","3","9","B3","2",187.612046157593,-0.462013883814395
"300","20230622","3","15","C3","2",189.263435204232,-0.171461315645862
"301","20230622","3","21","D3","2",182.758034196406,-0.356151543844757
"302","20230622","3","4","A4","2",186.620581954887,-0.4477987696514
"303","20230622","3","10","B4","2",161.395222554444,0.0475474315306011
"304","20230622","3","16","C4","2",186.305300631096,-0.182348081401233
"305","20230622","3","22","D4","2",166.920671308109,-0.518691404826127
"306","20230622","3","5","A5","2",182.244774193549,0.0240148069804287
"307","20230622","3","11","B5","2",183.78597152839,-0.326366495793474
"308","20230622","3","17","C5","2",186.566485286865,-0.282517988340768
"309","20230622","3","23","D5","2",177.007686671224,-0.56595324675325
"310","20230622","3","6","A6","2",199.929423337856,-0.355793758480327
"311","20230622","3","12","B6","2",164.244678507273,0.0312017892994287
"312","20230622","3","18","C6","2",187.283189007,-0.675302048224011
"313","20230622","3","24","D6","2",179.679643694327,-0.127215658696667
"314","20230622","3","1","A1","3",220.215714285714,-1.34
"315","20230622","3","7","B1","3",197.737326086957,-0.632086956521743
"316","20230622","3","13","C1","3",130.955838461539,0.587969230769224
"317","20230622","3","19","D1","3",173.981578947369,-0.0581654135338379
"318","20230622","3","2","A2","3",157.155708695653,0.252678260869555
"319","20230622","3","8","B2","3",142.845555555556,0.412698412698403
"320","20230622","3","14","C2","3",144.242266666667,0.337859829059825
"321","20230622","3","20","D2","3",187.47645614035,-0.258385964912268
"322","20230622","3","3","A3","3",133.859798294401,0.187417130144603
"323","20230622","3","9","B3","3",217.732230769231,-0.993261538461544
"324","20230622","3","15","C3","3",159.042829775588,0.44759715380405
"325","20230622","3","21","D3","3",168.215923076923,-0.0802153846153901
"326","20230622","3","4","A4","3",155.621027667984,0.0861208356860539
"327","20230622","3","10","B4","3",201.563276923077,-0.775784615384625
"328","20230622","3","16","C4","3",191.285795652175,-0.316921739130451
"329","20230622","3","22","D4","3",133.619344729345,0.0340170940170956
"330","20230622","3","5","A5","3",216.816353846154,-0.682523076923078
"331","20230622","3","11","B5","3",135.936701449276,0.605947826086945
"332","20230622","3","17","C5","3",194.215719932242,-0.375448898927164
"333","20230622","3","23","D5","3",130.339684210527,0.342526315789469
"334","20230622","3","6","A6","3",219.474307692308,-0.65682051282052
"335","20230622","3","12","B6","3",184.864353383459,-0.510676691729322
"336","20230622","3","18","C6","3",187.373398692811,-0.541176470588251
"337","20230622","3","24","D6","3",102.585608695652,1.29634782608695
"338","20230622","3","1","A1","4",162.837611430681,-0.280318680980654
"339","20230622","3","7","B1","4",217.124710801394,-0.882006968641115
"340","20230622","3","13","C1","4",128.675641087973,0.505278340491042
"341","20230622","3","19","D1","4",135.045118577075,0.655309617918311
"342","20230622","3","2","A2","4",165.664832464901,0.0643182805036867
"343","20230622","3","8","B2","4",187.302775263952,-0.169230769230774
"344","20230622","3","14","C2","4",148.288384828862,0.234501387604068
"345","20230622","3","20","D2","4",187.546986385595,-0.245206851119889
"346","20230622","3","3","A3","4",131.644971775945,0.17056665219279
"347","20230622","3","9","B3","4",177.094893617021,-0.136806660499531
"348","20230622","3","15","C3","4",184.275434690799,0.00794932126697077
"349","20230622","3","21","D3","4",161.222928571428,0.0245510204081643
"350","20230622","3","4","A4","4",180.617252361674,-0.437036437246969
"351","20230622","3","10","B4","4",219.933976320111,-0.802934923515685
"352","20230622","3","16","C4","4",228.262105779903,-0.960104157773413
"353","20230622","3","22","D4","4",165.418098375055,-0.524268774703558
"354","20230622","3","5","A5","4",202.992922448979,-0.422334693877547
"355","20230622","3","11","B5","4",178.552577316803,-0.159568916619402
"356","20230622","3","17","C5","4",169.439110037632,0.0710421189752456
"357","20230622","3","23","D5","4",176.16571969697,-0.547032085561498
"358","20230622","3","6","A6","4",198.074889778286,-0.252182199352014
"359","20230622","3","12","B6","4",189.745536091815,-0.726614315916639
"360","20230622","3","18","C6","4",175.480717171717,-0.348049062049062
"361","20230622","3","24","D6","4",150.997044025158,0.330817610062887
"362","20230622","3","1","A1","5",114.526654332408,0.373330866481654
"363","20230622","3","7","B1","5",183.017439516129,-0.370887096774189
"364","20230622","3","13","C1","5",102.470894291755,0.888191684284705
"365","20230622","3","19","D1","5",165.139745048692,0.24833789254842
"366","20230622","3","2","A2","5",178.400766997707,-0.097032849503424
"367","20230622","3","8","B2","5",32.3823389103397,1.76770141570141
"368","20230622","3","14","C2","5",40.7310042406069,1.55189044647922
"369","20230622","3","20","D2","5",127.777929717341,0.534576012223076
"370","20230622","3","3","A3","5",112.884096618358,0.482719367588931
"371","20230622","3","9","B3","5",89.3435362505364,1.16099871299871
"372","20230622","3","15","C3","5",77.9354362108482,1.35875324675325
"373","20230622","3","21","D3","5",93.8626295918366,0.904216326530614
"374","20230622","3","4","A4","5",169.0763390426,-0.249949934123844
"375","20230622","3","10","B4","5",174.656757128383,-0.0927637863656024
"376","20230622","3","16","C4","5",191.131075630252,-0.375563025210087
"377","20230622","3","22","D4","5",45.8266445182729,1.0109634551495
"378","20230622","3","5","A5","5",184.80585052106,-0.182029960920548
"379","20230622","3","11","B5","5",111.745433403806,0.695089096949558
"380","20230622","3","17","C5","5",169.401249999999,0.128636363636377
"381","20230622","3","23","D5","5",140.271969540969,0.0023526383526419
"382","20230622","3","6","A6","5",196.906770527859,-0.120586510263925
"383","20230622","3","12","B6","5",161.48965063685,-0.331369952236212
"384","20230622","3","18","C6","5",101.453039811066,0.652008097165995
"385","20230622","3","24","D6","5",111.797054579093,0.872399629972249
"386","20230622","3","1","A1","6",149.955549682875,-0.0665116279069778
"387","20230622","3","7","B1","6",153.749042016807,-0.114597402597406
"388","20230622","3","13","C1","6",229.397065527066,-0.478998778998782
"389","20230622","3","19","D1","6",156.510921200751,0.375290806754219
"390","20230622","3","2","A2","6",211.52121657754,-0.384010695187169
"391","20230622","3","8","B2","6",176.180617638175,0.120392630625196
"392","20230622","3","14","C2","6",189.32521063921,-0.148643500643495
"393","20230622","3","20","D2","6",270.079444005271,-0.972859025032943
"394","20230622","3","3","A3","6",214.276453295401,-0.645955429113323
"395","20230622","3","9","B3","6",188.262644709486,-0.0299726447094833
"396","20230622","3","15","C3","6",129.466171122995,0.63629640947288
"397","20230622","3","21","D3","6",305.19105006105,-1.37736263736263
"398","20230622","3","4","A4","6",187.91986863711,-0.441948549534758
"399","20230622","3","10","B4","6",266.575093596059,-1.0775566502463
"400","20230622","3","16","C4","6",210.54981115503,-0.60179183135706
"401","20230622","3","22","D4","6",147.158445993032,-0.118801393728226
"402","20230622","3","5","A5","6",742.13090909091,-5.975012987013
"403","20230622","3","11","B5","6",104.849624685415,0.591719006455844
"404","20230622","3","17","C5","6",168.428684615385,0.190676923076922
"405","20230622","3","23","D5","6",237.341358463727,-0.970763394973921
"406","20230622","3","6","A6","6",301.946129773498,-1.23293139293139
"407","20230622","3","12","B6","6",171.655819993959,-0.537215342796737
"408","20230622","3","18","C6","6",182.195307164307,-0.231001287001284
"409","20230622","3","24","D6","6",127.729472329473,0.605194337194335
"410","20230622","3","1","A1","7",159.495904761904,-0.105904761904756
"411","20230622","3","7","B1","7",107.636396311791,0.294816016392041
"412","20230622","3","13","C1","7",273.470742240215,-0.659870445344124
"413","20230622","3","19","D1","7",86.0093729750337,1.09836935391652
"414","20230622","3","2","A2","7",95.7558879492602,0.73505285412262
"415","20230622","3","8","B2","7",90.5295391363024,0.928202429149797
"416","20230622","3","14","C2","7",145.631886674669,0.468390876350545
"417","20230622","3","20","D2","7",74.7152114164913,1.01670754052149
"418","20230622","3","3","A3","7",146.225049833888,0.126064633041372
"419","20230622","3","9","B3","7",152.210512257169,0.40910730804811
"420","20230622","3","15","C3","7",130.482249637155,0.667634252539915
"421","20230622","3","21","D3","7",77.9234738691266,0.937306982872196
"422","20230622","3","4","A4","7",249.950473733584,-1.00482551594747
"423","20230622","3","10","B4","7",185.977496706193,-0.229944664031629
"424","20230622","3","16","C4","7",266.610889795918,-1.02502857142857
"425","20230622","3","22","D4","7",205.197450773843,-0.49866299327445
"426","20230622","3","5","A5","7",171.959272697952,-0.114433155942593
"427","20230622","3","11","B5","7",187.649535353537,-0.128606060606072
"428","20230622","3","17","C5","7",149.42424390244,0.367219512195113
"429","20230622","3","23","D5","7",259.726634167765,-0.976337285902505
"430","20230622","3","6","A6","7",259.372278043379,-0.697833238797508
"431","20230622","3","12","B6","7",113.668379236379,-0.00108622908622712
"432","20230622","3","18","C6","7",113.923112244898,0.552726877985236
"433","20230622","3","24","D6","7",78.1362331825042,1.15645610859728
"434","20230622","3","1","A1","8",178.584926004229,-0.229288231148699
"435","20230622","3","7","B1","8",343.320564292321,-1.57494912118408
"436","20230622","3","13","C1","8",-81.2929725158553,2.1947399577167
"437","20230622","3","19","D1","8",271.780033738191,-0.463732793522263
"438","20230622","3","2","A2","8",282.185205254516,-0.682375478927204
"439","20230622","3","8","B2","8",118.228557223263,0.75613508442778
"440","20230622","3","14","C2","8",61.1646570135745,1.28302624434389
"441","20230622","3","20","D2","8",115.077358156028,0.596330872774645
"442","20230622","3","3","A3","8",496.030721542452,-2.57066963292545
"443","20230622","3","9","B3","8",196.791120448179,0.124661064425772
"444","20230622","3","15","C3","8",132.879519739519,0.60420024420025
"445","20230622","3","21","D3","8",204.28099099099,-0.000360360360355141
"446","20230622","3","4","A4","8",223.221006435006,-0.662944658944658
"447","20230622","3","10","B4","8",191.717744839702,-0.120743083003961
"448","20230622","3","16","C4","8",-88.2077967914447,1.76814056531704
"449","20230622","3","22","D4","8",-74.8119156785237,1.85477733860342
"450","20230622","3","5","A5","8",-14.0636638655474,1.28043697478992
"451","20230622","3","11","B5","8",157.092765478424,0.156003752345213
"452","20230622","3","17","C5","8",-5.4604523172914,1.59407754010696
"453","20230622","3","23","D5","8",40.7050213371262,0.96403982930299
"454","20230622","3","6","A6","8",90.8422095779997,0.750365101944045
"455","20230622","3","12","B6","8",78.3429836734694,0.237689795918367
"456","20230622","3","18","C6","8",94.8335458937222,0.763478260869547
"457","20230622","3","24","D6","8",184.875080943571,0.31296484736355
"458","20230622","3","1","A1","9",-49.8004888355349,1.41197791116447
"459","20230622","3","7","B1","9",-13.2278378378404,1.10379253747677
"460","20230622","3","13","C1","9",154.733746938775,0.463118367346941
"461","20230622","3","19","D1","9",184.515745278874,0.296411067193685
"462","20230622","3","2","A2","9",-48.9640897959177,1.76972653061224
"463","20230622","3","8","B2","9",201.122652908068,0.329789868667911
"464","20230622","3","14","C2","9",183.767363265305,0.352032653061231
"465","20230622","3","20","D2","9",-89.0761371186952,2.01530051344005
"466","20230622","3","3","A3","9",-34.8581975452964,1.45953711279954
"467","20230622","3","9","B3","9",348.122788536953,-0.814530316742078
"468","20230622","3","15","C3","9",181.628567587035,0.346763985594236
"469","20230622","3","21","D3","9",249.012608600502,-0.23468213152423
"470","20230622","3","4","A4","9",154.990537601933,-0.115258230141953
"471","20230622","3","10","B4","9",-64.101696060038,1.74611257035648
"472","20230622","3","16","C4","9",280.89289640592,-0.928094231350045
"473","20230622","3","22","D4","9",133.129643848289,0.33578168362627
"474","20230622","3","5","A5","9",236.360727010804,-0.576969987995197
"475","20230622","3","11","B5","9",265.666674089066,-0.591975708502006
"476","20230622","3","17","C5","9",191.350516594517,0.136473304473302
"477","20230622","3","23","D5","9",482.792357410881,-2.13196622889305
"478","20230622","3","6","A6","9",284.589172455452,-0.665859257022052
"479","20230622","3","12","B6","9",122.861658536588,-0.0600139372822445
"480","20230622","3","18","C6","9",161.245764254654,0.271375091159542
"481","20230622","3","24","D6","9",190.04282122428,0.28004439511654
"482","20230622","3","1","A1","10",158.149975810353,0.0598871149814542
"483","20230622","3","7","B1","10",301.515637823372,-0.908986434525824
"484","20230622","3","13","C1","10",33.7975652896146,1.30096650158416
"485","20230622","3","19","D1","10",9.21515592515361,1.48161505635191
"486","20230622","3","2","A2","10",153.825931174089,0.408825910931174
"487","20230622","3","8","B2","10",223.674032495031,0.271413015296862
"488","20230622","3","14","C2","10",-375.799467181464,4.03862548262546
"489","20230622","3","20","D2","10",200.474980090497,0.115659728506791
"490","20230622","3","3","A3","10",-31.5619827130851,1.33784585834334
"491","20230622","3","9","B3","10",70.7176061224494,1.11736326530612
"492","20230622","3","15","C3","10",12.2044860627107,1.50494076655056
"493","20230622","3","21","D3","10",232.814377551021,0.00162448979591563
"494","20230622","3","4","A4","10",199.332527960386,-0.380693246819773
"495","20230622","3","10","B4","10",180.040638914027,0.114577375565612
"496","20230622","3","16","C4","10",243.751502466527,-0.589981677237498
"497","20230622","3","22","D4","10",79.097430012003,0.773166866746709
"498","20230622","3","5","A5","10",167.672615248229,-0.0941489361702246
"499","20230622","3","11","B5","10",-25.5105623784403,1.36848457904975
"500","20230622","3","17","C5","10",8.31262156448163,1.35866505587436
"501","20230622","3","23","D5","10",95.7212485726831,0.565085638998684
"502","20230622","3","6","A6","10",0.62575922565131,1.17372050816696
"503","20230622","3","12","B6","10",-3.77543839238486,0.792270756213643
"504","20230622","3","18","C6","10",-114.725174763829,2.04240485829957
"505","20230622","3","24","D6","10",-44.5639796709234,1.81942595769011
"506","20230622","3","1","A1","11",252.103155080213,-0.420748663101598
"507","20230622","3","7","B1","11",543.53102564103,-2.16859584859587
"508","20230622","3","13","C1","11",197.931862068963,0.319172413793115
"509","20230622","3","19","D1","11",138.762588235293,0.758072829131657
"510","20230622","3","2","A2","11",289.08117944251,-0.311310104529624
"511","20230622","3","8","B2","11",61.2395678362118,1.29394700591523
"512","20230622","3","14","C2","11",845.495374931568,-3.13813902572516
"513","20230622","3","20","D2","11",159.14415143889,0.393951198161716
"514","20230622","3","3","A3","11",192.245877378437,0.0257022047719647
"515","20230622","3","9","B3","11",219.157385522664,0.281771507863089
"516","20230622","3","15","C3","11",264.39904694168,0.0141678520625811
"517","20230622","3","21","D3","11",382.703129432623,-0.781276595744676
"518","20230622","3","4","A4","11",251.1225,-0.637268292682926
"519","20230622","3","10","B4","11",-37.1280730933348,1.3733318743845
"520","20230622","3","16","C4","11",278.812675928723,-0.701093325279373
"521","20230622","3","22","D4","11",374.325268199238,-0.868385331143975
"522","20230622","3","5","A5","11",187.915825825826,-0.210450450450449
"523","20230622","3","11","B5","11",265.901222483321,-0.313050806255569
"524","20230622","3","17","C5","11",342.680489781538,-0.527033121916852
"525","20230622","3","23","D5","11",-76.9297009222672,1.58271936758894
"526","20230622","3","6","A6","11",152.26403088803,0.236442728442732
"527","20230622","3","12","B6","11",-22.2229616724752,0.890675958188161
"528","20230622","3","18","C6","11",-17.0499859287047,1.40894183864915
"529","20230622","3","24","D6","11",286.977219512196,-0.155853658536589
"530","20230622","4","1","A1","1",186.740842570365,0.0803849285043416
"531","20230622","4","7","B1","1",195.056825474587,-0.573816464001399
"532","20230622","4","13","C1","1",189.497850931677,-0.412924853468635
"533","20230622","4","19","D1","1",190.722543403964,-0.661353930280245
"534","20230622","4","2","A2","1",189.323767940979,-0.604528504359491
"535","20230622","4","8","B2","1",201.854562374245,-0.748336686787388
"536","20230622","4","14","C2","1",196.183162876785,-0.552662083553676
"537","20230622","4","20","D2","1",203.831154520918,-0.799991902834004
"538","20230622","4","3","A3","1",192.41845074224,-0.673012145748986
"539","20230622","4","9","B3","1",190.30674568618,-0.424389614578292
"540","20230622","4","15","C3","1",200.219893267652,-0.298454757583618
"541","20230622","4","21","D3","1",202.07571873254,-0.423551759916993
"542","20230622","4","4","A4","1",199.404628872005,-0.700409117475162
"543","20230622","4","10","B4","1",194.007680866602,-0.51676046738072
"544","20230622","4","16","C4","1",189.474046973803,-0.0977864846921562
"545","20230622","4","22","D4","1",193.216775775852,-0.550648547543611
"546","20230622","4","5","A5","1",188.876815994076,-0.0306369492780469
"547","20230622","4","11","B5","1",198.20018419104,-1.04641614216957
"548","20230622","4","17","C5","1",204.428402451034,-1.09380895065106
"549","20230622","4","23","D5","1",192.472094530208,0.187436630455489
"550","20230622","4","6","A6","1",202.407984693878,-0.27024081632653
"551","20230622","4","12","B6","1",201.081558766324,-0.635825507085299
"552","20230622","4","18","C6","1",203.689051799824,-0.856821773485511
"553","20230622","4","24","D6","1",200.545676212741,-0.773187609585045
"554","20230622","4","1","A1","2",186.73458363569,0.0765654202147381
"555","20230622","4","7","B1","2",187.32170998632,-0.0920320500293125
"556","20230622","4","13","C1","2",173.75824132677,0.101628223159871
"557","20230622","4","19","D1","2",199.284299526229,-0.567683452312046
"558","20230622","4","2","A2","2",193.712657634806,-0.405919250395392
"559","20230622","4","8","B2","2",176.573485628296,0.226717080387969
"560","20230622","4","14","C2","2",191.436825321949,-0.0446772017547994
"561","20230622","4","20","D2","2",183.306631229236,0.440578463943719
"562","20230622","4","3","A3","2",185.012333455121,-0.115104128607966
"563","20230622","4","9","B3","2",173.433602320675,0.221773558368498
"564","20230622","4","15","C3","2",181.057438084653,0.169939427618785
"565","20230622","4","21","D3","2",199.668001204456,-0.170095754290874
"566","20230622","4","4","A4","2",208.115069632641,-0.58346251129178
"567","20230622","4","10","B4","2",192.586201048951,-0.210566433566434
"568","20230622","4","16","C4","2",192.282962025317,-0.191189873417722
"569","20230622","4","22","D4","2",165.094015533091,0.588168081434258
"570","20230622","4","5","A5","2",207.537046335106,-0.52164171744567
"571","20230622","4","11","B5","2",148.841356953992,0.776791115811744
"572","20230622","4","17","C5","2",181.612811876447,0.109644824008299
"573","20230622","4","23","D5","2",191.256458015668,0.0219307008780698
"574","20230622","4","6","A6","2",186.30639083684,0.275694548058847
"575","20230622","4","12","B6","2",176.252985915493,0.138206572769954
"576","20230622","4","18","C6","2",201.633946344735,-0.405337357478199
"577","20230622","4","24","D6","2",190.171202720289,-0.0631778682674914
"578","20230622","4","1","A1","3",235.594788405797,-0.801634782608701
"579","20230622","4","7","B1","3",251.595502898552,-1.2065043478261
"580","20230622","4","13","C1","3",101.83547645532,1.45969299221358
"581","20230622","4","19","D1","3",35.1705263157892,2.85178947368421
"582","20230622","4","2","A2","3",125.625251270469,1.20261998870694
"583","20230622","4","8","B2","3",204.256555618294,-0.265657820440417
"584","20230622","4","14","C2","3",252.155726495727,-1.13293675213675
"585","20230622","4","20","D2","3",149.714863654864,0.867252747252738
"586","20230622","4","3","A3","3",85.3232,2.0464
"587","20230622","4","9","B3","3",180.18378817734,-0.00135960591132404
"588","20230622","4","15","C3","3",255.254160683761,-1.22877264957265
"589","20230622","4","21","D3","3",101.013098550725,1.71248695652173
"590","20230622","4","4","A4","3",29.5263116883117,2.98924675324675
"591","20230622","4","10","B4","3",153.908974358974,0.631671794871797
"592","20230622","4","16","C4","3",238.43320470717,-0.975128626163098
"593","20230622","4","22","D4","3",163.473612903226,0.439870967741933
"594","20230622","4","5","A5","3",250.874669565218,-1.13673043478262
"595","20230622","4","11","B5","3",208.319658119659,-0.446140170940184
"596","20230622","4","17","C5","3",151.420295566503,0.776704980842908
"597","20230622","4","23","D5","3",189.448796992481,0.0404812030075186
"598","20230622","4","6","A6","3",196.388008695653,-0.00819130434784428
"599","20230622","4","12","B6","3",207.388660098522,-0.55525123152709
"600","20230622","4","18","C6","3",110.081106719368,1.45035573122529
"601","20230622","4","24","D6","3",147.054703557313,0.824438170525116
"602","20230622","4","1","A1","4",352.023680672268,-2.54172039724979
"603","20230622","4","7","B1","4",178.662022818378,0.150662966389147
"604","20230622","4","13","C1","4",337.839490553307,-2.34327935222673
"605","20230622","4","19","D1","4",212.735412272587,-0.311486894850448
"606","20230622","4","2","A2","4",217.749182238667,-0.405135985198884
"607","20230622","4","8","B2","4",164.622460684552,0.611347517730493
"608","20230622","4","14","C2","4",111.751740887132,1.36860079051384
"609","20230622","4","20","D2","4",194.623597103107,0.0620362111682828
"610","20230622","4","3","A3","4",111.860047908232,1.13197570850202
"611","20230622","4","9","B3","4",106.40003629764,1.3296551724138
"612","20230622","4","15","C3","4",176.370518038853,0.465633672525441
"613","20230622","4","21","D3","4",194.587044897959,0.152489795918369
"614","20230622","4","4","A4","4",155.955041928721,0.496394129979034
"615","20230622","4","10","B4","4",111.294089900111,1.34462904465124
"616","20230622","4","16","C4","4",166.463265306122,0.281632653061232
"617","20230622","4","22","D4","4",282.521514935989,-1.37379800853485
"618","20230622","4","5","A5","4",125.85242775264,0.788709502262442
"619","20230622","4","11","B5","4",268.338069686411,-1.30335888501742
"620","20230622","4","17","C5","4",331.292508710801,-2.05017421602787
"621","20230622","4","23","D5","4",359.649460887949,-2.54312896405919
"622","20230622","4","6","A6","4",160.01593379791,0.449972125435536
"623","20230622","4","12","B6","4",205.467374118544,-0.51124680769964
"624","20230622","4","18","C6","4",191.51381512605,0.217770308123249
"625","20230622","4","24","D6","4",233.663000322529,-0.678409933881633
"626","20230622","4","1","A1","5",176.075633001422,0.21584637268848
"627","20230622","4","7","B1","5",160.807732760716,0.443565351268134
"628","20230622","4","13","C1","5",122.961702593281,0.830471605208449
"629","20230622","4","19","D1","5",272.172209677419,-0.763935483870965
"630","20230622","4","2","A2","5",135.351816135085,0.723913696060032
"631","20230622","4","8","B2","5",55.3193627302934,1.96654787073391
"632","20230622","4","14","C2","5",86.6852720450275,1.66889681050657
"633","20230622","4","20","D2","5",142.903421423537,0.921262861169842
"634","20230622","4","3","A3","5",337.682284019281,-1.57325027808677
"635","20230622","4","9","B3","5",70.7392796022203,1.74019888991674
"636","20230622","4","15","C3","5",134.691667247388,0.95422299651567
"637","20230622","4","21","D3","5",122.615967395967,1.16800514800515
"638","20230622","4","4","A4","5",145.055149359887,0.597031768610705
"639","20230622","4","10","B4","5",110.253799456358,1.18360012080942
"640","20230622","4","16","C4","5",96.6263709677415,1.08889296187684
"641","20230622","4","22","D4","5",73.4976900845421,1.62637387569889
"642","20230622","4","5","A5","5",236.868246225319,-0.629547038327527
"643","20230622","4","11","B5","5",60.8251012145743,1.68773279352227
"644","20230622","4","17","C5","5",199.434552214502,0.242622666087718
"645","20230622","4","23","D5","5",663.085084615385,-5.3607076923077
"646","20230622","4","6","A6","5",190.770731421523,0.133510946654332
"647","20230622","4","12","B6","5",124.624866310161,0.502834224598926
"648","20230622","4","18","C6","5",198.756071746881,0.199919786096253
"649","20230622","4","24","D6","5",260.736370656371,-0.781462033462032
"650","20230622","4","1","A1","6",124.776872420263,0.729590994371478
"651","20230622","4","7","B1","6",170.086420454545,0.317485337243405
"652","20230622","4","13","C1","6",285.823636363638,-0.821363636363651
"653","20230622","4","19","D1","6",192.503861003861,0.193240669240673
"654","20230622","4","2","A2","6",100.056963585434,1.08296918767507
"655","20230622","4","8","B2","6",277.337323555628,-0.540516975933882
"656","20230622","4","14","C2","6",223.649433651026,0.116517595307922
"657","20230622","4","20","D2","6",127.045887096775,0.977451612903217
"658","20230622","4","3","A3","6",-78.4848347338944,2.99584313725491
"659","20230622","4","9","B3","6",113.188200348433,1.11124041811846
"660","20230622","4","15","C3","6",216.123726480836,0.135114982578396
"661","20230622","4","21","D3","6",121.069155058654,1.09787390029322
"662","20230622","4","4","A4","6",218.52683443127,-0.0607957839262296
"663","20230622","4","10","B4","6",146.955663865544,0.765848739495819
"664","20230622","4","16","C4","6",297.452000000001,-1.17913846153848
"665","20230622","4","22","D4","6",252.945662878789,-0.408114973262046
"666","20230622","4","5","A5","6",203.409452894191,-0.2427924280556
"667","20230622","4","11","B5","6",368.218013276435,-1.76948316737792
"668","20230622","4","17","C5","6",193.773712660028,0.429577999051688
"669","20230622","4","23","D5","6",423.024914728682,-2.20808174770965
"670","20230622","4","6","A6","6",297.649812807881,-0.92673891625615
"671","20230622","4","12","B6","6",374.000649193546,-2.07985483870966
"672","20230622","4","18","C6","6",276.307242240217,-0.518064777327948
"673","20230622","4","24","D6","6",570.841110122357,-3.95143937708564
"674","20230622","4","1","A1","7",82.2767905992188,0.988415110725138
"675","20230622","4","7","B1","7",272.319714285714,-0.551575510204077
"676","20230622","4","13","C1","7",20.6630459183676,1.68419183673469
"677","20230622","4","19","D1","7",122.635774875022,0.815565231414269
"678","20230622","4","2","A2","7",254.847974962292,-0.34735565610859
"679","20230622","4","8","B2","7",-44.385549838003,2.62607204116638
"680","20230622","4","14","C2","7",403.603339901477,-1.46066995073891
"681","20230622","4","20","D2","7",101.555130612245,1.32804897959184
"682","20230622","4","3","A3","7",79.8291049717771,1.26097047329569
"683","20230622","4","9","B3","7",82.369718250377,1.41432398190045
"684","20230622","4","15","C3","7",345.8286019889,-0.867728954671609
"685","20230622","4","21","D3","7",115.204161616782,1.14248361992064
"686","20230622","4","4","A4","7",60.381295758749,1.35568779229156
"687","20230622","4","10","B4","7",60.9538780487803,1.54331707317073
"688","20230622","4","16","C4","7",137.336063782479,0.398505812845432
"689","20230622","4","22","D4","7",-51.6197310167322,2.67302960102961
"690","20230622","4","5","A5","7",120.352736702808,0.544659779731925
"691","20230622","4","11","B5","7",225.569165945167,-0.00508513708514794
"692","20230622","4","17","C5","7",-78.9189386892175,2.94197885835095
"693","20230622","4","23","D5","7",81.1234594268471,1.16380814479638
"694","20230622","4","6","A6","7",-29.8119657645356,2.23863228890976
"695","20230622","4","12","B6","7",-57.2915251885367,2.11045067873303
"696","20230622","4","18","C6","7",-17.1608669301714,2.33696442687747
"697","20230622","4","24","D6","7",-94.3441690276103,2.69845090036014
"698","20230622","4","1","A1","8",-119.187666585636,2.49036868973341
"699","20230622","4","7","B1","8",308.842916281223,-0.753589269195203
"700","20230622","4","13","C1","8",91.9186486486496,1.0054054054054
"701","20230622","4","19","D1","8",21.9721896707941,1.5240229537904
"702","20230622","4","2","A2","8",215.372902064121,0.225660079051372
"703","20230622","4","8","B2","8",157.502897468897,0.869014157014161
"704","20230622","4","14","C2","8",39.8380576938645,1.55993193420307
"705","20230622","4","20","D2","8",-170.578025510204,3.28788163265306
"706","20230622","4","3","A3","8",-144.554209065681,2.899969164354
"707","20230622","4","9","B3","8",-5.95306632653012,1.88019183673469
"708","20230622","4","15","C3","8",688.908092691624,-3.51679144385028
"709","20230622","4","21","D3","8",-72.1053911806529,2.6509815078236
"710","20230622","4","4","A4","8",448.583779824826,-1.6777227423739
"711","20230622","4","10","B4","8",-113.171590902952,2.77635523863544
"712","20230622","4","16","C4","8",435.252121407121,-1.94491634491634
"713","20230622","4","22","D4","8",283.35033826638,-0.123745092117144
"714","20230622","4","5","A5","8",-362.929474747476,4.29624242424244
"715","20230622","4","11","B5","8",590.790991289199,-2.91301045296168
"716","20230622","4","17","C5","8",396.32496103896,-0.957598166539331
"717","20230622","4","23","D5","8",239.352176916218,-0.204639037433134
"718","20230622","4","6","A6","8",-475.964907219839,5.57080949679931
"719","20230622","4","12","B6","8",187.487268847797,-0.125396651712458
"720","20230622","4","18","C6","8",202.673311374615,0.40831093544138
"721","20230622","4","24","D6","8",558.194980957786,-2.66332712097887
"722","20230622","4","1","A1","9",314.022085271318,-0.716704721634954
"723","20230622","4","7","B1","9",-25.7198715102889,1.79548877315804
"724","20230622","4","13","C1","9",53.3833458646623,1.18531510594668
"725","20230622","4","19","D1","9",112.379428571428,0.749688311688314
"726","20230622","4","2","A2","9",-195.257235209235,3.06745743145743
"727","20230622","4","8","B2","9",354.134826640863,-0.477874536365095
"728","20230622","4","14","C2","9",28.4023552920502,1.65251646903821
"729","20230622","4","20","D2","9",344.804911884753,-0.511592797118845
"730","20230622","4","3","A3","9",-180.502504415221,2.99453859348199
"731","20230622","4","9","B3","9",157.306515837107,0.65402714932125
"732","20230622","4","15","C3","9",564.679257315233,-1.99774841628959
"733","20230622","4","21","D3","9",-133.48044992743,2.84931785195935
"734","20230622","4","4","A4","9",-252.593063625452,3.34994093637456
"735","20230622","4","10","B4","9",112.514655565833,1.16935676842431
"736","20230622","4","16","C4","9",491.74237456446,-2.1631149825784
"737","20230622","4","22","D4","9",-140.128342401501,2.89278799249531
"738","20230622","4","5","A5","9",27.1555040526858,1.09727963525835
"739","20230622","4","11","B5","9",-341.850867346938,4.00836734693877
"740","20230622","4","17","C5","9",-271.683783663703,3.84215857826383
"741","20230622","4","23","D5","9",406.634454209067,-1.239486586494
"742","20230622","4","6","A6","9",-33.6452438672441,1.9435266955267
"743","20230622","4","12","B6","9",-177.77953757503,2.58941080432173
"744","20230622","4","18","C6","9",692.4860153959,-2.83648826979476
"745","20230622","4","24","D6","9",294.250321428571,-0.4924693877551
"746","20230622","4","1","A1","10",150.833797102341,0.489106401304251
"747","20230622","4","7","B1","10",109.830019351715,0.839090469279165
"748","20230622","4","13","C1","10",345.537399279712,-0.655615846338535
"749","20230622","4","19","D1","10",362.010185630585,-0.730888683317888
"750","20230622","4","2","A2","10",787.275972024647,-3.16359412043617
"751","20230622","4","8","B2","10",268.222934204157,0.333181744879881
"752","20230622","4","14","C2","10",37.8969956458619,1.58034833091438
"753","20230622","4","20","D2","10",-12.2786605623503,1.9340701725954
"754","20230622","4","3","A3","10",236.055048379297,0.298213191420721
"755","20230622","4","9","B3","10",241.367485645935,0.257964456596023
"756","20230622","4","15","C3","10",252.486708295621,0.228655203619939
"757","20230622","4","21","D3","10",250.585816816817,0.427135135135133
"758","20230622","4","4","A4","10",503.281206035614,-1.5935366912723
"759","20230622","4","10","B4","10",307.91387150308,-0.028724513987662
"760","20230622","4","16","C4","10",138.514186046513,0.416744186046501
"761","20230622","4","22","D4","10",8.02118461538529,1.86591493212669
"762","20230622","4","5","A5","10",151.819208211146,0.38079912023459
"763","20230622","4","11","B5","10",160.56772346965,0.781179885597197
"764","20230622","4","17","C5","10",529.627812711024,-1.22449720444053
"765","20230622","4","23","D5","10",123.024100769164,0.810339642208974
"766","20230622","4","6","A6","10",-4.37632467532144,1.67741991341989
"767","20230622","4","12","B6","10",140.571082777078,0.485434802670025
"768","20230622","4","18","C6","10",425.228613294448,-0.884780811927779
"769","20230622","4","24","D6","10",769.554075855692,-3.11446438482888
"770","20230622","4","1","A1","11",231.96101871102,0.048140934456716
"771","20230622","4","7","B1","11",397.179251559255,-0.808920013130556
"772","20230622","4","13","C1","11",437.915984555985,-1.1517528957529
"773","20230622","4","19","D1","11",416.172854122622,-1.00968287526427
"774","20230622","4","2","A2","11",93.4037282230007,1.19250174216026
"775","20230622","4","8","B2","11",-81.2392773109254,2.21915966386555
"776","20230622","4","14","C2","11",358.282338709678,-0.339677419354844
"777","20230622","4","20","D2","11",-135.295993927138,2.58102834008104
"778","20230622","4","3","A3","11",106.525434384164,1.05070381231672
"779","20230622","4","9","B3","11",199.234411041788,0.447736812251829
"780","20230622","4","15","C3","11",772.003897435905,-2.53661538461542
"781","20230622","4","21","D3","11",378.618426916225,-0.262232620320876
"782","20230622","4","4","A4","11",23.3326364477321,1.29160962072156
"783","20230622","4","10","B4","11",-122.606848484853,2.43575230566537
"784","20230622","4","16","C4","11",71.3112773109252,0.763818487394954
"785","20230622","4","22","D4","11",138.728577760893,1.02141337386017
"786","20230622","4","5","A5","11",155.973095492744,0.302056531703582
"787","20230622","4","11","B5","11",101.473707692313,1.07206153846151
"788","20230622","4","17","C5","11",8.65418226601294,1.77164532019703
"789","20230622","4","23","D5","11",-63.71980909481,1.8355057915058
"790","20230622","4","6","A6","11",568.282978424013,-1.66397748592869
"791","20230622","4","12","B6","11",159.017007692314,0.318676923076886
"792","20230622","4","18","C6","11",563.938698916903,-1.51080787618515
"793","20230622","4","24","D6","11",400.090302521005,-0.912134453781491
"794","20230622","4","1","A1","1",186.740842570365,0.0803849285043416
"795","20230622","4","7","B1","1",195.056825474587,-0.573816464001399
"796","20230622","4","13","C1","1",189.497850931677,-0.412924853468635
"797","20230622","4","19","D1","1",190.722543403964,-0.661353930280245
"798","20230622","4","2","A2","1",189.323767940979,-0.604528504359491
"799","20230622","4","8","B2","1",201.854562374245,-0.748336686787388
"800","20230622","4","14","C2","1",196.183162876785,-0.552662083553676
"801","20230622","4","20","D2","1",203.831154520918,-0.799991902834004
"802","20230622","4","3","A3","1",192.41845074224,-0.673012145748986
"803","20230622","4","9","B3","1",190.30674568618,-0.424389614578292
"804","20230622","4","15","C3","1",200.219893267652,-0.298454757583618
"805","20230622","4","21","D3","1",202.07571873254,-0.423551759916993
"806","20230622","4","4","A4","1",199.404628872005,-0.700409117475162
"807","20230622","4","10","B4","1",194.007680866602,-0.51676046738072
"808","20230622","4","16","C4","1",189.474046973803,-0.0977864846921562
"809","20230622","4","22","D4","1",193.216775775852,-0.550648547543611
"810","20230622","4","5","A5","1",188.876815994076,-0.0306369492780469
"811","20230622","4","11","B5","1",198.20018419104,-1.04641614216957
"812","20230622","4","17","C5","1",204.428402451034,-1.09380895065106
"813","20230622","4","23","D5","1",192.472094530208,0.187436630455489
"814","20230622","4","6","A6","1",202.407984693878,-0.27024081632653
"815","20230622","4","12","B6","1",201.081558766324,-0.635825507085299
"816","20230622","4","18","C6","1",203.689051799824,-0.856821773485511
"817","20230622","4","24","D6","1",200.545676212741,-0.773187609585045
"818","20230622","4","1","A1","2",186.73458363569,0.0765654202147381
"819","20230622","4","7","B1","2",187.32170998632,-0.0920320500293125
"820","20230622","4","13","C1","2",173.75824132677,0.101628223159871
"821","20230622","4","19","D1","2",199.284299526229,-0.567683452312046
"822","20230622","4","2","A2","2",193.712657634806,-0.405919250395392
"823","20230622","4","8","B2","2",176.573485628296,0.226717080387969
"824","20230622","4","14","C2","2",191.436825321949,-0.0446772017547994
"825","20230622","4","20","D2","2",183.306631229236,0.440578463943719
"826","20230622","4","3","A3","2",185.012333455121,-0.115104128607966
"827","20230622","4","9","B3","2",173.433602320675,0.221773558368498
"828","20230622","4","15","C3","2",181.057438084653,0.169939427618785
"829","20230622","4","21","D3","2",199.668001204456,-0.170095754290874
"830","20230622","4","4","A4","2",208.115069632641,-0.58346251129178
"831","20230622","4","10","B4","2",192.586201048951,-0.210566433566434
"832","20230622","4","16","C4","2",192.282962025317,-0.191189873417722
"833","20230622","4","22","D4","2",165.094015533091,0.588168081434258
"834","20230622","4","5","A5","2",207.537046335106,-0.52164171744567
"835","20230622","4","11","B5","2",148.841356953992,0.776791115811744
"836","20230622","4","17","C5","2",181.612811876447,0.109644824008299
"837","20230622","4","23","D5","2",191.256458015668,0.0219307008780698
"838","20230622","4","6","A6","2",186.30639083684,0.275694548058847
"839","20230622","4","12","B6","2",176.252985915493,0.138206572769954
"840","20230622","4","18","C6","2",201.633946344735,-0.405337357478199
"841","20230622","4","24","D6","2",190.171202720289,-0.0631778682674914
"842","20230622","4","1","A1","3",235.594788405797,-0.801634782608701
"843","20230622","4","7","B1","3",251.595502898552,-1.2065043478261
"844","20230622","4","13","C1","3",101.83547645532,1.45969299221358
"845","20230622","4","19","D1","3",35.1705263157892,2.85178947368421
"846","20230622","4","2","A2","3",125.625251270469,1.20261998870694
"847","20230622","4","8","B2","3",204.256555618294,-0.265657820440417
"848","20230622","4","14","C2","3",252.155726495727,-1.13293675213675
"849","20230622","4","20","D2","3",149.714863654864,0.867252747252738
"850","20230622","4","3","A3","3",85.3232,2.0464
"851","20230622","4","9","B3","3",180.18378817734,-0.00135960591132404
"852","20230622","4","15","C3","3",255.254160683761,-1.22877264957265
"853","20230622","4","21","D3","3",101.013098550725,1.71248695652173
"854","20230622","4","4","A4","3",29.5263116883117,2.98924675324675
"855","20230622","4","10","B4","3",153.908974358974,0.631671794871797
"856","20230622","4","16","C4","3",238.43320470717,-0.975128626163098
"857","20230622","4","22","D4","3",163.473612903226,0.439870967741933
"858","20230622","4","5","A5","3",250.874669565218,-1.13673043478262
"859","20230622","4","11","B5","3",208.319658119659,-0.446140170940184
"860","20230622","4","17","C5","3",151.420295566503,0.776704980842908
"861","20230622","4","23","D5","3",189.448796992481,0.0404812030075186
"862","20230622","4","6","A6","3",196.388008695653,-0.00819130434784428
"863","20230622","4","12","B6","3",207.388660098522,-0.55525123152709
"864","20230622","4","18","C6","3",110.081106719368,1.45035573122529
"865","20230622","4","24","D6","3",147.054703557313,0.824438170525116
"866","20230622","4","1","A1","4",352.023680672268,-2.54172039724979
"867","20230622","4","7","B1","4",178.662022818378,0.150662966389147
"868","20230622","4","13","C1","4",337.839490553307,-2.34327935222673
"869","20230622","4","19","D1","4",212.735412272587,-0.311486894850448
"870","20230622","4","2","A2","4",217.749182238667,-0.405135985198884
"871","20230622","4","8","B2","4",164.622460684552,0.611347517730493
"872","20230622","4","14","C2","4",111.751740887132,1.36860079051384
"873","20230622","4","20","D2","4",194.623597103107,0.0620362111682828
"874","20230622","4","3","A3","4",111.860047908232,1.13197570850202
"875","20230622","4","9","B3","4",106.40003629764,1.3296551724138
"876","20230622","4","15","C3","4",176.370518038853,0.465633672525441
"877","20230622","4","21","D3","4",194.587044897959,0.152489795918369
"878","20230622","4","4","A4","4",155.955041928721,0.496394129979034
"879","20230622","4","10","B4","4",111.294089900111,1.34462904465124
"880","20230622","4","16","C4","4",166.463265306122,0.281632653061232
"881","20230622","4","22","D4","4",282.521514935989,-1.37379800853485
"882","20230622","4","5","A5","4",125.85242775264,0.788709502262442
"883","20230622","4","11","B5","4",268.338069686411,-1.30335888501742
"884","20230622","4","17","C5","4",331.292508710801,-2.05017421602787
"885","20230622","4","23","D5","4",359.649460887949,-2.54312896405919
"886","20230622","4","6","A6","4",160.01593379791,0.449972125435536
"887","20230622","4","12","B6","4",205.467374118544,-0.51124680769964
"888","20230622","4","18","C6","4",191.51381512605,0.217770308123249
"889","20230622","4","24","D6","4",233.663000322529,-0.678409933881633
"890","20230622","4","1","A1","5",176.075633001422,0.21584637268848
"891","20230622","4","7","B1","5",160.807732760716,0.443565351268134
"892","20230622","4","13","C1","5",122.961702593281,0.830471605208449
"893","20230622","4","19","D1","5",272.172209677419,-0.763935483870965
"894","20230622","4","2","A2","5",135.351816135085,0.723913696060032
"895","20230622","4","8","B2","5",55.3193627302934,1.96654787073391
"896","20230622","4","14","C2","5",86.6852720450275,1.66889681050657
"897","20230622","4","20","D2","5",142.903421423537,0.921262861169842
"898","20230622","4","3","A3","5",337.682284019281,-1.57325027808677
"899","20230622","4","9","B3","5",70.7392796022203,1.74019888991674
"900","20230622","4","15","C3","5",134.691667247388,0.95422299651567
"901","20230622","4","21","D3","5",122.615967395967,1.16800514800515
"902","20230622","4","4","A4","5",145.055149359887,0.597031768610705
"903","20230622","4","10","B4","5",110.253799456358,1.18360012080942
"904","20230622","4","16","C4","5",96.6263709677415,1.08889296187684
"905","20230622","4","22","D4","5",73.4976900845421,1.62637387569889
"906","20230622","4","5","A5","5",236.868246225319,-0.629547038327527
"907","20230622","4","11","B5","5",60.8251012145743,1.68773279352227
"908","20230622","4","17","C5","5",199.434552214502,0.242622666087718
"909","20230622","4","23","D5","5",663.085084615385,-5.3607076923077
"910","20230622","4","6","A6","5",190.770731421523,0.133510946654332
"911","20230622","4","12","B6","5",124.624866310161,0.502834224598926
"912","20230622","4","18","C6","5",198.756071746881,0.199919786096253
"913","20230622","4","24","D6","5",260.736370656371,-0.781462033462032
"914","20230622","4","1","A1","6",124.776872420263,0.729590994371478
"915","20230622","4","7","B1","6",170.086420454545,0.317485337243405
"916","20230622","4","13","C1","6",285.823636363638,-0.821363636363651
"917","20230622","4","19","D1","6",192.503861003861,0.193240669240673
"918","20230622","4","2","A2","6",100.056963585434,1.08296918767507
"919","20230622","4","8","B2","6",277.337323555628,-0.540516975933882
"920","20230622","4","14","C2","6",223.649433651026,0.116517595307922
"921","20230622","4","20","D2","6",127.045887096775,0.977451612903217
"922","20230622","4","3","A3","6",-78.4848347338944,2.99584313725491
"923","20230622","4","9","B3","6",113.188200348433,1.11124041811846
"924","20230622","4","15","C3","6",216.123726480836,0.135114982578396
"925","20230622","4","21","D3","6",121.069155058654,1.09787390029322
"926","20230622","4","4","A4","6",218.52683443127,-0.0607957839262296
"927","20230622","4","10","B4","6",146.955663865544,0.765848739495819
"928","20230622","4","16","C4","6",297.452000000001,-1.17913846153848
"929","20230622","4","22","D4","6",252.945662878789,-0.408114973262046
"930","20230622","4","5","A5","6",203.409452894191,-0.2427924280556
"931","20230622","4","11","B5","6",368.218013276435,-1.76948316737792
"932","20230622","4","17","C5","6",193.773712660028,0.429577999051688
"933","20230622","4","23","D5","6",423.024914728682,-2.20808174770965
"934","20230622","4","6","A6","6",297.649812807881,-0.92673891625615
"935","20230622","4","12","B6","6",374.000649193546,-2.07985483870966
"936","20230622","4","18","C6","6",276.307242240217,-0.518064777327948
"937","20230622","4","24","D6","6",570.841110122357,-3.95143937708564
"938","20230622","4","1","A1","7",82.2767905992188,0.988415110725138
"939","20230622","4","7","B1","7",272.319714285714,-0.551575510204077
"940","20230622","4","13","C1","7",20.6630459183676,1.68419183673469
"941","20230622","4","19","D1","7",122.635774875022,0.815565231414269
"942","20230622","4","2","A2","7",254.847974962292,-0.34735565610859
"943","20230622","4","8","B2","7",-44.385549838003,2.62607204116638
"944","20230622","4","14","C2","7",403.603339901477,-1.46066995073891
"945","20230622","4","20","D2","7",101.555130612245,1.32804897959184
"946","20230622","4","3","A3","7",79.8291049717771,1.26097047329569
"947","20230622","4","9","B3","7",82.369718250377,1.41432398190045
"948","20230622","4","15","C3","7",345.8286019889,-0.867728954671609
"949","20230622","4","21","D3","7",115.204161616782,1.14248361992064
"950","20230622","4","4","A4","7",60.381295758749,1.35568779229156
"951","20230622","4","10","B4","7",60.9538780487803,1.54331707317073
"952","20230622","4","16","C4","7",137.336063782479,0.398505812845432
"953","20230622","4","22","D4","7",-51.6197310167322,2.67302960102961
"954","20230622","4","5","A5","7",120.352736702808,0.544659779731925
"955","20230622","4","11","B5","7",225.569165945167,-0.00508513708514794
"956","20230622","4","17","C5","7",-78.9189386892175,2.94197885835095
"957","20230622","4","23","D5","7",81.1234594268471,1.16380814479638
"958","20230622","4","6","A6","7",-29.8119657645356,2.23863228890976
"959","20230622","4","12","B6","7",-57.2915251885367,2.11045067873303
"960","20230622","4","18","C6","7",-17.1608669301714,2.33696442687747
"961","20230622","4","24","D6","7",-94.3441690276103,2.69845090036014
"962","20230622","4","1","A1","8",-119.187666585636,2.49036868973341
"963","20230622","4","7","B1","8",308.842916281223,-0.753589269195203
"964","20230622","4","13","C1","8",91.9186486486496,1.0054054054054
"965","20230622","4","19","D1","8",21.9721896707941,1.5240229537904
"966","20230622","4","2","A2","8",215.372902064121,0.225660079051372
"967","20230622","4","8","B2","8",157.502897468897,0.869014157014161
"968","20230622","4","14","C2","8",39.8380576938645,1.55993193420307
"969","20230622","4","20","D2","8",-170.578025510204,3.28788163265306
"970","20230622","4","3","A3","8",-144.554209065681,2.899969164354
"971","20230622","4","9","B3","8",-5.95306632653012,1.88019183673469
"972","20230622","4","15","C3","8",688.908092691624,-3.51679144385028
"973","20230622","4","21","D3","8",-72.1053911806529,2.6509815078236
"974","20230622","4","4","A4","8",448.583779824826,-1.6777227423739
"975","20230622","4","10","B4","8",-113.171590902952,2.77635523863544
"976","20230622","4","16","C4","8",435.252121407121,-1.94491634491634
"977","20230622","4","22","D4","8",283.35033826638,-0.123745092117144
"978","20230622","4","5","A5","8",-362.929474747476,4.29624242424244
"979","20230622","4","11","B5","8",590.790991289199,-2.91301045296168
"980","20230622","4","17","C5","8",396.32496103896,-0.957598166539331
"981","20230622","4","23","D5","8",239.352176916218,-0.204639037433134
"982","20230622","4","6","A6","8",-475.964907219839,5.57080949679931
"983","20230622","4","12","B6","8",187.487268847797,-0.125396651712458
"984","20230622","4","18","C6","8",202.673311374615,0.40831093544138
"985","20230622","4","24","D6","8",558.194980957786,-2.66332712097887
"986","20230622","4","1","A1","9",314.022085271318,-0.716704721634954
"987","20230622","4","7","B1","9",-25.7198715102889,1.79548877315804
"988","20230622","4","13","C1","9",53.3833458646623,1.18531510594668
"989","20230622","4","19","D1","9",112.379428571428,0.749688311688314
"990","20230622","4","2","A2","9",-195.257235209235,3.06745743145743
"991","20230622","4","8","B2","9",354.134826640863,-0.477874536365095
"992","20230622","4","14","C2","9",28.4023552920502,1.65251646903821
"993","20230622","4","20","D2","9",344.804911884753,-0.511592797118845
"994","20230622","4","3","A3","9",-180.502504415221,2.99453859348199
"995","20230622","4","9","B3","9",157.306515837107,0.65402714932125
"996","20230622","4","15","C3","9",564.679257315233,-1.99774841628959
"997","20230622","4","21","D3","9",-133.48044992743,2.84931785195935
"998","20230622","4","4","A4","9",-252.593063625452,3.34994093637456
"999","20230622","4","10","B4","9",112.514655565833,1.16935676842431
"1000","20230622","4","16","C4","9",491.74237456446,-2.1631149825784
"1001","20230622","4","22","D4","9",-140.128342401501,2.89278799249531
"1002","20230622","4","5","A5","9",27.1555040526858,1.09727963525835
"1003","20230622","4","11","B5","9",-341.850867346938,4.00836734693877
"1004","20230622","4","17","C5","9",-271.683783663703,3.84215857826383
"1005","20230622","4","23","D5","9",406.634454209067,-1.239486586494
"1006","20230622","4","6","A6","9",-33.6452438672441,1.9435266955267
"1007","20230622","4","12","B6","9",-177.77953757503,2.58941080432173
"1008","20230622","4","18","C6","9",692.4860153959,-2.83648826979476
"1009","20230622","4","24","D6","9",294.250321428571,-0.4924693877551
"1010","20230622","4","1","A1","10",150.833797102341,0.489106401304251
"1011","20230622","4","7","B1","10",109.830019351715,0.839090469279165
"1012","20230622","4","13","C1","10",345.537399279712,-0.655615846338535
"1013","20230622","4","19","D1","10",362.010185630585,-0.730888683317888
"1014","20230622","4","2","A2","10",787.275972024647,-3.16359412043617
"1015","20230622","4","8","B2","10",268.222934204157,0.333181744879881
"1016","20230622","4","14","C2","10",37.8969956458619,1.58034833091438
"1017","20230622","4","20","D2","10",-12.2786605623503,1.9340701725954
"1018","20230622","4","3","A3","10",236.055048379297,0.298213191420721
"1019","20230622","4","9","B3","10",241.367485645935,0.257964456596023
"1020","20230622","4","15","C3","10",252.486708295621,0.228655203619939
"1021","20230622","4","21","D3","10",250.585816816817,0.427135135135133
"1022","20230622","4","4","A4","10",503.281206035614,-1.5935366912723
"1023","20230622","4","10","B4","10",307.91387150308,-0.028724513987662
"1024","20230622","4","16","C4","10",138.514186046513,0.416744186046501
"1025","20230622","4","22","D4","10",8.02118461538529,1.86591493212669
"1026","20230622","4","5","A5","10",151.819208211146,0.38079912023459
"1027","20230622","4","11","B5","10",160.56772346965,0.781179885597197
"1028","20230622","4","17","C5","10",529.627812711024,-1.22449720444053
"1029","20230622","4","23","D5","10",123.024100769164,0.810339642208974
"1030","20230622","4","6","A6","10",-4.37632467532144,1.67741991341989
"1031","20230622","4","12","B6","10",140.571082777078,0.485434802670025
"1032","20230622","4","18","C6","10",425.228613294448,-0.884780811927779
"1033","20230622","4","24","D6","10",769.554075855692,-3.11446438482888
"1034","20230622","4","1","A1","11",231.96101871102,0.048140934456716
"1035","20230622","4","7","B1","11",397.179251559255,-0.808920013130556
"1036","20230622","4","13","C1","11",437.915984555985,-1.1517528957529
"1037","20230622","4","19","D1","11",416.172854122622,-1.00968287526427
"1038","20230622","4","2","A2","11",93.4037282230007,1.19250174216026
"1039","20230622","4","8","B2","11",-81.2392773109254,2.21915966386555
"1040","20230622","4","14","C2","11",358.282338709678,-0.339677419354844
"1041","20230622","4","20","D2","11",-135.295993927138,2.58102834008104
"1042","20230622","4","3","A3","11",106.525434384164,1.05070381231672
"1043","20230622","4","9","B3","11",199.234411041788,0.447736812251829
"1044","20230622","4","15","C3","11",772.003897435905,-2.53661538461542
"1045","20230622","4","21","D3","11",378.618426916225,-0.262232620320876
"1046","20230622","4","4","A4","11",23.3326364477321,1.29160962072156
"1047","20230622","4","10","B4","11",-122.606848484853,2.43575230566537
"1048","20230622","4","16","C4","11",71.3112773109252,0.763818487394954
"1049","20230622","4","22","D4","11",138.728577760893,1.02141337386017
"1050","20230622","4","5","A5","11",155.973095492744,0.302056531703582
"1051","20230622","4","11","B5","11",101.473707692313,1.07206153846151
"1052","20230622","4","17","C5","11",8.65418226601294,1.77164532019703
"1053","20230622","4","23","D5","11",-63.71980909481,1.8355057915058
"1054","20230622","4","6","A6","11",568.282978424013,-1.66397748592869
"1055","20230622","4","12","B6","11",159.017007692314,0.318676923076886
"1056","20230622","4","18","C6","11",563.938698916903,-1.51080787618515
"1057","20230622","4","24","D6","11",400.090302521005,-0.912134453781491
